"ref_align"	"read_align"	"freq_yll077"	"freq_yll078"	"freq_yll079"	"freq_yll080"
"ATGCTCTGGC-TTCCGGCTGG"	"ATGCTCTGGCATTCCGGCTGG"	0.44416926675739854	0.21256092816807617	0.18065071312226705	0.2489486288229746
"ATGCTCTGGCTTCCGGCTGG"	"ATGCTCTGGCTTCCGGCTGG"	0.07097913068453415	0.06924906059035102	0.044852150459165505	0.0547162857159058
"ATGCTCTGGCTTCCGGCTGG"	"ATGCTCT-------GGCTGG"	0.010067245798924148	0.09594591038554053	0.07440267617885561	0.09857901869503337
"ATGCTCTGGC--TTCCGGCTGG"	"ATGCTCTGGCCATTCCGGCTGG"	0.0070268808507713155	0.008155042860277156	0.005014916311029897	0.009214453258636365
"ATGCTCTGGCTTCCGGCTGG"	"ATGCT-----------CTGG"	0.0014218921249522728	0.007184080712716051	0.0066402395950703194	0.008819043190800478
"ATGCTCTGGC--TTCCGGCTGG"	"ATGCTCTGGCTATTCCGGCTGG"	0.0016093981227620938	0.00348342936522742	0.002900594901015243	0.0026792245275208807
"ATGCTCTGGCTTCCGGCTGG"	"ATGCTCTGG---CCGGCTGG"	0.001159746716036062	0.004145319494818099	0.001999894914442842	0.004642855117744121
"ATGCTCTGGC--TTCCGGCTGG"	"ATGCTCTGGCAATTCCGGCTGG"	0.0024153449554534297	0.007519299821143845	0.001777113533268336	0.002417444917600851
"ATGCTCTGGC--TTCCGGCTGG"	"ATGCTCTGGCTTTTCCGGCTGG"	0.0008274992462326948	0.002020365566494314	0.0022299155228882182	0.0021203203350779005
"ATGCTCTGGCTTCCGGCTGG"	"ATGC-------TCCGGCTGG"	0.0008095767128667228	0.007503376913493525	0.006611282685986841	0.012394555740155858
"ATGCTCTGGCTTCCGGCTGG"	"ATGCTCTGG-TTCCGGCTGG"	0.0010475607318655156	0.0018877864091111213	0.0013264132547916095	0.0022065091452753978
"ATGCTCTGGCTTCCGGCTGG"	"ATGCTCTGG----CGGCTGG"	0.0005661478736048498	0.003816972378113075	0.0016377000274390065	0.002656165240582077
"ATGCTCTGGC-TTCCGGCTGG"	"ATGCTCTGGCCTTCCGGCTGG"	0.0007648838132072736	0.001627991600079581	0.001221094174173473	0.0008773869669666264
"ATGCTCTGGC---TTCCGGCTGG"	"ATGCTCTGGCTTTTTCCGGCTGG"	0.0007362985068261031	0.0014360786605046691	0.0010342754058929645	0.0019832876872858275
"ATGCTCTGGCTTCCGGCTGG"	"AT-------------GCTGG"	0.0004738127966434498	0.015666297422818734	0.010659645394625458	0.017245511471995253
"ATGCTCTGGCTTCCGGCTGG"	"ATGCTCTGGC--CCGGCTGG"	0.0005384700372675261	0.0018753833020992928	0.0008581987167885854	0.0012639135390146124
"ATGCTCTGGC---TTCCGGCTGG"	"ATGCTCTGGCAAATTCCGGCTGG"	0.001219639738929943	0.0016992256606204873	0.0008367145584363269	0.0018630769783261603
"ATGCTCTGGC-TTCCGGCTGG"	"ATGCTCTGGCTTTCCGGCTGG"	0.0029312416753802697	0.003217265393135752	0.0008346128472931712	0.0031746211756078107
"ATGCTCTGGC----TTCCGGCTGG"	"ATGCTCTGGCAAAATTCCGGCTGG"	0.00034098186897539145	0.002106014048697615	0.0005329005365201501	0.0010960721717879075
"ATGCTCTGGC-TTCCGGCTGG"	"ATGCTCTGGCGTTCCGGCTGG"	0.00044091700755400753	0.001556589929984461	0.0009410995452130609	0.00037669802351669246
"ATGCTCTGGCTTCCGGCTGG"	"ATGC-----------GCTGG"	0.00021983461812185917	0.000684852638517983	0.0005492471787446946	0.001283192614979842
"ATGCTCTGGCTTCCGGCTGG"	"ATGCTCT--------GCTGG"	0.0002145032316142599	0.003395769568373552	0.0028510879274209087	0.0031980584836439722
"ATGCTCTGGCTTCCGGCTGG"	"A----------TCCGGCTGG"	0.00020281955479973385	0.00083268426533464	0.00089299371238083	0.0017604442503936144
"ATGCTCTGGCTTCCGGCTGG"	"ATGCTCTGGC------CTGG"	0.0004344512834915999	0.001784036095052719	0.0003913853195476651	0.0006810050068894345
"ATGCTCTGGCTTCCGGCTGG"	"ATGCTCTGGC-TCCGGCTGG"	0.0001870522627878977	0.001528766743984954	0.0012815767504042875	0.0005577701291509079
"ATGCTCTGGCTTCCGGCTGG"	"A----------------TGG"	0.00016289087287047976	0.00416040435469735	0.000748209166963436	0.0007957344099374186
"ATGCTCTGGCTTCCGGCTGG"	"ATGCTCTGGC-----GCTGG"	0.00015540424500874462	0.0003459461198974833	0.0012313692064289008	0.0003850144876585562
"ATGCTCTGGCTTCCGGCTGG"	"ATGCTCTG------GGCTGG"	0.000139977254263351	0.002177918547455377	0.0022775543087997477	0.005556154088959705
"ATGCTCTGGC---TTCCGGCTGG"	"ATGCTCTGGCTTATTCCGGCTGG"	0.0007112296468648385	0.0014484817675164974	0.0002790605351190094	0.0003264212175681525
"ATGCTCTGGC--TTCCGGCTGG"	"ATGCTCTGGCCCTTCCGGCTGG"	0.0011074537547593967	0.0017815219517395107	0.0002435649691457128	0.000798191547070242
"ATGCTCTGGC---TTCCGGCTGG"	"ATGCTCTGGCCCATTCCGGCTGG"	0.0004556633957665161	0.00017129696440660268	0.0007902433898265504	0.00023777527023783197
"ATGCTCTGGCTTCCGGCTGG"	"ATGCTCTG----CCGGCTGG"	0.00011547556307949052	0.0013159026101333049	0.00036312898084523814	0.0008539496589304649
"ATGCTCTGGCTTCCGGCTGG"	"ATGCTCTGGC--------GG"	0.0001403175555297935	0.0006352402104706695	0.00021484158352258465	0.00027501034832754016
"ATGCTCTGGCTTCCGGCTGG"	"ATGCTCTG----------GG"	0.00036400892133800104	0.001552902519791755	0.000214608060062234	0.0021409224848838813
"ATGCTCTGGCTTCCGGCTGG"	"ATG-------TTCCGGCTGG"	0.0001019769461772711	0.0014623933605162507	0.0008068235555114456	0.0011361424081077964
"ATGCTCTGGCTTCCGGCTGG"	"ATGCTC----TTCCGGCTGG"	9.7212728447076e-05	0.001531951325515018	0.0007510114484876437	0.002888837226005583
"ATGCTCTGGCTTCCGGCTGG"	"ATGCTCT------CGGCTGG"	0.0004041644707782168	0.00026985138228437407	0.0001480538738623029	0.0010915359186196181
"ATGCTCTGGC----TTCCGGCTGG"	"ATGCTCTGGCCCCATTCCGGCTGG"	0.00022403166707465007	0.0002805783937540635	0.00014198226389318638	0.0009323890366321344
"ATGCTCTGGC--TTCCGGCTGG"	"ATGCTCTGGCGGTTCCGGCTGG"	6.386320433571037e-05	0.0007384876958664299	0.00027579120667410047	0.0008276771926641226
"ATGCTCTGGC--TTCCGGCTGG"	"ATGCTCTGGCGATTCCGGCTGG"	0.00016958346444384905	0.0006333965053743166	5.2075731658191714e-05	0.0002336170381669001
"ATGCTCTGGCTTCCGGCTGG"	"ATG---------CCGGCTGG"	2.506885996126464e-05	0.002167526755094115	0.00041380357174132607	0.001857973693511835
"ATGCTCTGGCTTCCGGCTGG"	"ATGCTCTG--TTCCGGCTGG"	0.0004715441215338331	2.128641338516491e-05	0.0004929680248001915	0.00031319047916064197
"ATGCTCTGGCTTCCGGCTGG"	"ATGCTCTG---TCCGGCTGG"	0.00019363142060578617	0.0002036456083698848	4.4602980926971375e-05	1.7956002124478567e-05
"ATGCTCTGGC--TTCCGGCTGG"	"ATGCTCTGGCTGTTCCGGCTGG"	0.00038499416610195564	1.910748918038425e-05	0.00013497656008266731	1.5309854442976464e-05
"ATGCTCTGGC--TTCCGGCTGG"	"ATGCTCTGGCCGTTCCGGCTGG"	1.5426990745393624e-05	1.8604660517742562e-05	1.1909696477882409e-05	2.0980170903338115e-05
