"ref_align"	"read_align"	"freq_yll065"	"freq_yll066"	"freq_yll067"	"freq_yll068"
"CCAGCCGGAA-GCCAGAGCAT"	"CCAGCCGGAATGCCAGAGCAT"	0.3048236122131046	0.4011973305840609	0.535810418105602	0.3324222643457212
"CCAGCCGGAAGCCAGAGCAT"	"CCAGCCGGAAGCCAGAGCAT"	0.07934326753004378	0.07990525875974869	0.08232173993055839	0.08030589224690303
"CCAGCCGGAAGCCAGAGCAT"	"-----------CCAGAGCAT"	0.020116089339234453	0.02170433333807643	0.021067062056016855	0.02209981934358536
"CCAGCCGGAA--GCCAGAGCAT"	"CCAGCCGGAATGGCCAGAGCAT"	0.010119331616420157	0.012430713030025109	0.014555483988944318	0.011500160187953867
"CCAGCCGGAAGCCAGAGCAT"	"CCA-------GCCAGAGCAT"	0.011703302641533308	0.011343853526213598	0.00813988024175279	0.013339540616545636
"CCAGCCGGAAGCCAGAGCAT"	"CC-------------AGCAT"	0.009177489633938997	0.011829201878784508	0.007946068022963952	0.0153480083297736
"CCAGCCGGAAGCCAGAGCAT"	"C----------------CAT"	0.010169151973176088	0.010694738911821053	0.009052568070135797	0.009340681955716931
"CCAGCCGGAAGCCAGAGCAT"	"CCAGC------------CAT"	0.00823380245305947	0.006424656524196918	0.004958284948221621	0.007491289780008543
"CCAGCCGGAAGCCAGAGCAT"	"CCAGCCG-------GAGCAT"	0.0045376064613575915	0.005451890103265882	0.004440209978766847	0.005950871244482415
"CCAGCCGGAA--GCCAGAGCAT"	"CCAGCCGGAATTGCCAGAGCAT"	0.0061993394189733845	0.0028060171812281953	0.0029623918105019667	0.005831842695429304
"CCAGCCGGAA-GCCAGAGCAT"	"CCAGCCGGAAAGCCAGAGCAT"	0.0029625978284650847	0.00293252855884396	0.0021554620918907523	0.003857025576676634
"CCAGCCGGAA--GCCAGAGCAT"	"CCAGCCGGAAAAGCCAGAGCAT"	0.0043312078405115945	0.003171322018024637	0.0024752988423680034	0.0024798541399686743
"CCAGCCGGAA---GCCAGAGCAT"	"CCAGCCGGAATTTGCCAGAGCAT"	0.0024222182975145177	0.0023721530089140072	0.0015421116446900228	0.0023302341413925674
"CCAGCCGGAAGCCAGAGCAT"	"CCAGCCGGAA-------CAT"	0.0018515247928764798	0.0015256392511250846	0.0015251064860703292	0.0023967010180834403
"CCAGCCGGAA--GCCAGAGCAT"	"CCAGCCGGAAGGGCCAGAGCAT"	0.0020750573988501777	0.002340331128654827	0.0013531913208465773	0.0015198388331197493
"CCAGCCGGAAGCCAGAGCAT"	"CCAGCC----------GCAT"	0.001190943766260811	0.0019520007037033683	0.0013531913208465773	0.0038400612273957
"CCAGCCGGAAGCCAGAGCAT"	"CCAGCCGGAATCCAGAGCAT"	0.0011780273774722363	0.002482882803637008	0.0026218227433513906	0.0011972380926954292
"CCAGCCGGAA-GCCAGAGCAT"	"CCAGCCGGAATGCGAGAGCAT"	0.0010161771179582617	0.0014614780616594204	0.0018831466065973028	0.0011118601381176136
"CCAGCCGGAAGCCAGAGCAT"	"CCAGCC--------------"	0.0009913987394658942	0.0010571073393415458	0.0015789173304696336	0.0011666466431724334
"CCAGCCGGAA---GCCAGAGCAT"	"CCAGCCGGAAAAAGCCAGAGCAT"	0.0020075758574241557	0.0011336868235424997	0.0008486272993362164	0.0017976648156058665
"CCAGCCGGAAGCCAGAGCAT"	"CCAGCCG---------GCAT"	0.0017123441136853094	0.0021775997247278	0.00078037371747909	0.001959521393991172
"CCAGCCGGAAGCCAGAGCAT"	"CCAGCC-------------T"	0.0011371694129369495	0.0014167204577176468	0.0013003122659606809	0.0009302581695856472
"CCAGCCGGAA-GCCAGAGCAT"	"CCAGCCGGAAGGCCAGAGCAT"	0.0008139960934513909	0.0022508159207712797	0.0008831035113323075	0.0016741866011675923
"CCAGCCGGAAGCCAGAGCAT"	"CCAGCCGGA---------AT"	0.0008010797046628164	0.0015049420932329348	0.0013962865858416912	0.0015687851523565428
"CCAGCCGGAAGCCAGAGCAT"	"CCAGC-----------GCAT"	0.0007396609579742885	0.0007277638143827137	0.0006003053940130195	0.001013689395557454
"CCAGCCGGAA-GCCAGAGCAT"	"CCAGCCGGAATGCTAGAGCAT"	0.00044232041606587886	0.0005541664025623082	0.000901739301600465	0.00046971780222127295
"CCAGCCGGAAGCCAGAGCAT"	"CCAGCCGGAA-----TGCAT"	0.0008949212232083782	0.0010938447946001115	0.0003713181210930357	0.00040770059091556316
"CCAGCCGGAA-GCCAGAGCAT"	"CCAGCCGGAATGCCAGAGCAG"	0.00038670086434364973	0.0004555961881009452	0.0006084585522553382	0.00039768884379894634
"CCAGCCGGAAGCCAGAGCAT"	"CCAGCCGGAA-------TAT"	0.0005287811410179696	0.0005451113959844926	0.00029654201264205424	0.00039574211519293747
"CCAGCCGGAA----GCCAGAGCAT"	"CCAGCCGGAATTTTGCCAGAGCAT"	0.001420539166972003	0.0003083876525930305	0.00031541075028856355	0.0011277120710522569
"CCAGCCGGAA-GCCAGAGCAT"	"CCATCCGGAATGCCAGAGCAT"	0.00028653295128939826	0.0003971267170556223	0.0005176090746980711	0.00031064226470169445
"CCAGCCGGAA-GCCAGAGCAT"	"CCAGCCGGAATTCCAGAGCAT"	0.00027282576318723756	0.00037022041179582773	0.0005877262355820132	0.00030285535027765913
"CCAGCCGGAA---GCCAGAGCAT"	"CCAGCCGGAATGGGCCAGAGCAT"	0.00124656331798304	0.00025664475786265625	0.0008411729832289535	0.00032621609354976504
"CCAGCCGGAA-GCCAGAGCAT"	"CCAGCCGGAATGCTTGGGTAT"	0.0010754870664772263	0.00023517145654955093	0.0005565112868828496	0.0007453189520148085
"CCAGCCGGAAGCCAGAGCAT"	"CCAGCCGGAAGCCGGAGCAT"	0.0002520013812628011	0.0002455200354956258	0.0002583386425923316	0.0002486250533959846
"CCAGCCGGAAGCCAGAGCAT"	"CCAGC--------------T"	0.00048054238288921164	0.0003963505736346667	0.00019497695568059653	0.0006182253844510893
"CCAGCCGGAA------GCCAGAGCAT"	"CCAGCCGGAATGCTTGGCCAGAGCAT"	0.0003645584835632363	0.00020930000918436382	0.00018216484987123834	0.00036737549836252315
"CCAGCCGGAAGCCAGAGCAT"	"CCAGCCGGAA-CCAGAGCAT"	0.0004660443954734647	0.0005696892709814204	0.0003638638049857727	0.00021191531396838958
"CCAGCCGGAA-GCCAGAGCAT"	"CCAGCCGGAATGCCAGGGCAT"	0.00019901782725252596	0.0002874317802272289	0.0003582730679053255	0.00024250676349138546
"CCAGCCGGAA-GCCAGAGCAT"	"CGAGCCGGAATGCCAGAGCAT"	0.0001874194373199284	0.000265182335493168	0.00035175054131147043	0.00021108100170867151
"CCAGCCGGAAGCCAGAGCAT"	"C----------CCAGAGCAT"	0.00016053226065799775	0.0007099125157007347	0.00024599243153967736	0.0006290714438274242
"CCAGCCGGAA---GCCAGAGCAT"	"CCAGCCGGAAGGGGCCAGAGCAT"	0.0005411703302641534	0.0009750948511939026	0.00014116611128129212	0.0005559300690588068
"CCAGCCGGAAGCCAGAGCAT"	"CCAGCCGG----------AT"	0.00015763266317484837	0.0005427829657216258	0.0007645332957511563	0.0006616096219564289
"CCAGCCGGAA-GCCAGAGCAT"	"CCAGCCGGAGTGCCAGAGCAT"	0.00018082944304004345	0.00022094216049869803	0.0001595689541710975	0.0001599098497792966
"CCAGCCGGAA-GCCAGAGCAT"	"CCAGCCGTAATGCCAGAGCAT"	0.00014497987415746923	0.00021447429865740123	0.00027371316956356146	0.00015851932934643316
"CCAGCCGGAA-GCCAGAGCAT"	"CCAGCCGGAATGCAAGAGCAT"	0.00014445267461507845	0.0002713914828608129	0.00024575948416132536	0.00015601639256727893
"CCAGCCGGAAGCCAGAGCAT"	"------------CAGAGCAT"	0.00044442921423544203	0.0001394471012983586	0.00017424463900727146	0.000502812188523423
"CCAGCCGGAAGCCAGAGCAT"	"CCAGCCG---GCCAGAGCAT"	0.0005741203016635781	0.00028536206443801395	0.00012299621576983868	0.0005016997721771323
"CCAGCCGGAA-GCCAGAGCAT"	"CTAGCCGGAATGCCAGAGCAT"	0.00013970787873356127	0.0001642836907689382	0.000234345062622079	0.00013988635554606292
"CCAGCCGGAA--GCCAGAGCAT"	"CCAGCCGGAATCGCCAGAGCAT"	0.0011867261699216845	0.00012754623551037252	0.000340802014528928	0.0004491380998148939
"CCAGCCGGAA--GCCAGAGCAT"	"CCAGCCGGAACCGCCAGAGCAT"	0.0007523137469916676	0.0005042345091474971	0.00011041705733883245	0.0008832585789548626
"CCAGCCGGAA-GCCAGAGCAT"	"CCAGCCGGAATGCCAGTGCAT"	0.00012178309429227415	0.00015031310919173718	0.00021198211430029014	0.00013404616972803645
"CCAGCCGGAA----GCCAGAGCAT"	"CCAGCCGGAAAAAAGCCAGAGCAT"	0.0004797515835756255	0.0001169389420906458	0.00021547632497556966	0.0011279901751388296
"CCAGCCGGAAGCCAGAGCAT"	"CCAGC------CCAGAGCAT"	0.0002493653835508471	0.0003083876525930305	0.0001036615833666254	0.00023722278584650434
"CCAGCCGGAA-GCCAGAGCAT"	"CCAGCTGGAATGCCAGAGCAT"	0.00011677469863956158	0.00016040297366416015	0.00021920348302920112	0.00013126512886230956
"CCAGCCGGAAGCCAGAGCAT"	"CCAGCCG-------------"	0.0007064473868036682	0.00016324883287433073	0.0001015650569614577	0.00016880918054962266
"CCAGCCGGAA-GCCAGAGCAT"	"CCAGCCGGAATGCCAGAGGAT"	0.00010833950596130883	0.00013634252761453614	0.0001851931657898139	0.0001137445714082301
"CCAGCCGGAAGCCAGAGCAT"	"CCAGCC-----------CAT"	0.0005258815435348202	0.0005854708538741845	9.154831969232311e-05	0.00026697992310978217
"CCAGCCGGAAGCCAGAGCAT"	"CCAGCC--------GAGCAT"	0.00043467602270121227	0.0003981615749502298	0.00019986885062598785	0.00010929490602306706
"CCAGCCGGAA---GCCAGAGCAT"	"CCAGCCGGAATCCGCCAGAGCAT"	0.00014049867804714745	0.00020774772234245258	0.00025950337948409146	0.00010651386515734017
"CCAGCCGGAAGCCAGAGCAT"	"CCAGCC---------AGCAT"	9.990431328305607e-05	0.000417823874947772	0.00019847116635587605	0.0003326124875409369
"CCAGCCGGAA-GCCAGAGCAT"	"CCAGCCGGAACGCCAGAGCAT"	0.0006297398533858073	0.00029312349864757007	8.73552668819877e-05	0.0006084917414210452
"CCAGCCGGAA--GCCAGAGCAT"	"CCAGCCGGAAATGCCAGAGCAT"	0.0005382707327810039	0.00017230383945214623	8.712231950363573e-05	0.000357641855332479
"CCAGCCGGAA-GCCAGAGCAT"	"CCAGCAGGAATGCCAGAGCAT"	9.64775162575159e-05	0.00012263066051098695	0.00016283021746802507	0.00010317661611846789
"CCAGCCGGAA---GCCAGAGCAT"	"CCAGCCGGAACCCGCCAGAGCAT"	0.0007950169099253222	9.417206840928112e-05	0.0001460580062266834	0.0004686053858749822
"CCAGCCGGAA-GCCAGAGCAT"	"CCAGCCGGAATGCCAGAGTAT"	9.48959176303435e-05	0.00014229296050852916	0.00018006832346607063	0.0001028985120318952
"CCAGCCGGAAGCCAGAGCAT"	"CCAGCCGGAAGCCTGAGCAT"	9.46323178591481e-05	0.00010038121577692603	9.783789890782622e-05	9.650211804072333e-05
"CCAGCCGGAA-GCCAGAGCAT"	"CCAGCCGGAATGCCAGCGCAT"	8.962392220643553e-05	0.0001340140973516693	0.00016795505979176834	9.817074256015947e-05
"CCAGCCGGAA-GCCAGAGCAT"	"CCAGCGGGAATGCCAGAGCAT"	9.015112174882632e-05	0.00012728752103672065	0.00017121632308869587	9.344297308842375e-05
"CCAGCCGGAAGCCAGAGCAT"	"CCAG--------CAGAGCAT"	0.0007768285257128397	8.459963288416189e-05	0.00034592685685267126	0.00048640404741563437
"CCAGCCGGAA-GCCAGAGCAT"	"CCAGCCGGACTGCCAGAGCAT"	8.303392792655056e-05	0.00017514969866231682	0.00024319706299945373	0.00012514683895771038
"CCAGCCGGAA-GCCAGAGCAT"	"CCAGCCGGAATACCAGAGCAT"	8.092512975698737e-05	0.00012263066051098695	0.00023597569427054275	9.789263847358679e-05
"CCAGCCGGAA-GCCAGAGCAT"	"CCAGCCGGAATGCCGGAGCAT"	7.881633158742418e-05	0.00010167478814518539	0.00015281348019889046	9.260866082870569e-05
"CCAGCCGGAAGCCAGAGCAT"	"CCATCCGGAAGCCAGAGCAT"	8.461552655372295e-05	8.149505920033943e-05	9.387779347584278e-05	8.259691371208885e-05
"CCAGCCGGAA-GCCAGAGCAT"	"CCAGCCGGAATGCCTGAGCAT"	7.776193250264258e-05	9.779407104040731e-05	0.00012742221595852605	8.67684750106792e-05
"CCAGCCGGAAGCCAGAGCAT"	"CCAGCCGGAAGCCAGGGCAT"	7.907993135861959e-05	8.511706183146563e-05	9.061653017891523e-05	7.564431154777161e-05
"CCAGCCGGAA-GCCAGAGCAT"	"CCAGCCGGAATGCCAGAGCAC"	6.985393936678063e-05	9.417206840928112e-05	0.00012672337382347014	9.010572404955147e-05
"CCAGCCGGAA-GCCAGAGCAT"	"CAAGCCGGAATGCCAGAGCAT"	5.904634874776929e-05	7.425105393808703e-05	0.00010738874142025688	6.0626690872846364e-05
"CCAGCCGGAA-GCCAGAGCAT"	"CCAGCCGGATTGCCAGAGCAT"	5.1401955383102726e-05	6.571347630757529e-05	8.87529511520995e-05	5.562081731453795e-05
"CCAGCCGGAA-GCCAGAGCAT"	"CCAGCCTGAATGCCAGAGCAT"	5.5619551722229105e-05	6.881804999139774e-05	8.73552668819877e-05	5.228356827566567e-05
"CCAGCCGGAA-GCCAGAGCAT"	"CCAGCCGGAATGCCAGAGCGT"	4.771155858636715e-05	6.597219078122716e-05	7.52420032076854e-05	5.172736010252029e-05
"CCAGCCGGAAGCCAGAGCAT"	"CGAGCCGGAAGCCAGAGCAT"	5.166555515429812e-05	5.5106182887848567e-05	5.124842323743278e-05	4.8390111063648013e-05
"CCAGCCGGAAGCCAGAGCAT"	"CCAGCCGGAAGCCATAGCAT"	6.062794737494168e-05	6.053918683453786e-05	5.4975581291064255e-05	4.7555798803929945e-05
"CCAGCCGGAA-GCCAGAGCAT"	"CCAGCCGGAATGCCCGAGCAT"	4.507556087441316e-05	6.441990393931593e-05	8.409400358506016e-05	5.5064609141392566e-05
"CCAGCCGGAA-GCCAGAGCAT"	"CCCGCCGGAATGCCAGAGCAT"	4.4284761560826965e-05	7.347491051713143e-05	8.688937212528375e-05	5.283977644881105e-05
"CCAGCCGGAAGCCAGAGCAT"	"CCAGCCGGAAGCCAGAGCGT"	5.1401955383102726e-05	5.7693327624367283e-05	5.7305055074583926e-05	4.6165278371066496e-05
"CCAGCCGGAA-GCCAGAGCAT"	"CCAGCCGGAATGCCATAGCAT"	4.085796453528678e-05	5.950432893993038e-05	8.106568766648458e-05	4.978063149651146e-05
"CCAGCCGGAA-GCCAGAGCAT"	"CCAGCCGGAATGCCAGAGCCT"	4.639355973039015e-05	5.6399755256107925e-05	8.153158242318851e-05	4.227182115904884e-05
"CCAGCCGGAAGCCAGAGCAT"	"CCAGCCGGAGGCCAGAGCAT"	3.9539965679309794e-05	4.294660262621062e-05	4.169758072500213e-05	4.4774757938203046e-05
"CCAGCCGGAA-GCCAGAGCAT"	"CCAGCCGGAATGACAGAGCAT"	3.9012766136918994e-05	5.433003946689295e-05	6.941831874888622e-05	4.86682151502207e-05
"CCAGCCGGAA-GCCAGAGCAT"	"CCAGCCGGAATCCCAGAGCAT"	0.0001673858547090781	3.570259736395823e-05	0.00014931926952361097	0.00018215817670511178
"CCAGCCGGAA-GCCAGAGCAT"	"CCAGCCGAAATGCCAGAGCAT"	3.584956888257421e-05	5.2519038151329856e-05	6.079926574986343e-05	3.893457212017656e-05
"CCAGCCGGAAGCCAGAGCAT"	"CCAGCCGGAAGCCAGATCAT"	3.980356545050519e-05	3.95833144687363e-05	3.6106843644554914e-05	3.615353125444966e-05
"CCAGCCGGAAGCCAGAGCAT"	"CCAGCCGTAAGCCAGAGCAT"	4.4284761560826965e-05	4.553374736272933e-05	4.053284383324229e-05	3.615353125444966e-05
"CCAGCCGGAA-GCCAGAGCAT"	"CCAGCCGGAATGCCAGAGAAT"	3.5322369340183415e-05	4.2687888152558754e-05	5.078252848072885e-05	3.4763010821586214e-05
"CCAGCCGGAAGCCAGAGCAT"	"CCAGCCGGATGCCAGAGCAT"	4.138516407767758e-05	3.5443882890306355e-05	3.727158053631475e-05	3.4763010821586214e-05
"CCAGCCGGAA-GCCAGAGCAT"	"CCAGCCGGCATGCCAGAGCAT"	3.2949971399424826e-05	5.070803683576676e-05	6.406052904679097e-05	3.7822155773885806e-05
"CCAGCCGGAA-GCCAGAGCAT"	"CCAGCCGGAATGCCAGAGCAA"	3.79583670521374e-05	4.061817236334378e-05	5.9168634101399664e-05	3.365059447529546e-05
"CCAGCCGGAAGCCAGAGCAT"	"CTAGCCGGAAGCCAGAGCAT"	3.136837277225243e-05	3.4150310522047e-05	3.3544422482683274e-05	3.893457212017656e-05
"CCAGCCGGAA-GCCAGAGCAT"	"CCAGCCGGAATGTCAGAGCAT"	3.031397368747084e-05	3.59613118376101e-05	5.2646107507544585e-05	4.032509255304001e-05
"CCAGCCGGAAGCCAGAGCAT"	"CCAGCCGGAAGGCAGAGCAT"	3.505876956898801e-05	3.208059473283203e-05	2.6323053753772292e-05	3.5319218994731595e-05
"CCAGCCGGAA-GCCAGAGCAT"	"CCGGCCGGAATGCCAGAGCAT"	2.9523174373884644e-05	3.9324599995084423e-05	4.7754212562153274e-05	3.281628221557739e-05
"CCAGCCGGAA-GCCAGAGCAT"	"CCAGCCGGAATGNCAGAGCAT"	3.374077071301102e-05	4.682731973098869e-05	5.218021275084065e-05	3.059144952299587e-05
"CCAGCCGGAAGCCAGAGCAT"	"CCAGCCGGACGCCAGAGCAT"	3.084117322986164e-05	2.794116315440209e-05	3.3777369861035244e-05	3.365059447529546e-05
"CCAGCCGGAA-GCCAGAGCAT"	"CCAACCGGAATGCCAGAGCAT"	2.7677975975516854e-05	3.5443882890306355e-05	5.311200226424852e-05	3.3928698561868146e-05
"CCAGCCGGAAGCCAGAGCAT"	"CCAGCTGGAAGCCAGAGCAT"	2.6887176661930658e-05	3.2598023680135776e-05	3.470915937444311e-05	3.559732308130429e-05
"CCAGCCGGAA-GCCAGAGCAT"	"CCAGCCGCAATGCCAGAGCAT"	2.7150776433126058e-05	4.320531709986249e-05	4.938484421061704e-05	2.8088512743841664e-05
"CCAGCCGGAA-GCCAGAGCAT"	"CCAGCCGGAATGGCAGAGCAT"	0.00014102587758953826	2.587144736518712e-05	3.6106843644554914e-05	0.00017409315819450378
"CCAGCCGGAAGCCAGAGCAT"	"CCAGCGGGAAGCCAGAGCAT"	2.794157574671225e-05	3.0528307890920804e-05	2.9584317050699832e-05	2.7532304570696283e-05
"CCAGCCGGAA--GCCAGAGCAT"	"CCAGCCGGAATGGGCAGAGCAT"	2.583277757714906e-05	3.3115452627439514e-05	3.703863315796278e-05	3.003524134985049e-05
"CCAGCCGGAAGCCAGAGCAT"	"CCAGCCGGAAGCCAGAGCCT"	2.451477872117207e-05	2.6130161838838994e-05	2.5391264240364423e-05	2.6141784137832834e-05
"CCAGCCGGAA-GCCAGAGCAT"	"CCAGCCGGAATGACAGAGTAT"	2.4251178949976672e-05	3.4150310522047e-05	4.426000188687377e-05	3.086955360956856e-05
"CCAGCCGGAA-GCCAGAGCAT"	"CCAGCCAGAATGCCAGAGCAT"	2.2142380780413483e-05	3.622002631126197e-05	4.4958844021929664e-05	3.170386586928663e-05
"CCAGCCGGAA-GCCAGAGCAT"	"GCAGCCGGAATGCCAGAGCAT"	2.1615181238022686e-05	5.6399755256107925e-05	6.336168691173507e-05	2.3082639185533248e-05
"CCAGCCGGAAGCCAGAGCAT"	"CCAGCAGGAAGCCAGAGCAT"	2.1351581466827286e-05	2.6647590786142735e-05	2.9817264429051798e-05	2.363884735867863e-05
"CCAGCCGGAAGCCAGAGCAT"	"CCAGCCGG-----AGAGCAT"	0.00011044830413087201	2.0438443418497825e-05	0.0001043604255016813	0.0003490206286487256
"CCAGCCGGAAGCCAGAGCAT"	"-----------CCATAGCAT"	2.056078215324109e-05	2.1732015786757184e-05	2.1198211430029015e-05	2.4195055531824007e-05
"CCAGCCGGAAGCCAGAGCAT"	"CCAGCCGGAAGCCCGAGCAT"	2.1615181238022686e-05	2.3284302628668408e-05	2.306179045684475e-05	2.113591057952442e-05
"CCAGCCGGAA-GCCAGAGCAT"	"CCAGCCGGAATGACGGAGCAT"	1.89791835260687e-05	2.121458683945344e-05	3.3544422482683274e-05	2.4473159618396697e-05
"CCAGCCGGAAGCCAGAGCAT"	"-----------CCAGATCAT"	0.000189791835260687	2.147330131310531e-05	1.653926386298967e-05	2.0023494233233662e-05
"CCAGCCGGAAGCCAGAGCAT"	"CCAG----------------"	2.293318009399968e-05	2.4319160523275894e-05	1.9101685024861307e-05	1.946728606008828e-05
"CCAGCCGGAA-GCCAGAGCAT"	"TCAGCCGGAATGCCAGAGCAT"	1.7397584898896308e-05	3.3115452627439514e-05	3.983400169818639e-05	2.224832692581518e-05
"CCAGCCGGAA-GCCAGAGCAT"	"CCAGCCGGAATGCCAAAGCAT"	1.6343185814114715e-05	2.2508159207712798e-05	3.3311475104331304e-05	2.363884735867863e-05
"CCAGCCGGAA-GCCAGAGCAT"	"CCAGCCGGAATGCCAGATCAT"	2.1878781009218083e-05	2.147330131310531e-05	3.214673821257147e-05	1.7242453367506763e-05
"CCAGCCGGAA-GCCAGAGCAT"	"CCATCCGTAATGCCAGAGCAT"	1.5552386500528518e-05	3.0010878943617062e-05	3.214673821257147e-05	1.974539014666097e-05
"CCAGCCGGAAGCCAGAGCAT"	"CCAGCCGGAAGCGAGAGCAT"	2.082438192443649e-05	2.0438443418497825e-05	0.00010995116258212851	1.6130037021216004e-05
"CCAGCCGGAA--GCCAGAGCAT"	"CCAGCCGGAATGGCCAGAGCAG"	1.5288786729333118e-05	2.0438443418497825e-05	2.306179045684475e-05	1.946728606008828e-05
"CCAGCCGGAA-GCCAGAGCAT"	"CCAGTCGGAATGCCAGAGCAT"	1.502518695813772e-05	2.5095303944231508e-05	2.2595895700140817e-05	6.896981347002705e-05
"CCAGCCGGAA-GCCAGAGCAT"	"CCAGCCGGAATGACAGAGGAT"	1.4761587186942322e-05	2.0697157892149698e-05	2.8652527537291963e-05	1.5573828848070627e-05
"CCAGCCGGAA-GCCAGAGCAT"	"GCAGCCGGTATGCCAGAGCAT"	1.5288786729333118e-05	4.475760394177372e-05	5.544147604776819e-05	1.5573828848070627e-05
"CCAGCCGGAAGCCAGAGCAT"	"CCAGCCGGAAGCCAGAGCTT"	2.3196779865195076e-05	1.9921014471194084e-05	1.9567579781565244e-05	1.5295724761497936e-05
"CCAGCCGGAAGCCAGAGCAT"	"CCA-------GCCAGAGCGT"	1.9506383068459497e-05	1.733386973467537e-05	1.2579158431006229e-05	2.057970240637904e-05
"CCAGCCGGAAGCCAGAGCAT"	"CCAGCCGGGAGCCAGAGCAT"	1.5552386500528518e-05	1.5005439471808531e-05	1.7005158619693603e-05	1.4739516588352555e-05
"CCAGCCGGAAGCCAGAGCAT"	"CCAGCCTGAAGCCAGAGCAT"	1.9506383068459497e-05	1.3711867103549174e-05	1.56074743495818e-05	1.6130037021216004e-05
"CCAGCCGGAAGCCAGAGCAT"	"CAAGCCGGAAGCCAGAGCAT"	1.317998855976993e-05	1.3711867103549174e-05	1.6073369106285734e-05	1.3905204328634487e-05
"CCAGCCGGAAGCCAGAGCAT"	"CCAGCCGGAAGCCAGAGCAA"	1.291638878857453e-05	1.6299011840067888e-05	1.4908632214525899e-05	1.8354869713797522e-05
"CCAGCCGGAA-GCCAGAGCAT"	"CCAGCCGGTATGCCAGAGCAT"	1.2652789017379132e-05	2.0697157892149698e-05	2.4925369483660487e-05	1.6130037021216004e-05
"CCAGCCGGAAGCCAGAGCAT"	"CCAGCCGGAAGCTAGAGCAT"	1.687038535650551e-05	1.293572368259356e-05	1.6073369106285734e-05	1.3070892068916417e-05
"CCAGCCGGAA-GCCAGAGCAT"	"CCAGCCGGAATGCCAGAACAT"	1.2652789017379132e-05	1.5522868419112274e-05	2.0033474538269176e-05	1.3070892068916417e-05
"CCAGCCGGAAGCCAGAGCAT"	"CCAGCCGGAAGCCAGAGCAC"	1.3970787873356125e-05	1.5005439471808531e-05	1.2812105809358195e-05	1.2792787982343728e-05
"CCAGCCGGAA-GCCAGAGCAT"	"GCAGCCGGGATGCCAGAGCAT"	1.1861989703792938e-05	5.2777752624981725e-05	5.846979196634376e-05	1.6408141107788695e-05
"CCAGCCGGAA-GCCAGAGCAT"	"CCAGCCGGAATGACTGAGCAT"	1.2389189246183734e-05	1.5264153945460402e-05	2.0266421916621146e-05	1.2236579809198349e-05
"CCAGCCGGAA--GCCAGAGCAT"	"CCAGCCGGAATGGTCAGAGCAT"	1.502518695813772e-05	1.6299011840067888e-05	1.840284288980541e-05	1.2236579809198349e-05
"CCAGCCGGAA-GCCAGAGCAT"	"CCAGCCGGAATGCCAGAGCTT"	1.133479016140214e-05	1.4229296050852917e-05	1.747105337639754e-05	1.2792787982343728e-05
"CCAGCCGGAA-GCCAGAGCAT"	"CCAGCCGTAATTCCAGAGCAT"	1.133479016140214e-05	2.302558815501654e-05	2.2595895700140817e-05	1.7242453367506763e-05
"CCAGCCGGAAGCCAGAGCAT"	"-----------CGAGAGCAT"	1.291638878857453e-05	1.0866007893378592e-05	1.397684270111803e-05	1.6130037021216004e-05
"CCAGCCGGAAGCCAGAGCAT"	"-----------CCAGAGCGT"	1.2652789017379132e-05	1.0348578946074849e-05	1.2579158431006229e-05	1.3070892068916417e-05
"CCAGCCGGAA-GCCAGAGCAT"	"CCAGCCGGAATGCCAGACCAT"	1.0543990847815945e-05	1.293572368259356e-05	1.7704000754749506e-05	1.08460593763349e-05
"CCAGCCGGAA-GCCAGAGCAT"	"CCAGCCGGAATGGCAGAGTAT"	1.0016791305425147e-05	1.293572368259356e-05	1.56074743495818e-05	1.2236579809198349e-05
"CCAGCCGGAA--GCCAGAGCAT"	"CCATCCGGAATGGCCAGAGCAT"	1.0016791305425147e-05	1.2418294735289818e-05	1.4442737457821965e-05	1.056795528976221e-05
"CCAGCCGGAAGCCAGAGCAT"	"CCCGCCGGAAGCCAGAGCAT"	1.0016791305425147e-05	1.267700920894169e-05	1.234621105265426e-05	1.3070892068916417e-05
