"ref_align"	"read_align"	"freq_yjl089n349"	"freq_yjl090n350"	"freq_yjl091n351"	"freq_yjl092n352"
"GCAGCCGTCC-GGAGGAGTCC"	"GCAGCCGTCCTGGAGGAGTCC"	0.22848089069447616	0.2151704566064807	0.2203750186018964	0.16520908549195557
"GCAGCCGTCCGGAGGAGTCC"	"GCAGCCGTCCGGAGGAGTCC"	0.08808174774576091	0.08249313415976235	0.08270809230386644	0.07037213483176363
"GCAGCCGTCCGGAGGAGTCC"	"GCAGCCGTCC-GAGGAGTCC"	0.014281969815439732	0.013600299425880553	0.014337755370439421	0.011752211649684397
"GCAGCCGTCC--GGAGGAGTCC"	"GCAGCCGTCCTAGGAGGAGTCC"	0.01408504523075776	0.01339247304252729	0.013723628738853704	0.010037862957260764
"GCAGCCGTCCGGAGGAGTCC"	"GCAGCCGTCC--AGGAGTCC"	0.007314832392634419	0.00709929829179154	0.007261277119707492	0.006685420638109131
"GCAGCCGTCCGGAGGAGTCC"	"GCAGCCGTC---------CC"	0.006850356564447399	0.0065665792391860585	0.007271329245808646	0.005698570550344184
"GCAGCCGTCC-GGAGGAGTCC"	"GCAGCCGTCCAGGAGGAGTCC"	0.006773576012353011	0.006543420799786073	0.006550708350745485	0.0052820746500861476
"GCAGCCGTCCGGAGGAGTCC"	"GCAGCCGTCC---GGAGTCC"	0.005515534179760804	0.005332136988839281	0.005696787522601805	0.0047240223847798595
"GCAGCCGTCCGGAGGAGTCC"	"GCAGCCGTCC--------CC"	0.0036765218882176772	0.0041057140039158	0.004265597858576638	0.004105640144845865
"GCAGCCGTCCGGAGGAGTCC"	"GCAGCCGTC-GGAGGAGTCC"	0.003938777921233458	0.0038042046132810425	0.003861036203751934	0.0037693595181151705
"GCAGCCGTCCGGAGGAGTCC"	"GCAGCC----GGAGGAGTCC"	0.003913804563655693	0.0037201147459451746	0.003780692036436189	0.003615585490607398
"GCAGCCGTCC--GGAGGAGTCC"	"GCAGCCGTCCTGGGAGGAGTCC"	0.004341357032214844	0.004083080189356591	0.00408997701778039	0.003159993070478892
"GCAGCCGTCCGGAGGAGTCC"	"GCAGCC----------GTCC"	0.0039433575627376895	0.003691410272514125	0.004157428240749003	0.003136821641676351
"GCAGCCGTCCGGAGGAGTCC"	"GCAGCCG---GGAGGAGTCC"	0.003053046631555605	0.002878766394151542	0.002810443343194372	0.003003606990997015
"GCAGCCGTCCGGAGGAGTCC"	"GCAGCCGTCC-------TCC"	0.0027502893939867733	0.0027246765837749425	0.002995460736650394	0.0025512164410303145
"GCAGCCGTCCGGAGGAGTCC"	"GCAGC-------------CC"	0.0020634147252504903	0.002013135406870547	0.0021217270222783522	0.0020244245396721823
"GCAGCCGTCCGGAGGAGTCC"	"GCAGCCGT--GGAGGAGTCC"	0.0019085655968886488	0.0018657907730182147	0.0019560854660897716	0.0019454731622613427
"GCAGCCGTCCGGAGGAGTCC"	"GCAGCCG------------C"	0.0017836988089998257	0.001754495360367801	0.0018016614998981311	0.0017498220434267965
"GCAGCCGTCCGGAGGAGTCC"	"GCA-------GGAGGAGTCC"	0.0017092080776575534	0.0017387566151445101	0.0017304953607617005	0.001747884069381493
"GCAGCCGTCCGGAGGAGTCC"	"GCAGCC-----GAGGAGTCC"	0.0014976858856808422	0.0015414227286067732	0.0015708996485325098	0.001574393262456286
"GCAGCCGTCCGGAGGAGTCC"	"GCAGCCGTCC----GAGTCC"	0.0017212296366061622	0.0017539707355270246	0.0017752928792559737	0.0014660352354014944
"GCAGCCGTCC--GGAGGAGTCC"	"GCAGCCGTCCTTGGAGGAGTCC"	0.002341484832835572	0.0022055228306238207	0.0023084926115780535	0.0013775625072463377
"GCAGCCGTCCGGAGGAGTCC"	"GCAGCCGTCC------GTCC"	0.0015009059461135051	0.001560159330063072	0.0016781223269448186	0.001351189208281991
"GCAGCCGTCCGGAGGAGTCC"	"GCAGCCGTCC-----AGTCC"	0.0011376831293091116	0.0011201489814633555	0.0011890645396756324	0.0010467587636871524
"GCAGCCGTCCGGAGGAGTCC"	"GCA----------------C"	0.0008590405665360014	0.0009171941144887291	0.0008533380961957875	0.0009876084254348476
"GCAGCCGTCC-GGAGGAGTCC"	"GCAGCCGTCCCGGAGGAGTCC"	0.001475288576449208	0.0014032215562651148	0.0014598892124588964	0.0009560952822633919
"GCAGCCGTCCGGAGGAGTCC"	"GCAGCCGTC--GAGGAGTCC"	0.001008379813713064	0.0009698814377838408	0.0009660238866195931	0.0009558425030400915
"GCAGCCGTCCGGAGGAGTCC"	"----------GGAGGAGTCC"	0.0008915989553551501	0.0009123975445159166	0.0009181670253988818	0.0008912152816162771
"GCAGCCGTCCGGAGGAGTCC"	"GCAG------GGAGGAGTCC"	0.0007793977385014683	0.0007379223117548641	0.0007416720866807946	0.000821111177020953
"GCAGCCGTCCGGAGGAGTCC"	"GCAG---------------C"	0.000640863582998453	0.0006883827375044106	0.0006634403226761615	0.0007323856696424961
"GCAGCCGTCCGGAGGAGTCC"	"GCA--------GAGGAGTCC"	0.0007755336659822726	0.0006658238693510271	0.0006958547872777087	0.0007296050981861911
"GCAGCCGTCCGGAGGAGTCC"	"GCAGCC-------GGAGTCC"	0.0006775007150323083	0.0006502350169393866	0.0006528054646271146	0.0006995243706134379
"GCAGCCGTCCGGAGGAGTCC"	"GCAGCC------AGGAGTCC"	0.0006443698710251306	0.0006785647583413101	0.0007012450577957188	0.000663966759869175
"GCAGCCGTCCGGAGGAGTCC"	"GCAGCCGT-----------C"	0.0007171432368033157	0.0006999244840014906	0.0007370102310976506	0.0006265554348207087
"GCAGCCGTCCGGAGGAGTCC"	"GCAGCCGTC---AGGAGTCC"	0.0005421150630634525	0.0005482329586112971	0.0005266439979082837	0.0005883857721023412
"GCAGCCGTCCGGAGGAGTCC"	"GC----------AGGAGTCC"	0.0006429387330550581	0.0006195069905510569	0.0006691219591681181	0.0005664782394163025
"GCAGCCGTCCGGAGGAGTCC"	"GCAGCCG------GGAGTCC"	0.0005726698587244998	0.000527397857791893	0.0005618992807558092	0.0005594846809049901
"GCAGCCGTCC--GGAGGAGTCC"	"GCAGCCGTCCAAGGAGGAGTCC"	0.0007081270675918592	0.0006429652155743428	0.000674148022218695	0.0004978908101607811
"GCAGCCGTCCGGAGGAGTCC"	"GCAGCCGTC----GGAGTCC"	0.0004510946881668432	0.00042824376288516083	0.0004653843018860338	0.00044185808232918193
"GCAGCCGTCC---GGAGGAGTCC"	"GCAGCCGTCCTAAGGAGGAGTCC"	0.0005967845335202209	0.0005650209535161406	0.0005163733473266698	0.0004226468613583479
"GCAGCCGTCCGGAGGAGTCC"	"GCAGCCGT---GAGGAGTCC"	0.00037910844827219786	0.0003843251690715969	0.00039137734450362494	0.000410260679416626
"GCAGCCGTCC--GGAGGAGTCC"	"GCAGCCGTCCCAGGAGGAGTCC"	0.0005490560822183039	0.0005197533243977232	0.0005091620394714942	0.00039113371818689217
"GCAGCCGTCCGGAGGAGTCC"	"GCA---------AGGAGTCC"	0.00034075395067425563	0.00036491404996287155	0.00037207434872966983	0.0003696474842063541
"GCAGCCGTCC---GGAGGAGTCC"	"GCAGCCGTCCTCAGGAGGAGTCC"	0.0005350309301115937	0.0005205027884559751	0.0005066125871994624	0.000309654548543048
"GCAGCCGTCCGGAGGAGTCC"	"GC--------GGAGGAGTCC"	0.00033553029708349106	0.00034332948508521556	0.00035772457451280513	0.0003066211978634426
"GCAGCCGTCCGGAGGAGTCC"	"GCAG--------------CC"	0.00033080754178225195	0.0003002353017357288	0.0003341239306231393	0.00028951647042011234
"GCAGCCGTCCGGAGGAGTCC"	"G-----------------CC"	0.00024207698763775866	0.00025871499290857107	0.00025895150934494447	0.00030131283417413323
"GCAGCCGTCCGGAGGAGTCC"	"GCAGCCGT----AGGAGTCC"	0.0002840093301608821	0.0002823980571493325	0.0002877238992721605	0.0002764562105495892
"GCAGCCGTCCGGAGGAGTCC"	"GCAGC-----GGAGGAGTCC"	0.00025567279835344713	0.0002480726032813935	0.0002637590479150616	0.00024974587262084196
"GCAGCCGTCCGGAGGAGTCC"	"G---------GGAGGAGTCC"	0.00025109315684921523	0.0002412524803513008	0.0002617194860974361	0.00023896062576002288
"GCAGCCGTCCGGAGGAGTCC"	"GCAG---------GGAGTCC"	0.00024336501181082388	0.00021142381083287342	0.00024299922227137403	0.00024199397643962823
"GCAGCCGTCCGGAGGAGTCC"	"-----------GAGGAGTCC"	0.0002620413623202696	0.0002665843655202165	0.00025960708278632404	0.0002281753788992038
"GCAGCCGTCCGGAGGAGTCC"	"GCAGCC--------GAGTCC"	0.00021166530577371861	0.00019883281465424076	0.00020228082741235184	0.00020668914491866574
"GCAGCCGTCCGGAGGAGTCC"	"GCAGCCGT-----GGAGTCC"	0.0002212539301732042	0.00020265508135132568	0.0002132798929288319	0.00020458265139116204
"GCAGCCGTCC-GGAGGAGTCC"	"GCAGCCGTCCGGGAGGAGTCC"	0.00024637040154797606	0.00026561006224448897	0.0002680566960307723	0.00019000571618083624
"GCAGCCGTCCGGAGGAGTCC"	"GC-------------AGTCC"	0.00017266679608924376	0.00018399342630085226	0.00020985634273496063	0.00017130005365660313
"GCAGCCGTCC---GGAGGAGTCC"	"GCAGCCGTCCTGAGGAGGAGTCC"	0.00023363327361433108	0.0002235651285765549	0.00021335273442231852	0.00016211574187668688
"GCAGCCGTCCGGAGGAGTCC"	"GCAGCCG-----------CC"	0.00014898146268454434	0.00014277290309699535	0.00016760827651271932	0.0001614416639478857
"GCAGCCGTCCGGAGGAGTCC"	"------------AGGAGTCC"	0.00017688865310095756	0.00016840457388921182	0.00018188520923609743	0.00014888696252396348
"GCAGCCGTCC---GGAGGAGTCC"	"GCAGCCGTCCTTAGGAGGAGTCC"	0.00025066381545819347	0.00022408975341733128	0.00022741114266523673	0.00014863418330066303
"GCAGCCGTCCGGAGGAGTCC"	"GCAGCC------------CC"	0.00013989373657458416	0.00012231253430671727	0.00013818031314412368	0.00014189340401265108
"GCAGCCGTCCGGAGGAGTCC"	"GCAGCCG---------GTCC"	0.00014225511422520372	0.00014756947306980778	0.0001281281870429697	0.0001365850403233417
"GCAGCCGTCCGGAGGAGTCC"	"GCAGCCGTC-----GAGTCC"	0.0001182119963279862	0.00012605985459797697	0.0001268170401602105	0.0001281590662133268
"GCAGCCGTCCGGAGGAGTCC"	"GCAGCCGTC-------GTCC"	0.00013173625014517107	0.0001191647852620591	0.0001287837604843493	0.00012520997527482158
"GCAGCCGTCCGGAGGAGTCC"	"GCA-----------GAGTCC"	0.000135170981273345	0.00013835106515330887	0.00011006349665828723	0.0001233562609706183
"GCAGCCGTCCGGAGGAGTCC"	"GCAGCC-----------TCC"	0.00013295271741973265	0.00012133823103098975	0.00013584938535255174	0.00011678400116480667
"GCAGCCGTCC-----GGAGGAGTCC"	"GCAGCCGTCCTTGCAGGAGGAGTCC"	0.00016486709415234878	0.00015971079081348927	0.00018188520923609743	0.00010936914394799354
"GCAGCCGTCC--GGAGGAGTCC"	"GCAGCCGTCCGAGGAGGAGTCC"	0.0001630781716897582	0.00015723755942125787	0.00018443466150812923	0.00010717839067938966
"GCAGCCGTCC--GGAGGAGTCC"	"GCAGCCGTCCCTGGAGGAGTCC"	0.00015842697328702265	0.00015236604304262022	0.00014801391476481778	0.00010658857249168862
"GCAGCCGTCC---GGAGGAGTCC"	"GCAGCCGTCCTCCGGAGGAGTCC"	0.00017831979107103002	0.00016143455814746874	0.00016979352131731801	0.00010507189715188594
"GCAGCCGTCCGGAGGAGTCC"	"GC---------GAGGAGTCC"	0.00010254103555569263	9.465731055722054e-05	0.00010292503029659818	0.0001038080010353837
"GCAGCCGTCC----GGAGGAGTCC"	"GCAGCCGTCCTGGAGGAGGAGTCC"	0.00015119972653815668	0.0001313061030057406	0.0001598870782031373	9.993205294477684e-05
"GCAGCCGTCC---GGAGGAGTCC"	"GCAGCCGTCCTTTGGAGGAGTCC"	0.00014268445561622546	0.00015633820255135552	0.00016272789644911558	9.765703993507282e-05
"GCAGCCGTCCGGAGGAGTCC"	"GCAGCCGTC--------TCC"	9.788983715295709e-05	9.330827525236704e-05	9.134323283222513e-05	9.706722174737176e-05
"GCAGCCGTCC---GGAGGAGTCC"	"GCAGCCGTCCTCTGGAGGAGTCC"	0.0001767455393039503	0.0001525159358542706	0.00014968926911501008	9.175885805806237e-05
"GCAGCCGTCCGGAGGAGTCC"	"GCAGCCG-------------"	0.000109124270218026	0.00011294423357856797	9.57137224414225e-05	8.737735152085462e-05
"GCAGCCGTCCGGAGGAGTCC"	"GC-----------GGAGTCC"	9.445510602478315e-05	8.379008171256735e-05	9.702486932418172e-05	8.619771514545253e-05
"GCAGCCGTCC--GGAGGAGTCC"	"GCAGCCGTCCCCGGAGGAGTCC"	0.0001106269650866021	0.00010964659172225941	0.00013526665340465876	7.692914362443614e-05
"GCAGCCGTCCGGAGGAGTCC"	"GCA--------------TCC"	7.556408481982653e-05	7.187360318636144e-05	7.043772420156436e-05	7.094670200632554e-05
"GCAGCCGTCC--GGAGGAGTCC"	"GCAGCCGTCCATGGAGGAGTCC"	0.00012636948275739928	0.00011804058917468118	0.0001271812476276436	6.993558511312376e-05
"GCAGCCGTCC----GGAGGAGTCC"	"GCAGCCGTCCTGCAGGAGGAGTCC"	9.82476216454752e-05	0.00010724830673585319	0.00010824245932112165	6.875594873772167e-05
"GCAGCCGTCC-----GGAGGAGTCC"	"GCAGCCGTCCTGGAAGGAGGAGTCC"	7.771079177493523e-05	7.696995878247465e-05	7.976143536785209e-05	6.825039029112077e-05
"GCAGCCGTCCGGAGGAGTCC"	"GCAG------------GTCC"	7.327426406771057e-05	5.9507446225204354e-05	7.750334906976678e-05	7.322171501602958e-05
"GCAGCCGTCC---GGAGGAGTCC"	"GCAGCCGTCCTATGGAGGAGTCC"	8.379312814774325e-05	8.911127652615615e-05	7.065624868202423e-05	6.496426038821496e-05
"GCAGCCGTCCGGAGGAGTCC"	"G------------GGAGTCC"	6.81937242739533e-05	6.520337306791913e-05	5.9875707646004035e-05	6.454296168271421e-05
"GCAGCCGTCC---GGAGGAGTCC"	"GCAGCCGTCCTGTGGAGGAGTCC"	9.860540613799334e-05	9.473225696304573e-05	9.280006270195759e-05	5.822348110020303e-05
"GCAGCCGTCCGGAGGAGTCC"	"GCAGC------GAGGAGTCC"	6.490210694278661e-05	5.7483893267924105e-05	6.497461219006765e-05	5.4094753786295725e-05
"GCAGCCGTCCGGAGGAGTCC"	"GCAGC-------AGGAGTCC"	5.1163182430090875e-05	4.7890753322299225e-05	5.484964459542705e-05	5.527439016169781e-05
"GCAGCCGTCC-----GGAGGAGTCC"	"GCAGCCGTCCTTCCAGGAGGAGTCC"	9.495600431430853e-05	7.756953002907621e-05	7.764903205674002e-05	5.080862388338991e-05
"GCAGCCGTCCGGAGGAGTCC"	"GCAGCCGT---------TCC"	5.2093422110637985e-05	5.096355596113219e-05	5.302860725826148e-05	4.878639009698633e-05
"GCAGCCGTCCGGAGGAGTCC"	"GCAGCCGT--------GTCC"	6.0966477525087315e-05	4.331902256696237e-05	5.419407115404745e-05	5.257807844649304e-05
"GCAGCCGTCCGGAGGAGTCC"	"GCAGCCGT------GAGTCC"	4.8300906489945934e-05	5.448603703491633e-05	4.873095914255073e-05	4.70169355338832e-05
"GCAGCCGTCCGGAGGAGTCC"	"--------------GAGTCC"	4.7442223707902454e-05	4.9089895815502334e-05	5.6160791478186265e-05	4.4741922524179176e-05
"GCAGCCGTCCGGAGGAGTCC"	"GCA---------------CC"	3.8998509684474864e-05	3.942180946405226e-05	4.2685115183161026e-05	4.861787061478603e-05
"GCAGCCGTCC---GGAGGAGTCC"	"GCAGCCGTCCGGAGGAGGAGTCC"	5.874821367147498e-05	4.901494940967714e-05	4.865811764906411e-05	4.3730805630977386e-05
"GCAGCCGTCCGGAGGAGTCC"	"GCAGCC---------AGTCC"	4.60826426363336e-05	4.7740860510648835e-05	4.829391018163099e-05	4.1877091326774104e-05
"GCAGCCGTCC---GGAGGAGTCC"	"GCAGCCGTCCTGGGGAGGAGTCC"	6.833683807096055e-05	5.988217825433033e-05	7.59736777065477e-05	4.1877091326774104e-05
"GCAGCCGTCCGGAGGAGTCC"	"GCAGCCGTC------AGTCC"	4.6368870230348096e-05	4.167020163880809e-05	4.822106868814437e-05	3.951781857596993e-05
"GCAGCCGTCC--GGAGGAGTCC"	"GCAGCCGTCCGTGGAGGAGTCC"	7.735300728241712e-05	8.236610000188865e-05	7.34242254345159e-05	3.825392245946769e-05
"GCAGCCGTCC------GGAGGAGTCC"	"GCAGCCGTCCTTGCATGGAGGAGTCC"	8.157486429413091e-05	6.842606851840248e-05	7.036488270807774e-05	3.5136312038762176e-05
"GCAGCCGTCCGGAGGAGTCC"	"GCAGC--------GGAGTCC"	4.429372017374301e-05	4.122052320385692e-05	4.326784713105401e-05	3.387241592225994e-05
"GCAGCCGTCCGGAGGAGTCC"	"GCAGCCGT------------"	3.5993119947322676e-05	3.132759763493126e-05	2.7898292005376577e-05	2.940664964395204e-05
"GCAGCCGTCCGGAGGAGTCC"	"GCA-----------------"	2.3112878216670425e-05	3.657384604269487e-05	3.3798452977793035e-05	4.145579262127336e-05
"GCAGCCGTCCGGAGGAGTCC"	"GCA------------AGTCC"	2.7692519720902337e-05	2.4807260328139347e-05	2.2945070448286217e-05	2.738441585754846e-05
"GCAGCCGTCCGGAGGAGTCC"	"GC--------------GTCC"	2.3685333404699415e-05	2.7280491720370764e-05	2.7169877070510346e-05	2.6204779482146373e-05
"GCAGCCGTCCGGAGGAGTCC"	"GC------------GAGTCC"	3.320240090568135e-05	3.4475346679589425e-05	2.243517999387986e-05	3.0502026278253977e-05
"GCAGCCGTCCGGAGGAGTCC"	"GCAG----------------"	2.0751500566050844e-05	2.5481777980566097e-05	2.4838949278938413e-05	2.8648311974050696e-05
"GCAGCCGTCC-----GGAGGAGTCC"	"GCAGCCGTCCTGCAGGGAGGAGTCC"	2.2898207521159555e-05	1.978585113785132e-05	2.571304720077789e-05	3.968633805817023e-05
"GCAGCCGTCC--GGAGGAGTCC"	"GCAGCCGTCCGGGGAGGAGTCC"	3.3488628499695845e-05	3.987148789900342e-05	3.423550193871277e-05	2.1233454757237575e-05
"GCAGCCGTCC-----GGAGGAGTCC"	"GCAGCCGTCCTGGATGGAGGAGTCC"	3.0626352559550904e-05	2.4807260328139347e-05	3.838746706745028e-05	2.0896415792836977e-05
"GCAGCCGTCCGGAGGAGTCC"	"GCAGCCGT-------AGTCC"	2.94098852849893e-05	2.3458225023285847e-05	3.0811951744841494e-05	1.9295480711934144e-05
"GCAGCCGTCC-----GGAGGAGTCC"	"GCAGCCGTCCTCTTAGGAGGAGTCC"	3.406108368772484e-05	2.9678776706776985e-05	3.1321842199247855e-05	1.87056625242331e-05
"GCAGCCGTCC--GGAGGAGTCC"	"GCAGCCGTCCAGGGAGGAGTCC"	1.9749703987000114e-05	1.7912190992221462e-05	1.799184889119586e-05	1.777880537213146e-05
"GCAGCCGTCC-----GGAGGAGTCC"	"GCAGCCGTCCTCCCAGGAGGAGTCC"	2.3828447201706662e-05	2.5556724386391292e-05	2.8845231420702675e-05	1.7104727443330268e-05
"GCAGCCGTCC-----GGAGGAGTCC"	"GCAGCCGTCCGGAGAGGAGGAGTCC"	2.9481442183492927e-05	2.4357581893188183e-05	3.263298908200707e-05	1.702046770223012e-05
"GCAGCCGTCC-----GGAGGAGTCC"	"GCAGCCGTCCTTCCTGGAGGAGTCC"	3.542066475929368e-05	2.5032099545614932e-05	3.2123098627600706e-05	1.6430649514529075e-05
"GCAGCCGTCCGGAGGAGTCC"	"GCAGC----------AGTCC"	2.6833836938858853e-05	2.3458225023285847e-05	1.8865946813035336e-05	1.6346389773428928e-05
"GCAGCCGTCC----GGAGGAGTCC"	"GCAGCCGTCCGGGAGGAGGAGTCC"	2.2182638536123318e-05	1.4539602730087714e-05	2.330927791571933e-05	1.87056625242331e-05
"GCAGCCGTCCGGAGGAGTCC"	"-----------------TCC"	1.4168265903717473e-05	1.888649426794899e-05	1.7700482917249368e-05	1.6262130032328778e-05
"GCAGCCGTCC------GGAGGAGTCC"	"GCAGCCGTCCTGGATAGGAGGAGTCC"	2.203952473911607e-05	1.6563155687367963e-05	3.2924355055953556e-05	1.600935080902833e-05
"GCAGCCGTCC-----GGAGGAGTCC"	"GCAGCCGTCCTCCTAGGAGGAGTCC"	2.067994366754722e-05	1.6113477252416795e-05	2.70241940835371e-05	1.5335272880227137e-05
"GCAGCCGTCC---GGAGGAGTCC"	"GCAGCCGTCCGTAGGAGGAGTCC"	2.540269896878638e-05	2.1209832848530016e-05	2.3382119409205957e-05	1.5251013139126989e-05
"GCAGCCGTCC-----GGAGGAGTCC"	"GCAGCCGTCCTCCTTGGAGGAGTCC"	2.025060227652548e-05	2.038542238445288e-05	2.046845966974104e-05	1.4661194951425944e-05
"GCAGCCGTCCGGAGGAGTCC"	"GCAGC-----------GTCC"	1.4025152106710227e-05	1.2216264149506687e-05	1.500534765824432e-05	1.5503792362427435e-05
"GCAGCCGTCC-----GGAGGAGTCC"	"GCAGCCGTCCGGGAAGGAGGAGTCC"	1.3166469324666743e-05	2.1659511283481184e-05	1.9448678760928317e-05	1.3481558576023856e-05
"GCAGCCGTCC------GGAGGAGTCC"	"GCAGCCGTCCTTCCTTGGAGGAGTCC"	1.5170062482768204e-05	2.0010690355326907e-05	2.3892009863612315e-05	1.3481558576023856e-05
"GCAGCCGTCC---GGAGGAGTCC"	"GCAGCCGTCCTTGGGAGGAGTCC"	2.3184435115174048e-05	2.158456487765599e-05	2.2143814019933367e-05	1.322877935272341e-05
"GCAGCCGTCC------GGAGGAGTCC"	"GCAGCCGTCCTGGACAGGAGGAGTCC"	1.5313176279775452e-05	1.596358444076641e-05	1.121758999693993e-05	1.2891740388322814e-05
"GCAGCCGTCC------GGAGGAGTCC"	"GCAGCCGTCCTGGAAAGGAGGAGTCC"	1.1663774456090647e-05	1.1167014467953967e-05	1.4859664671271074e-05	1.3060259870523111e-05
"GCAGCCGTCC------GGAGGAGTCC"	"GCAGCCGTCCTGGAGAGGAGGAGTCC"	2.4114674795721155e-05	1.4314763512612132e-05	1.4859664671271074e-05	1.2217662459521621e-05
"GCAGCCGTCCGGAGGAGTCC"	"G---------------GTCC"	1.051886408003267e-05	1.1466800091254744e-05	1.099906551648006e-05	1.2049142977321322e-05
"GCAGCCGTCC-----GGAGGAGTCC"	"GCAGCCGTCCTGGGAGGAGGAGTCC"	2.103772816006534e-05	1.5364013194164854e-05	1.9375837267441694e-05	1.1459324789620278e-05
"GCAGCCGTCCGGAGGAGTCC"	"GC----------------CC"	1.7388326336380536e-05	1.7612405368920685e-05	2.1633923565527005e-05	1.0869506601919235e-05
"GCAGCCGTCC---GGAGGAGTCC"	"GCAGCCGTCCAAAGGAGGAGTCC"	2.0894614363058094e-05	1.0942175250478383e-05	1.347567629502524e-05	1.0616727378618788e-05
