"ref_align"	"read_align"	"freq_yll069"	"freq_yll070"	"freq_yll071"	"freq_yll072"
"CCAGCCGGAA-GCCAGAGCAT"	"CCAGCCGGAATGCCAGAGCAT"	0.11020312251971418	0.20243470398571534	0.3564790443522744	0.19892175663814368
"CCAGCCGGAAGCCAGAGCAT"	"CCAGCCGGAAGCCAGAGCAT"	0.03078897931277568	0.056926808186382946	0.05238492807271077	0.07994891655677626
"CCAGCCGGAAGCCAGAGCAT"	"-----------CCAGAGCAT"	0.04387926390428706	0.026793685635161185	0.019651892261627342	0.0122051158321235
"CCAGCCGGAAGCCAGAGCAT"	"CC-------------AGCAT"	0.027224242212136856	0.022426401596788225	0.00762470619398406	0.007277033388659863
"CCAGCCGGAAGCCAGAGCAT"	"CCA-------GCCAGAGCAT"	0.02237210005762075	0.017415113759788006	0.012299896168981908	0.006356311176375156
"CCAGCCGGAA--GCCAGAGCAT"	"CCAGCCGGAATGGCCAGAGCAT"	0.0044584211914371315	0.010245773458513645	0.00796894681370659	0.0115506265486922
"CCAGCCGGAAGCCAGAGCAT"	"C----------------CAT"	0.01644878690196598	0.008809915099543368	0.0082528335585427	0.004182075590738976
"CCAGCCGGAAGCCAGAGCAT"	"CCAGC------------CAT"	0.01216785262086921	0.009876146554224266	0.0038380593770362447	0.004089171391607839
"CCAGCCGGAAGCCAGAGCAT"	"CCAGCCG-------GAGCAT"	0.007295711941244333	0.014623008990463626	0.00318422573243339	0.004380363657541256
"CCAGCCGGAA--GCCAGAGCAT"	"CCAGCCGGAATTGCCAGAGCAT"	0.0022935808484124296	0.008236993397894833	0.002910397966745015	0.009589931958073861
"CCAGCCGGAA-GCCAGAGCAT"	"CCAGCCGGAAAGCCAGAGCAT"	0.001434894176554479	0.0036550414266461194	0.002071032040083914	0.006245380789352902
"CCAGCCGGAAGCCAGAGCAT"	"CCAGCCG---------GCAT"	0.005112122980930157	0.0045876385390070116	0.0011769005602851386	0.0014282287329115205
"CCAGCCGGAAGCCAGAGCAT"	"CCAGCC----------GCAT"	0.007059479363396949	0.006599261883504973	0.0022241520559994547	0.0014018827659937351
"CCAGCCGGAAGCCAGAGCAT"	"CCAGCCGGAA-------CAT"	0.0024885664682229684	0.0040929071440350745	0.0010461338313645676	0.0014767607772337567
"CCAGCCGGAAGCCAGAGCAT"	"CCAGCC--------------"	0.006108299512910923	0.0035128772326886663	0.001403786423284078	0.0011439696161669947
"CCAGCCGGAA-GCCAGAGCAT"	"CCAGCCGGAAGGCCAGAGCAT"	0.0010311739509211197	0.002458018913524364	0.0020330314521924664	0.0030713850906786584
"CCAGCCGGAA--GCCAGAGCAT"	"CCAGCCGGAAGGGCCAGAGCAT"	0.0007936914652544375	0.0027949480532035277	0.0008047183318188982	0.0030034402286275275
"CCAGCCGGAA--GCCAGAGCAT"	"CCAGCCGGAAAAGCCAGAGCAT"	0.0016361293354615098	0.003207224215680142	0.000699657882942542	0.005375963881065986
"CCAGCCGGAAGCCAGAGCAT"	"CCAGCCGGAATCCAGAGCAT"	0.0007724430323263659	0.0020727539478996664	0.002041972766990454	0.0018539240931094204
"CCAGCCGGAAGCCAGAGCAT"	"CCAGCC--------GAGCAT"	0.0012449081880211335	0.0013875225330247422	0.000644892329804867	0.0006295299463512916
"CCAGCCGGAA---GCCAGAGCAT"	"CCAGCCGGAATTTGCCAGAGCAT"	0.0005637084265035454	0.0037275451655644203	0.0011321939862951997	0.007010800459806454
"CCAGCCGGAAGCCAGAGCAT"	"CCAGCCGGAA-------TAT"	0.0007274463508316262	0.001121675490324305	0.0007823650448239288	0.000617050277811288
"CCAGCCGGAAGCCAGAGCAT"	"CCAGCCGG----------AT"	0.0006399528034807433	0.0012083956486383513	0.0004638307051456149	0.0006239834270001789
"CCAGCCGGAAGCCAGAGCAT"	"CCAGCCGGAA-CCAGAGCAT"	0.0005099623902737173	0.0014259068653932547	0.0007376584708339899	0.0014809206667470913
"CCAGCCGGAA--GCCAGAGCAT"	"CCAGCCGGAACCGCCAGAGCAT"	0.0004987132199000323	0.0016903322661541173	0.0006974225542430451	0.002285165972658433
"CCAGCCGGAAGCCAGAGCAT"	"CCAGCCGGAA-----TGCAT"	0.0006699505911439031	0.0012837426714358015	0.0008069536605183951	0.0004492680674401288
"CCAGCCGGAAGCCAGAGCAT"	"CCAGCCGGA---------AT"	0.0018036169832474855	0.003268354819081847	0.004347714320521547	0.00044372154808901607
"CCAGCCGGAA-GCCAGAGCAT"	"CCAGCCGGAATGCGAGAGCAT"	0.00032872575647545994	0.0006624851438417315	0.0011646062524379053	0.0005962508302446153
"CCAGCCGGAA---GCCAGAGCAT"	"CCAGCCGGAAGGGGCCAGAGCAT"	0.00028872870625791346	0.0011557948968740938	0.0004716543555938542	0.0018913630987294312
"CCAGCCGGAA----GCCAGAGCAT"	"CCAGCCGGAATTTTGCCAGAGCAT"	0.0007086977335421513	0.0020116233444979616	0.00025147447869340567	0.004263886751167889
"CCAGCCGGAAGCCAGAGCAT"	"CCAGCCG-------------"	0.0025810596468510446	0.001609298675598369	0.0002391801708461725	0.0003494307191201002
"CCAGCCGGAAGCCAGAGCAT"	"CCAGC-----------GCAT"	0.001201161414345692	0.0008814180025362092	0.0005722441470712165	0.00026068640950229697
"CCAGCCGGAAGCCAGAGCAT"	"------------CAGAGCAT"	0.0006774500380596931	0.0004535037787242754	0.0001989442542552276	0.0006156636479735098
"CCAGCCGGAA----GCCAGAGCAT"	"CCAGCCGGAATGGGGCCAGAGCAT"	0.000504962758996524	0.0004435522851472537	0.0001765909672602582	0.0006558759132690769
"CCAGCCGGAAGCCAGAGCAT"	"CCAGCCGG--GCCAGAGCAT"	0.0002899786140772118	0.0002928582395523534	0.000166531988112522	0.00021492762485561716
"CCAGCCGGAAGCCAGAGCAT"	"CCAGC--------------T"	0.0005212115606474022	0.00046914184005959525	0.0002715924369888781	0.00019690143696450088
"CCAGCCGGAA-GCCAGAGCAT"	"CCAGCCGGAATGCTAGAGCAT"	0.0001687375556052741	0.00030849630088767324	0.00048283099909133886	0.0003078318239867549
"CCAGCCGGAA---GCCAGAGCAT"	"CCAGCCGGAATCCGCCAGAGCAT"	0.0003412248346684432	0.00018623509408426355	0.00015200235156579187	0.00043540176906234704
"CCAGCCGGAA---GCCAGAGCAT"	"CCAGCCGGAATATGCCAGAGCAT"	0.0005849568594316169	0.0007662650054306722	0.00013411972196981635	0.0015530254183115564
"CCAGCCGGAAGCCAGAGCAT"	"CCAGCC----GCCAGAGCAT"	0.000497463312080734	0.0008472985959864205	0.000514125600884296	0.00016362232085782467
"CCAGCCGGAA-GCCAGAGCAT"	"CCAGCCGGAACGCCAGAGCAT"	0.0007474448759403994	0.0011657463904511155	0.00012406074282208013	0.002041119121209474
"CCAGCCGGAAGCCAGAGCAT"	"CCAGCCGGA------ATCAT"	0.00020998451364211888	0.001194179229242606	0.00011847242107333778	0.0006947015487268659
"CCAGCCGGAA-GCCAGAGCAT"	"CCAGCCGGAATTCCAGAGCAT"	0.00011749133501404272	0.00019618658766128527	0.0003051223674813322	0.00020660784582894812
"CCAGCCGGAA-GCCAGAGCAT"	"CCATCCGGAATGCCAGAGCAT"	0.00011249170373684941	0.0002104030070570306	0.0003788882145647312	0.00022602066355784258
"CCAGCCGGAA-GCCAGAGCAT"	"CCAGCCGGAATGCCAGAGCAG"	9.249317862807618e-05	0.0002658470427004373	0.0003677115710672465	0.00020383458615339176
"CCAGCCGGAAGCCAGAGCAT"	"CCAGCCGGAAGCCGGAGCAT"	9.124327080877785e-05	0.00018054852632596544	0.00017212030986126433	0.00023988696193562434
"CCAGCCGGAA-GCCAGAGCAT"	"CCAGCCGGAATGCCAGGGCAT"	9.124327080877785e-05	0.00014358583589702762	0.00024588615694466333	0.00014282287329115206
"CCAGCCGGAA---GCCAGAGCAT"	"CCAGCCGGAAAAAGCCAGAGCAT"	7.999410043509291e-05	0.0031048659960307757	0.0002637687865406388	0.0025403058628096172
"CCAGCCGGAAGCCAGAGCAT"	"CCAGC------------TAT"	0.00014748912267720257	7.81903066765992e-05	0.00017100264551151586	0.00021770088453117352
"CCAGCCGGAA-GCCAGAGCAT"	"CGAGCCGGAATGCCAGAGCAT"	6.749502224210965e-05	0.00014500747783660216	0.0002168268838512031	0.0001511426523178211
"CCAGCCGGAA-GCCAGAGCAT"	"CCAGCCGTAATGCCAGAGCAT"	6.124548314561801e-05	8.956344219319545e-05	0.00017212030986126433	0.0001067704975089195
"CCAGCCGGAA-GCCAGAGCAT"	"CTAGCCGGAATGCCAGAGCAT"	5.9995575326319684e-05	7.81903066765992e-05	0.00017435563856076127	9.151756929335956e-05
"CCAGCCGGAA-GCCAGAGCAT"	"CCAGCCGGAATGCAAGAGCAT"	5.749575968772303e-05	0.00013079105844085686	0.00019335593250648526	6.794486205113059e-05
"CCAGCCGGAAGCCAGAGCAT"	"CCAGCCGGAAGCCTGAGCAT"	5.749575968772303e-05	6.255224534127936e-05	5.811854618692042e-05	9.983734832002862e-05
"CCAGCCGGAA-GCCAGAGCAT"	"CCAGCGGGAATGCCAGAGCAT"	5.499594404912638e-05	6.539552922042843e-05	0.000147531694166798	6.794486205113059e-05
"CCAGCCGGAA-GCCAGAGCAT"	"CCAGCCGGACTGCCAGAGCAT"	4.4996681494739765e-05	0.00014358583589702762	0.0001922382681567368	0.00011093038702225402
"CCAGCCGGAA-GCCAGAGCAT"	"CCAGCCGGAATGCCAGAGTAT"	4.124695803684478e-05	5.117910982468311e-05	0.00013859037936881022	7.765127091557782e-05
"CCAGCCGGAA-GCCAGAGCAT"	"CCAGCCGGAATGCCAGCGCAT"	4.124695803684478e-05	5.828731952255577e-05	0.0001140017636743439	6.933149188890876e-05
"CCAGCCGGAA-GCCAGAGCAT"	"CCAGCCGGAATGCCAGTGCAT"	3.74972345789498e-05	7.108209697872654e-05	0.0001508846872160434	8.45844201044687e-05
"CCAGCCGGAA-GCCAGAGCAT"	"CCAGCCGGAATACCAGAGCAT"	3.6247326759651475e-05	0.00011657463904511155	0.00010170745582711074	6.933149188890876e-05
"CCAGCCGGAA-GCCAGAGCAT"	"CCAGCCGGAATGCCAGAGGAT"	3.6247326759651475e-05	5.97089614621303e-05	0.00010729577757585308	6.378497253779606e-05
"CCAGCCGGAA-GCCAGAGCAT"	"CCAGCTGGAATGCCAGAGCAT"	3.3747511121054823e-05	7.392538085787561e-05	0.00014529636546730106	8.735767978002505e-05
"CCAGCCGGAA-GCCAGAGCAT"	"CAAGCCGGAATGCCAGAGCAT"	3.499741894035315e-05	3.4119406549788744e-05	5.4765553137675015e-05	4.575878464667978e-05
"CCAGCCGGAA-GCCAGAGCAT"	"CCAGCCGGAATGCCGGAGCAT"	2.9997787663159842e-05	5.260075176425765e-05	9.164847667937451e-05	5.546519351112701e-05
"CCAGCCGGAAGCCAGAGCAT"	"CCAGCCGGAAGCCAGGGCAT"	2.8747879843861516e-05	6.966045503915202e-05	5.0294895738681135e-05	7.071812172668694e-05
"CCAGCCGGAAGCCAGAGCAT"	"CCATCCGGAAGCCAGAGCAT"	2.8747879843861516e-05	8.387687443489733e-05	6.035387488641736e-05	9.290419913113774e-05
"CCAGCCGGAA-GCCAGAGCAT"	"CCAGCCGGAATGCCTGAGCAT"	2.749797202456319e-05	4.264925818723593e-05	9.388380537887144e-05	4.298552497112343e-05
"CCAGCCGGAA-GCCAGAGCAT"	"CCAGCAGGAATGCCAGAGCAT"	2.624806420526486e-05	7.676866473702467e-05	8.941314797987757e-05	5.1305303997792486e-05
"CCAGCCGGAAGCCAGAGCAT"	"CCAGCCGGAAGCCAGAGCGT"	2.624806420526486e-05	3.4119406549788744e-05	2.57062800442148e-05	4.437215480890161e-05
"CCAGCCGGAA-GCCAGAGCAT"	"CCAGCCGGAATGCCAGAGCAC"	2.624806420526486e-05	6.39738872808539e-05	7.600117578289594e-05	4.991867416001431e-05
"CCAGCCGGAA-GCCAGAGCAT"	"CCAGCCGGAGTGCCAGAGCAT"	2.624806420526486e-05	5.828731952255577e-05	0.00010506044887635614	6.101171286223971e-05
"CCAGCCGGAA-GCCAGAGCAT"	"CCAGCCGGAATGACAGAGCAT"	2.4998156385966534e-05	3.696269042893781e-05	4.694190268943572e-05	3.6052375782232554e-05
"CCAGCCGGAAGCCAGAGCAT"	"CCAGCCGGAAGCCATAGCAT"	2.3748248566668208e-05	4.264925818723593e-05	4.0235916590944905e-05	5.4078563673348834e-05
"CCAGCCGGAA-GCCAGAGCAT"	"CCAGCCGGAATGCCATAGCAT"	2.3748248566668208e-05	3.2697764610214216e-05	6.59421966351597e-05	4.0212265295567084e-05
"CCAGCCGGAA-GCCAGAGCAT"	"CCCGCCGGAATGCCAGAGCAT"	2.2498340747369882e-05	3.8384332368512335e-05	4.9177231388932666e-05	4.0212265295567084e-05
"CCAGCCGGAAGCCAGAGCAT"	"CCAGCCGGAAGGCAGAGCAT"	2.3748248566668208e-05	2.416791297276703e-05	1.7882629595975516e-05	3.0505856431119856e-05
"CCAGCCGGAA-GCCAGAGCAT"	"CCAGCCGGAATGCCAGAGCCT"	1.9998525108773227e-05	2.2746271033192497e-05	2.905927309346021e-05	2.357270724222898e-05
"CCAGCCGGAAGCCAGAGCAT"	"CCAGCCGTAAGCCAGAGCAT"	1.87486172894749e-05	2.7011196851916088e-05	3.129460179295715e-05	4.0212265295567084e-05
"CCAGCCGGAAGCCAGAGCAT"	"CGAGCCGGAAGCCAGAGCAT"	1.7498709470176575e-05	3.554104848936327e-05	3.576525919195103e-05	5.1305303997792486e-05
"CCAGCCGGAAGCCAGAGCAT"	"CCAGCCGGACGCCAGAGCAT"	1.624880165087825e-05	2.2746271033192497e-05	2.347095134471786e-05	4.159889513334526e-05
"CCAGCCGGAA-GCCAGAGCAT"	"CCAGCCGGCATGCCAGAGCAT"	1.7498709470176575e-05	1.8481345214468903e-05	5.4765553137675015e-05	2.4959337080007156e-05
"CCAGCCGGAA-GCCAGAGCAT"	"CCAGCCTGAATGCCAGAGCAT"	1.624880165087825e-05	3.980597430808687e-05	0.00010058979147736227	3.0505856431119856e-05
"CCAGCCGGAAGCCAGAGCAT"	"CCA-------GCCAGAGCGT"	3.3747511121054823e-05	2.7011196851916088e-05	1.4529636546730105e-05	1.6639558053338103e-05
"CCAGCCGGAA-GCCAGAGCAT"	"CCAGCCGGAATGCCCGAGCAT"	1.4998893831579921e-05	3.554104848936327e-05	5.4765553137675015e-05	3.0505856431119856e-05
"CCAGCCGGAAGCCAGAGCAT"	"CCAGCCGGAGGCCAGAGCAT"	1.4998893831579921e-05	0.00018054852632596544	4.0235916590944905e-05	0.0003466574594445438
"CCAGCCGGAA-GCCAGAGCAT"	"CCAACCGGAATGCCAGAGCAT"	1.624880165087825e-05	2.1324629093617966e-05	2.2353286994969393e-05	1.5252928215559928e-05
"CCAGCCGGAA-GCCAGAGCAT"	"CCAGCCGGAATGCCAGAGAAT"	1.3748986012281595e-05	2.5589554912341556e-05	4.247124529044185e-05	2.9119226593341682e-05
"CCAGCCGGAAGCCAGAGCAT"	"CCAGCGGGAAGCCAGAGCAT"	1.624880165087825e-05	1.563806133531984e-05	1.6764965246227044e-05	2.9119226593341682e-05
"CCAGCCGGAAGCCAGAGCAT"	"-----------CCAGATCAT"	5.374603622982805e-05	1.9902987154043435e-05	2.57062800442148e-05	1.3866298377781752e-05
"CCAGCCGGAA-GCCAGAGCAT"	"CCAGCCGAAATGCCAGAGCAT"	1.2499078192983267e-05	1.8481345214468903e-05	5.14125600884296e-05	2.4959337080007156e-05
"CCAGCCGGAA--GCCAGAGCAT"	"CCAGCCGGAATGGGCAGAGCAT"	1.2499078192983267e-05	3.4119406549788744e-05	1.5647300896478575e-05	0.00035913712798454737
"CCAGCCGGAA-GCCAGAGCAT"	"CCAGCCGGATTGCCAGAGCAT"	1.2499078192983267e-05	3.696269042893781e-05	7.264818273365053e-05	3.882563545778891e-05
"CCAGCCGGAAGCCAGAGCAT"	"CTAGCCGGAAGCCAGAGCAT"	1.2499078192983267e-05	2.5589554912341556e-05	2.682394439396327e-05	3.0505856431119856e-05
"CCAGCCGGAAGCCAGAGCAT"	"CCA-------TCCAGAGCAT"	1.9998525108773227e-05	1.9902987154043435e-05	1.0058979147736226e-05	1.2479668540003578e-05
"CCAGCCGGAA-GCCAGAGCAT"	"CCAGCCGGAATGACAGAGTAT"	1.1249170373684941e-05	2.1324629093617966e-05	2.57062800442148e-05	1.6639558053338103e-05
"CCAGCCGGAA-GCCAGAGCAT"	"CCAGCCGGAATGCCAGAGCAA"	1.1249170373684941e-05	2.416791297276703e-05	3.352993049245409e-05	2.4959337080007156e-05
"CCAGCCGGAA-GCCAGAGCAT"	"CCAGCCGGAATGCCAGAGCGT"	1.1249170373684941e-05	2.843283879149062e-05	4.694190268943572e-05	3.189248626889803e-05
"CCAGCCGGAA-GCCAGAGCAT"	"CCAGCCGGAATGNCAGAGCAT"	1.1249170373684941e-05	1.7059703274894372e-05	3.129460179295715e-05	2.4959337080007156e-05
"CCAGCCGGAAGCCAGAGCAT"	"CCAGCCGGATGCCAGAGCAT"	1.1249170373684941e-05	2.416791297276703e-05	2.347095134471786e-05	2.9119226593341682e-05
"CCAGCCGGAA-GCCAGAGCAT"	"CCGGCCGGAATGCCAGAGCAT"	1.1249170373684941e-05	1.9902987154043435e-05	3.4647594842202556e-05	2.2186077404450803e-05
