"ref_align"	"read_align"	"freq_yjl093n353"	"freq_yjl094n354"	"freq_yjl095n355"	"freq_yjl096n356"
"GCAGCCGTCC-GGAGGAGTCC"	"GCAGCCGTCCTGGAGGAGTCC"	0.13994170358399796	0.15298559843429071	0.15367756962426324	0.17179606376454315
"GCAGCCGTCCGGAGGAGTCC"	"GCAGCCGTCCGGAGGAGTCC"	0.029484401416729804	0.03242735826625539	0.033414778583882546	0.04228567467666422
"GCAGCCGTCC--GGAGGAGTCC"	"GCAGCCGTCCTAGGAGGAGTCC"	0.011197539756886777	0.012196569980647979	0.011205745791428003	0.01303009663531883
"GCAGCCGTCCGGAGGAGTCC"	"GCAGCCGTCCTGAGGAGTCC"	0.008949880757330905	0.009923723730222815	0.0103096680372352	0.009308589588459816
"GCAGCCGTCCGGAGGAGTCC"	"GCAGCCGTCC-GAGGAGTCC"	0.005920930354070486	0.006623541615912819	0.006269648656912489	0.005677343817102628
"GCAGCCGTCCGGAGGAGTCC"	"GCAGCCGTCC--TGGAGTCC"	0.004184876521323724	0.004644909266012358	0.004711412485407433	0.004010599295690815
"GCAGCCGTCCGGAGGAGTCC"	"GCAGCCGTC---------CC"	0.004042681037989707	0.004699306667103406	0.004259538865083481	0.0036989793996344343
"GCAGCCGTCCGGAGGAGTCC"	"GCAGCCGTCC-TAGGAGTCC"	0.0036157213714959635	0.004002230293444733	0.00379279583224454	0.003912728346711792
"GCAGCCGTCC--GGAGGAGTCC"	"GCAGCCGTCCTGGGAGGAGTCC"	0.0035041296404805535	0.0038398423528221283	0.004014897899178966	0.00484427292960374
"GCAGCCGTCC-GGAGGAGTCC"	"GCAGCCGTCCAGGAGGAGTCC"	0.0034526257646272872	0.0038921925398936207	0.0035418940610705556	0.004326438416645445
"GCAGCCGTCCGGAGGAGTCC"	"GCAGCC----GGAGGAGTCC"	0.003116357705614296	0.0033266496669913936	0.003334817926782856	0.0034329422011394922
"GCAGCCGTCCGGAGGAGTCC"	"GCAGCCGTCC---GGAGTCC"	0.0026983552349211207	0.00301583870995101	0.00291816133609967	0.0025257335047142305
"GCAGCCGTCCGGAGGAGTCC"	"GCAGCCGTC-GGAGGAGTCC"	0.002409112453861111	0.002780920901207008	0.0029544740066625923	0.0027955378682968947
"GCAGCCGTCCGGAGGAGTCC"	"GCAGCCGTCC-------TCC"	0.0028153212834168715	0.003177641732282313	0.002649651050105303	0.002198592888496434
"GCAGCCGTCCGGAGGAGTCC"	"GCAGCCGTCC--AGGAGTCC"	0.002227356022407918	0.002484586671876339	0.0022087338390029227	0.0023630673162263857
"GCAGCCGTCCGGAGGAGTCC"	"GCAGCC----------GTCC"	0.002841297151238519	0.003089757759014249	0.0027049809166742383	0.0020819614573805547
"GCAGCCGTCCGGAGGAGTCC"	"GCAGCCG---GGAGGAGTCC"	0.0020027543377086746	0.002229050493363956	0.002301002456661728	0.0025539118995703924
"GCAGCCGTCCGGAGGAGTCC"	"GCAGC-------------CC"	0.0018725764254070858	0.002124277004434558	0.0019694145575774565	0.0018412396082751056
"GCAGCCGTCCGGAGGAGTCC"	"GCAGCCG------------C"	0.0016261788975931268	0.0018010365337040154	0.0016402527205351047	0.00161091513481177
"GCAGCCGTCCGGAGGAGTCC"	"GCA-------GGAGGAGTCC"	0.0015469823580564377	0.0017387427356803959	0.0017406603850442196	0.0016559704292609275
"GCAGCCGTCCGGAGGAGTCC"	"GCAGCCGT--GGAGGAGTCC"	0.0013858274769445512	0.0015319010049188704	0.0015508797253134296	0.0014814753423976349
"GCAGCCGTCCGGAGGAGTCC"	"GCAGCC-----GAGGAGTCC"	0.0012939415766903908	0.001522542312258045	0.0013604729850556926	0.001439283093415146
"GCAGCCGTCC--GGAGGAGTCC"	"GCAGCCGTCCTTGGAGGAGTCC"	0.0011987713713093554	0.0012961789335243286	0.0012358829601932524	0.0012793292637904613
"GCAGCCGTCCGGAGGAGTCC"	"GCAGCCGTCC---TGAGTCC"	0.0010771774383166444	0.0012473382562006457	0.00123455253907349	0.0010817791265903087
"GCAGCCGTCCGGAGGAGTCC"	"GCAGCCGTCC--------CC"	0.0013500733370406172	0.0015180091955004575	0.0011646663002530383	0.0009992028678674379
"GCAGCCGTCCGGAGGAGTCC"	"----------GGAGGAGTCC"	0.0008331684960495035	0.0008995312172354363	0.0009450685554264004	0.0008502491602989019
"GCAGCCGTCCGGAGGAGTCC"	"GCAGCCGTC--GAGGAGTCC"	0.0007383715071601584	0.0008421361099014675	0.0008380087853184742	0.0007488370761374202
"GCAGCCGTCCGGAGGAGTCC"	"GCA----------------C"	0.000727846802094491	0.000852957098290547	0.0008319045001807416	0.0008349544700427498
"GCAGCCGTCCGGAGGAGTCC"	"GCAGCCGTCC-----TGTCC"	0.0007889796634333678	0.0008575633298345471	0.0008441913305220752	0.000714706560442657
"GCAGCCGTCCGGAGGAGTCC"	"GCAGCCGTCC------TTCC"	0.0007871135809749162	0.0008847620303800712	0.0008054525979172335	0.0006945898988742204
"GCAGCCGTCCGGAGGAGTCC"	"GCAGCCGTCC----GAGTCC"	0.0007775592387876436	0.0008790590770398806	0.0008117134031867029	0.0006798979550321038
"GCAGCCGTCC-GGAGGAGTCC"	"GCAGCCGTCCCGGAGGAGTCC"	0.0007592716306948172	0.0008028734695978482	0.0006690453031086698	0.000721336770997048
"GCAGCCGTCCGGAGGAGTCC"	"GCA--------GAGGAGTCC"	0.0006176732937475041	0.0007577616463812129	0.0007350185386357032	0.0006608360996882294
"GCAGCCGTCCGGAGGAGTCC"	"GCAG------GGAGGAGTCC"	0.0006064767989967941	0.0006494055329175929	0.0006936189637913371	0.0007064941405514226
"GCAGCCGTCCGGAGGAGTCC"	"GCAGCC------AGGAGTCC"	0.0005867709682355444	0.0006519645504420373	0.0006397760384739005	0.0005796913636986931
"GCAGCCGTCCGGAGGAGTCC"	"GCAGCCGT-----------C"	0.0006091639577369645	0.0006674648851615296	0.0006404021190008475	0.0005403621601828732
"GCAGCCGTCCGGAGGAGTCC"	"GCAG---------------C"	0.0005318335006587272	0.0006350750347807038	0.0005798288280187314	0.0005931024714109841
"GCAGCCGTCCGGAGGAGTCC"	"GCAGCC-------GGAGTCC"	0.0005936381516826465	0.0006853048930462282	0.0005496987026594101	0.0006416235577408461
"GCAGCCGTCCGGAGGAGTCC"	"GC----------AGGAGTCC"	0.0005429553521110991	0.0006058291202156242	0.0005127599515695408	0.0004924438202670468
"GCAGCCGTCCGGAGGAGTCC"	"GCAGCCG------GGAGTCC"	0.0004778663959603047	0.0005475566354447032	0.0005168294749946959	0.0005194920655968923
"GCAGCCGTCCGGAGGAGTCC"	"GCAGCCGTCC------GTCC"	0.0005355656655756304	0.0006411435620529579	0.0005690289389288967	0.000469238083326678
"GCAGCCGTCCGGAGGAGTCC"	"GCAGCCGTC---AGGAGTCC"	0.0004368125818743679	0.00048767562537270265	0.00044623889558142885	0.00046554626154071026
"GCAGCCGTCCGGAGGAGTCC"	"GCAGCCGTCGGGAGGAGTCC"	0.0012367648101634316	0.0013297386204877575	0.0007433923656836185	0.0004164977720985671
"GCAGCCGTCCGGAGGAGTCC"	"GCAGCCGTCC----TAGTCC"	0.00042942289533889926	0.00048584775571238517	0.00044076069097064317	0.00040527162013715497
"GCAGCCGTCCGGAGGAGTCC"	"GCAGCCGTC----GGAGTCC"	0.0003677675309116559	0.0004283795335920037	0.00037838741847355463	0.0003770178819792384
"GCAGCCGTCCGGAGGAGTCC"	"GCAGCCGT---GAGGAGTCC"	0.0003262658570356907	0.00036374606240317776	0.0003627354052998812	0.0003251816903721808
"GCAGCCGTCCGGAGGAGTCC"	"GCA---------AGGAGTCC"	0.00030932182831294947	0.00035438736974235225	0.0003540485379884925	0.00030642120823532425
"GCAGCCGTCCGGAGGAGTCC"	"GC--------GGAGGAGTCC"	0.00032835586938915654	0.000336474247071241	0.0003407443267908701	0.0002904484282633821
"GCAGCCGTCCGGAGGAGTCC"	"GCAG--------------CC"	0.00032163797253873053	0.0003279929318473679	0.00028697966153930194	0.00026317415302827335
"GCAGCCGTCC--GGAGGAGTCC"	"GCAGCCGTCCCAGGAGGAGTCC"	0.00026558085548684224	0.0002921666865051454	0.0002732058899464693	0.00029911290796514315
"GCAGCCGTCCGGAGGAGTCC"	"GCAGCCGTCC-------TGC"	0.00029297494597691284	0.0003517552374314951	0.0002682755057967622	0.00026769475113354
"GCAGCCGTCC-GGAGGAGTCC"	"GCAGCCGTCCGGGAGGAGTCC"	0.0003139497128099096	0.0003568001576939713	0.0002592755982219	0.0002627220932177467
"GCAGCCGTCCGGAGGAGTCC"	"GCAGCCGT----AGGAGTCC"	0.00023938105777018075	0.00027089028365904995	0.0002793884351500703	0.0002444136708914167
"GCAGCCGTCC---GGAGGAGTCC"	"GCAGCCGTCCTGAGGAGGAGTCC"	0.00023639532583665806	0.00028119946854324054	0.000290188324239905	0.00032812007914060417
"GCAGCCGTCCGGAGGAGTCC"	"-----------GAGGAGTCC"	0.00022878170940617525	0.00025604798201727205	0.00026929288665305097	0.00023356423543877678
"GCAGCCGTCCGGAGGAGTCC"	"GCAGCCGTCC-----AGTCC"	0.00025632508649292194	0.00028134569811606594	0.00023978884182067662	0.00024026978929492232
"GCAGCCGTCCGGAGGAGTCC"	"G---------GGAGGAGTCC"	0.0002455764515322403	0.0002661378225422245	0.00026608422395244793	0.00022444769592648906
"GCAGCCGTCC--GGAGGAGTCC"	"GCAGCCGTCCAAGGAGGAGTCC"	0.00024572573812891646	0.00024244863174451004	0.00022491942930568686	0.0002173654255615713
"GCAGCCGTCCGGAGGAGTCC"	"G-----------------CC"	0.00021519662910864706	0.00023791551498692268	0.00021967600489250627	0.00023039981676509013
"GCAGCCGTCCGGAGGAGTCC"	"GCAG---------GGAGTCC"	0.0002254974042793003	0.00023389420173422425	0.0002156064814673512	0.00021796817197560685
"GCAGCCGTCC---GGAGGAGTCC"	"GCAGCCGTCCTCAGGAGGAGTCC"	0.0003493306362221534	0.0003727391811319397	0.0002846318595632509	0.00020433103435805246
"GCAGCCGTCCGGAGGAGTCC"	"GCAGC-----GGAGGAGTCC"	0.00020392549105959895	0.00020479451674197002	0.00020566745310206857	0.00018926237400716364
"GCAGCCGTCC-GGAGGAGTCC"	"GCAGCCGTCCTGTAGGAGTCC"	0.0001857125262651106	0.0002079384525577161	0.0001998762082278094	0.0002032008848317358
"GCAGCCGTCCGGAGGAGTCC"	"GCAGCCGT-----GGAGTCC"	0.0002024326250928376	0.0002072804194800018	0.00021826732370687567	0.00018413902948786145
"GCAGCCGTCC-----GGAGGAGTCC"	"GCAGCCGTCCTTGCAGGAGGAGTCC"	0.00019422186227565022	0.0002004076295572081	0.00018250247360503192	0.00020907766236858246
"GCAGCCGTCCGGAGGAGTCC"	"GCAGCCGTCC--------TC"	0.0027692663683422845	0.0027035654571823725	0.0001799981514972442	0.0025695833063353168
"GCAGCCGTCC-GGAGGAGTCC"	"GCAGCCGTCCTGGAGGAGTCT"	0.00018421966029834926	0.00017810761970133486	0.00017991989143137583	0.0001936322855089214
"GCAGCCGTCCGGAGGAGTCC"	"GCAGCC--------GAGTCC"	0.00018750396542522422	0.0002078653377713034	0.00017412864655711667	0.0002044063776598069
"GCAGCCGTCCGGAGGAGTCC"	"------------AGGAGTCC"	0.00017376959853101988	0.000167871549603557	0.00016254615680859834	0.0001565633810457349
"GCAGCCGTCCGGAGGAGTCC"	"GCAGCCGA--GGAGGAGTCC"	0.00014712194102433	0.00016348466241879506	0.00015808533305410142	0.0001615360389615282
"GCAGCCGTCC---GGAGGAGTCC"	"GCAGCCGTCCTAAGGAGGAGTCC"	0.00013644794936198642	0.00016377712156444586	0.00018109379241940132	0.00026822215424582107
"GCAGCCGTCCGGAGGAGTCC"	"GC-------------AGTCC"	0.00017167958617755403	0.0001920725439061604	0.00020558919303620022	0.000136898779287825
"GCAGCCGTCC-GGAGGAGTCC"	"GCAGCCGTCCTAGAGGAGTCC"	0.00016451382953709958	0.00018790500108063654	0.00015205930798223717	0.00013584397306326274
"GCAGCCGTCCGGAGGAGTCC"	"GCAGCC------------CC"	0.00013002862570491266	0.00015083580436939812	0.00013805075619179947	0.00013825495871940498
"GCAGCCGTCC-GGAGGAGTCC"	"GCAGCCGTCCTGGAGGAGTAC"	0.00015406376776977022	0.00015478400283568388	0.00013186821098819845	0.0001494057673790627
"GCAGCCGTCCGGAGGAGTCC"	"GCAGCCG-----------CC"	0.00013659723595866254	0.00017189286285625545	0.00013053778986843622	0.00014887836426678158
"GCAGCCGTCC-GGAGGAGTCC"	"GCAGCCGTCCTTGAGGAGTCC"	0.00012025035362262587	0.00014666826154387429	0.0001299117093414893	0.00012333698497202504
"GCAGCCGTCC----GGAGGAGTCC"	"GCAGCCGTCCTGGAGGAGGAGTCC"	0.00013189470816336432	0.00012597677698908044	0.00012239874301812605	0.00014963179728432602
"GCAGCCGTCCGGAGGAGTCC"	"GCAGCCG---------GTCC"	0.00012346001545116274	0.00015010465650527112	0.00012192918262291584	0.0001268781201544839
"GCAGCCGTCCGGAGGAGTCC"	"GCAGCCA---GGAGGAGTCC"	0.00012039964021930201	0.00011266988586196923	0.00014321592053911168	0.0001325288677860672
"GCAGCCGTCCGGAGGAGTCC"	"GCA-----------GAGTCC"	0.00012480359482124797	0.0001305830085330805	0.0001144162162995526	0.00012024790960009283
"GCAGCCGTCC-GGAGGAGTCC"	"GCAGCCGGCCTGGAGGAGTCC"	0.00010584419704337895	0.00012012759407606453	0.00013304211197622397	0.0001449605125755505
"GCAGCCGTCC---GGAGGAGTCC"	"GCAGCCGTCCTCCGGAGGAGTCC"	0.00012420644843454343	0.00011332791893968352	0.00011872051992231279	0.00010419978632639622
"GCAGCCGTCC-GGAGGAGTCC"	"GCAGCCGTCCTGCAGGAGTCC"	0.00010442597437495568	0.00012824333536787412	0.00010713803017379447	0.000102466890386044
"GCAGCCGTCC-GGAGGAGTCC"	"GCAGCCGTCGTGGAGGAGTCC"	0.00010151488573977107	0.00011786103569727087	0.00011605967768278831	0.000136898779287825
"GCAGCCGTCCGGAGGAGTCC"	"GCAGCCGTC-------GTCC"	0.00010405275788326534	0.00013606661751403292	0.0001042424077366649	9.990521812639291e-05
"GCAGCCGTCCGGAGGAGTCC"	"GCAGCCGTC-----GAGTCC"	0.00010375418468991307	0.0001139859520173978	0.0001123031945211067	9.922712841060291e-05
"GCAGCCGTCCGGAGGAGTCC"	"GCAGCC-----------TCC"	0.00011651818870572253	0.00012678103963962014	9.837290279653737e-05	0.00010849435452639954
"GCAGCCGTCC-----GGAGGAGTCC"	"GCAGCCGTCCTGGAAGGAGGAGTCC"	0.00010106702594974267	9.877807644355641e-05	9.751204207198532e-05	9.42544704948096e-05
"GCAGCCGTCC-GGAGGAGTCC"	"GCAGCCGTCCTGGAGGAGTGC"	9.225911674585076e-05	0.00011018398312393746	9.743378200611697e-05	9.88504119018307e-05
"GCAGCCGTCC-GGAGGAGTCC"	"GCAGCCGTCCTGGGGGAGTCC"	8.830302193393321e-05	9.351381182184207e-05	9.477293976659249e-05	0.00010133674085972735
"GCAGCCGTCC-GGAGGAGTCC"	"GCAGCCGTCCTGGAGGAGACC"	8.658622607215767e-05	9.300200831695318e-05	0.00011003365261092405	0.0001108299968807873
"GCAGCCGTCCGGAGGAGTCC"	"GC---------GAGGAGTCC"	0.0001016641723364472	0.0001071862768810168	8.945125528754353e-05	9.628873964217959e-05
"GCAGCCGTCC-GGAGGAGTCC"	"GCAGCCGTCCTGGAGGAGGCC"	8.40483539286634e-05	8.744528454958806e-05	0.00010768585063487304	0.0001070628317930651
"GCAGCCGTCC-GGAGGAGTCC"	"GCAGCCGTCAGGGAGGAGTCC"	0.0003115611272630915	0.00032609194740063774	0.0001628591970720718	8.378175155094187e-05
"GCAGCCGTCC-GGAGGAGTCC"	"GCAGCGGTCCTGGAGGAGTCC"	8.255548796190206e-05	8.707971061752457e-05	9.719900180851187e-05	0.00010872038443166287
"GCAGCCGTCC-GGAGGAGTCC"	"GCAGCCGTCCTGGAGTAGTCC"	8.748194565221448e-05	9.446430404520717e-05	8.561651205999354e-05	0.0001000559047299018
"GCAGCCGTCC-GGAGGAGTCC"	"GCAGCCGTCCTCGAGGAGTCC"	9.89770135962768e-05	0.00010937972047339776	0.00010134678529953532	8.061733287725521e-05
"GCAGCCGTCC--GGAGGAGTCC"	"GCAGCCGTCCGAGGAGGAGTCC"	9.233376004418884e-05	9.490299276368336e-05	8.303392988633743e-05	7.760360080707745e-05
"GCAGCCGTCC----GGAGGAGTCC"	"GCAGCCGTCCTGCAGGAGGAGTCC"	7.621080760316637e-05	8.876135070501664e-05	9.868594306001084e-05	0.00010502856264569512
"GCAGCCGTCC-GGAGGAGTCC"	"GCAGCCGTCCTGGAGGAATCC"	8.240620136522592e-05	8.803020284088964e-05	7.888614639531398e-05	8.07680194807641e-05
"GCAGCCGTCC---GGAGGAGTCC"	"GCAGCCGTCCTTAGGAGGAGTCC"	7.949511273004131e-05	9.270954917130238e-05	7.69296447486048e-05	8.521327428427631e-05
"GCAGCCGTCCGGAGGAGTCC"	"GCAGCCGTCCAGAGGAGTCC"	0.00010972564855695843	0.00011734923219238197	8.49904315330466e-05	7.398712232286413e-05
"GCAGCCGTCC-GGAGGAGTCC"	"GCAGCAGTCCTGGAGGAGTCC"	7.277721587961529e-05	7.530823000508001e-05	9.031211601209556e-05	9.071333531235073e-05
"GCAGCCGTCC---GGAGGAGTCC"	"GCAGCCGTCCTGTGGAGGAGTCC"	7.120970661451588e-05	8.569052967568328e-05	9.610336088635472e-05	0.00010035727793691957
"GCAGCCGTCC-GGAGGAGTCC"	"GCAGCCGTCCTGGAGGAGCCC"	7.106042001783975e-05	7.479642650019113e-05	8.639911271867722e-05	8.732288673340074e-05
"GCAGCCGTCC-GGAGGAGTCC"	"GCAGCCGACCTGGAGGAGTCC"	6.964219734941648e-05	7.56006891507308e-05	7.779050547315683e-05	8.65694537158563e-05
"GCAGCCGTCCGGAGGAGTCC"	"GCAGCCG-------------"	7.859939314998452e-05	0.0001069669325217787	7.239056092823952e-05	8.596670730182075e-05
"GCAGCCGTCCGGAGGAGTCC"	"GCAGCCGTCCCGAGGAGTCC"	8.703408586218607e-05	8.803020284088964e-05	7.293838138931807e-05	6.713088186320971e-05
"GCAGCCGTCC-GGAGGAGTCC"	"GCAGCTGTCCTGGAGGAGTCC"	6.48650262557802e-05	6.83623252958736e-05	6.808625730547933e-05	7.42884955298819e-05
"GCAGCCGTCC---GGAGGAGTCC"	"GCAGCCGTCCTTTGGAGGAGTCC"	7.942046943170325e-05	6.997085059695299e-05	6.706887644919056e-05	0.00010148742746323623
"GCAGCCGTCCGGAGGAGTCC"	"GC-----------GGAGTCC"	7.404615195136242e-05	0.00010908726132774698	9.305121831748841e-05	6.374043328425973e-05
"GCAGCCGTCC-GGAGGAGTCC"	"GCAGCCGTCCTGGAGGCGTCC"	6.277501390231431e-05	6.748494785892121e-05	6.855581770068953e-05	8.619273720708408e-05
"GCAGCCGTCCGGAGGAGTCC"	"GCAG------------GTCC"	6.382002007904725e-05	7.179872025727046e-05	6.542541506595485e-05	6.585004573338416e-05
"GCAGCCGTCC--GGAGGAGTCC"	"GCAGCCGTCCCCGGAGGAGTCC"	6.180465102391945e-05	7.59662630827943e-05	6.965145862284666e-05	6.856240459654416e-05
"GCAGCCGTCC-GGAGGAGTCC"	"GCAGCCGTCCTGGAGGAGTCA"	6.158072112890525e-05	6.704625914044502e-05	7.630356422165786e-05	7.730222760005968e-05
"GCAGCCGTCC---GGAGGAGTCC"	"GCAGCCGTCCTCTGGAGGAGTCC"	7.688259728820898e-05	9.366004139466747e-05	9.156427706598943e-05	5.9144491877238635e-05
"GCAGCCGTCCGGAGGAGTCC"	"GCAGCCGTA-GGAGGAGTCC"	5.80724861070161e-05	6.631511127631804e-05	7.019927908392524e-05	6.848706129478972e-05
"GCAGCCGTCC-GGAGGAGTCC"	"GCAGCCGCCCTGGAGGAGTCC"	5.777391291366383e-05	6.412166768393706e-05	6.299935302403547e-05	6.878843450180749e-05
"GCAGCCGTCCGGAGGAGTCC"	"GCA--------------TCC"	7.621080760316637e-05	6.21475684507942e-05	5.6503767556961e-05	7.014461393338748e-05
"GCAGCCGTCC-GGAGGAGTCC"	"GCAGCCGTCCTGGAGGGGTCC"	5.650497684191669e-05	5.710264818831795e-05	5.5721166898277334e-05	6.637744884566527e-05
"GCAGCCGTCC--GGAGGAGTCC"	"GCAGCCGTCCCTGGAGGAGTCC"	7.382222205634823e-05	7.289544205346095e-05	5.55646467665406e-05	6.223356724917085e-05
"GCAGCCGTCCGGAGGAGTCC"	"G------------GGAGTCC"	5.307138511836561e-05	7.165249068444506e-05	5.6112467227619164e-05	5.311702773688311e-05
"GCAGCCGTCCGGAGGAGTCC"	"GCAGCCGG--GGAGGAGTCC"	0.00014794301730604873	0.00016326531805955697	8.835561436538638e-05	5.296634113337422e-05
"GCAGCCGTCC-GGAGGAGTCC"	"GCAGCCGTCCTGGAGGTGTCC"	6.255108400730012e-05	6.536461905295295e-05	5.3764665251568157e-05	7.752825750532301e-05
"GCAGCCGTCCGGAGGAGTCC"	"GCAGC------GAGGAGTCC"	6.18792943222575e-05	6.273248674209577e-05	5.6190727293487536e-05	5.130878849477645e-05
"GCAGCCGTCCGGAGGAGTCC"	"GCAA------GGAGGAGTCC"	5.0458869676533266e-05	5.432428630463539e-05	6.166893190427322e-05	6.343906007724196e-05
"GCAGCCGTCCGGAGGAGTCC"	"GCAGCCGTCAGGAGGAGTCC"	5.0234939781519064e-05	5.37393680133338e-05	6.0416770850379356e-05	6.645279214741971e-05
"GCAGCCGTCC-GGAGGAGTCC"	"GCAGCCGTCCTGGAGGAGTCG"	5.0234939781519064e-05	5.2861990576381407e-05	5.399944544917326e-05	5.899380527372975e-05
"GCAGCCGTCC-GGAGGAGTCC"	"GCGGCCGTCCTGGAGGAGTCC"	5.001100988650486e-05	5.147280963454013e-05	5.180816360485898e-05	5.643213301407865e-05
"GCAGCCGTCCGGAGGAGTCC"	"GCAGCCGTC--------TCC"	7.934582613336517e-05	8.920003942349283e-05	7.779050547315683e-05	4.8822459536879796e-05
"GCAGCCGTCC-GGAGGAGTCC"	"GCAGCCGTCCTGGAGAAGTCC"	4.807028412971512e-05	5.710264818831795e-05	4.9303841497071235e-05	4.7616966708808685e-05
"GCAGCCGTCCGGAGGAGTCC"	"--------------GAGTCC"	4.717456454965832e-05	4.781707031390518e-05	5.67385477545661e-05	4.701422029477313e-05
"GCAGCCGTCCGGAGGAGTCC"	"GCAGCCGTCCGGAGGAGGCC"	4.6353488267939584e-05	5.271576100355601e-05	5.7677668544986505e-05	6.939118091584304e-05
"GCAGCCGTCCGGAGGAGTCC"	"GCAGCCGTG-GGAGGAGTCC"	0.00014801766060438677	0.00017013810798235067	8.788605397017618e-05	4.671284708775536e-05
"GCAGCCGTCCGGAGGAGTCC"	"GCAGCCGT--------GTCC"	4.33677563344169e-05	4.730526680901628e-05	5.141686327551714e-05	5.5754043298288656e-05
"GCAGCCGTCC-GGAGGAGTCC"	"GCATCCGTCCTGGAGGAGTCC"	4.299453984272657e-05	4.657411894488929e-05	4.492127780844268e-05	4.769231001056313e-05
"GCAGCCGTCCGGAGGAGTCC"	"GCAGCCGTCCGGCGGAGTCC"	4.732385114633446e-05	5.819936998450844e-05	4.437345734736411e-05	5.439786386670866e-05
"GCAGCCGTCC-GGAGGAGTCC"	"GCAGCCGTCCTGGATGAGTCC"	4.194953366599363e-05	4.58429710807623e-05	4.578213853299472e-05	4.9199176045652016e-05
"GCAGCCGTCCGGAGGAGTCC"	"GCAGCCGTCCGGAGGAGACC"	4.254668005269817e-05	4.057870645904797e-05	4.578213853299472e-05	6.02746414035553e-05
"GCAGCCGTCCGGAGGAGTCC"	"GCAGCCGTCCTAAGGAGTCC"	4.762242433968672e-05	4.4600019711746416e-05	4.335607649107534e-05	4.347308511231426e-05
"GCAGCCGTCCGGAGGAGTCC"	"GCAGCC---------AGTCC"	4.874207381475773e-05	3.889706637155589e-05	4.312129629347024e-05	4.061003964564538e-05
"GCAGCCGTCCGGAGGAGTCC"	"GCAGCCGT------GAGTCC"	4.471133570450211e-05	4.394198663403213e-05	4.719081971862532e-05	3.963057672283761e-05
"GCAGCCGTCC-GGAGGAGTCC"	"GTAGCCGTCCTGGAGGAGTCC"	3.911308832914709e-05	4.5623626721524205e-05	4.4843017742574314e-05	4.708956359652758e-05
"GCAGCCGTCC---GGAGGAGTCC"	"GCAGCCGTCCTGGGGAGGAGTCC"	3.791879555573802e-05	4.028624731339717e-05	5.235598406593755e-05	4.8596429631616464e-05
"GCAGCCGTCC-GGAGGAGTCC"	"GCAGCCGTCCTGGCGGAGTCC"	3.6425929588976675e-05	3.706919671123842e-05	4.194739530544473e-05	4.5884070768456474e-05
"GCAGCCGTCC-GGAGGAGTCC"	"GCAGCCGTCCTGGAGGACTCC"	3.6948432677343145e-05	4.4600019711746416e-05	3.803439201202638e-05	4.407583152634981e-05
"GCAGCCGTCC-GGAGGAGTCC"	"TCAGCCGTCCTGGAGGAGTCC"	3.7247005870695414e-05	3.897018115796859e-05	3.740831148507945e-05	4.294568200003315e-05
"GCAGCCGTCCGGAGGAGTCC"	"GCAGCCGTCC-------TAC"	5.284745522335141e-05	4.971805476063535e-05	4.499953787431105e-05	3.541135182458874e-05
"GCAGCCGTCCGGAGGAGTCC"	"GCAGC-------AGGAGTCC"	4.784635423470092e-05	5.278887578996871e-05	3.8660472538973316e-05	3.526066522107985e-05
"GCAGCCGTCC-GGAGGAGTCC"	"GCAGCCGTCCTGGAGGATTCC"	3.597806979894828e-05	4.284526483784164e-05	3.646919069465904e-05	3.7219591066695395e-05
"GCAGCCGTCCGGAGGAGTCC"	"GCAGCCGTCC-CAGGAGTCC"	4.478597900284018e-05	4.021313252698447e-05	3.748657155094781e-05	3.4356545600026524e-05
"GCAGCCGTCC-GGAGGAGTCC"	"GGAGCCGTCCTGGAGGAGTCC"	3.7247005870695414e-05	3.290165388571457e-05	3.5843110167712107e-05	3.812371068774873e-05
"GCAGCCGTCCGGAGGAGTCC"	"GCAGCCGTAGGGAGGAGTCC"	0.0001023359620214898	0.00011837283920215975	6.0103730586905884e-05	3.3000366168446525e-05
"GCAGCCGTCCGGAGGAGTCC"	"GCAGCCGTCC-------CCC"	3.9934164610865826e-05	4.4526904925333716e-05	4.515605800604778e-05	3.284967956493764e-05
"GCAGCCGTCC-GGAGGAGTCC"	"GCAGACGTCCTGGAGGAGTCC"	3.1947331688692657e-05	3.2755424312889174e-05	3.380834845513456e-05	3.450723220353541e-05
"GCAGCCGTCCGGAGGAGTCC"	"GCAGCCGTCCTTAGGAGTCC"	3.1947331688692657e-05	4.767084074107978e-05	3.701701115573761e-05	4.045935304213649e-05
"GCAGCCGTCC-----GGAGGAGTCC"	"GCAGCCGTCCTTCCAGGAGGAGTCC"	3.0603752318607454e-05	4.189477261447655e-05	4.515605800604778e-05	4.889780283863424e-05
"GCAGCCGTCCGGAGGAGTCC"	"GCAGC--------GGAGTCC"	4.6577418162953786e-05	3.84583776530797e-05	4.2651735898260036e-05	2.976060419300543e-05
"GCAGCCGTCCGGAGGAGTCC"	"GCAGCCGTCC-------TTC"	3.0379822423593252e-05	3.82390332938416e-05	3.036490555692641e-05	3.0438693908795427e-05
"GCAGCCGTCC------GGAGGAGTCC"	"GCAGCCGTCCTGGATAGGAGGAGTCC"	2.970803273855065e-05	4.3283953556317835e-05	3.459094911381823e-05	2.8931827873706544e-05
"GCAGCCGTCCGGAGGAGTCC"	"GCAGCCGTCCGGAGGAGTCA"	3.149947189866426e-05	3.414460525473045e-05	2.981708509584784e-05	3.887714370529317e-05
"GCAGCCGTCC--GGAGGAGTCC"	"GCAGCCGTCCAGGGAGGAGTCC"	6.84479045760074e-05	6.792363657739741e-05	4.319955635933861e-05	2.8178394856162104e-05
"GCAGCCGTCC-GGAGGAGTCC"	"GCAGCCGTCCTGGAGGAGTTC"	3.090232551195972e-05	3.2609194740063775e-05	2.8956224371295803e-05	3.518532191932541e-05
"GCAGCCGTCC-GGAGGAGTCC"	"GCAGCCGTGCTGGAGGAGTCC"	2.7692663683422844e-05	3.2609194740063775e-05	2.8877964305427438e-05	3.541135182458874e-05
"GCAGCCGTCCGGAGGAGTCC"	"GCAGCCGT---------TCC"	3.814272545075222e-05	3.84583776530797e-05	2.8643184107822337e-05	2.832908145967099e-05
"GCAGCCGTCC------GGAGGAGTCC"	"GCAGCCGTCCTTGCAAGGAGGAGTCC"	2.7841950280098978e-05	2.961148849714311e-05	2.833014384434887e-05	3.315105277195541e-05
"GCAGCCGTCC-GGAGGAGTCC"	"GCAGCCGTCTTGGAGGAGTCC"	2.6871587401704108e-05	3.114689901180979e-05	3.239966726950395e-05	3.081541041756765e-05
"GCAGCCGTCCGGAGGAGTCC"	"GCAGCCGTCCGGAGGATTCC"	3.0081249230240987e-05	3.436394961396855e-05	2.7860583449138667e-05	3.902783030880206e-05
"GCAGCCGTCCGGAGGAGTCC"	"GCAGCCGGCCGGAGGAGTCC"	2.6199797716661503e-05	2.661378225422245e-05	2.770406331740193e-05	3.541135182458874e-05
"GCAGCCGTCC-GGAGGAGTCC"	"GCCGCCGTCCTGGAGGAGTCC"	2.59758678216473e-05	2.7929848409651035e-05	3.169532667668865e-05	3.1493500133357646e-05
"GCAGCCGTCCGGAGGAGTCC"	"GCAGCCGTCC-TTGGAGTCC"	2.582658122497117e-05	3.8604607225905095e-05	3.2947487730582526e-05	2.6370155614055445e-05
"GCAGCCGTCC--GGAGGAGTCC"	"GCAGCCGTCCTAAGAGGAGTCC"	2.8961599755169982e-05	3.122001379822249e-05	2.9504044832374372e-05	2.599343910528322e-05
"GCAGCCGTCC--GGAGGAGTCC"	"GCAGCCGTCCGTGGAGGAGTCC"	2.6722300805027973e-05	3.1585587730285985e-05	2.6217122065902958e-05	2.7726335045635436e-05
"GCAGCCGTCC-GGAGGAGTCC"	"ACAGCCGTCCTGGAGGAGTCC"	2.46322884515621e-05	2.8149192768889133e-05	2.82518837784805e-05	2.667152882107322e-05
"GCAGCCGTCC---GGAGGAGTCC"	"GCAGCCGTCCGGAGGAGGAGTCC"	3.2245904882044925e-05	3.9993788167746375e-05	3.787787188028965e-05	2.4787946277212118e-05
"GCAGCCGTCC-GGAGGAGTCC"	"GAAGCCGTCCTGGAGGAGTCC"	2.410978536319563e-05	2.734493011834944e-05	2.582582173656112e-05	2.9685260891250987e-05
"GCAGCCGTCCGGAGGAGTCC"	"GCA---------------CC"	4.299453984272657e-05	3.8531492439492396e-05	3.811265207789475e-05	2.4034513259667675e-05
"GCAGCCGTCC-GGAGGAGTCC"	"GCAGTCGTCCTGGAGGAGTCC"	2.4930861644914364e-05	2.741804490476214e-05	2.3869320089851947e-05	3.066472381405876e-05
"GCAGCCGTCC-GGAGGAGTCC"	"GCAGCCGTCATGGAGGAGTCC"	2.2243702904743955e-05	0.0001679446643899697	2.770406331740193e-05	0.00011263823612289397
"GCAGCCGTCCGGAGGAGTCC"	"GCAGCCGTCCTGGGGAGTCC"	2.7916593578437045e-05	3.4071490468317754e-05	2.457366068266725e-05	2.2452303922824347e-05
"GCAGCCGTCCGGAGGAGTCC"	"GCAGCGGTCCGGAGGAGTCC"	2.1945129711391687e-05	2.3177387292825596e-05	2.770406331740193e-05	3.0212664003532095e-05
"GCAGCCGTCCGGAGGAGTCC"	"GCA------------AGTCC"	2.6423727611675705e-05	2.5736404817270064e-05	2.3947580155720315e-05	2.177421420703435e-05
"GCAGCCGTCCGGAGGAGTCC"	"GCAGCCGTCCGGAGGAGCCC"	2.1795843114715552e-05	2.0983943700444624e-05	2.8877964305427438e-05	2.9986634098268763e-05
"GCAGCCGTCCGGAGGAGTCC"	"GCAGCCGTC------AGTCC"	2.560265132995697e-05	3.7142311497651117e-05	2.222585870661624e-05	3.1116783624585426e-05
"GCAGCCGTCC-----GGAGGAGTCC"	"GCAGCCGTCCTGGATGGAGGAGTCC"	3.396270074382047e-05	3.3998375681905055e-05	3.122576628147845e-05	2.1246811094753244e-05
"GCAGCCGTCCGGAGGAGTCC"	"GCAGCCGTCCTCAGGAGTCC"	3.739629246737155e-05	4.533116757587341e-05	3.459094911381823e-05	2.1020781189489912e-05
"GCAGCCGTCC--GGAGGAGTCC"	"GCAGCCGTCCTATGAGGAGTCC"	2.1721199816377485e-05	2.4639683021079578e-05	2.167803824553767e-05	2.6219469010546557e-05
"GCAGCCGTCCGGAGGAGTCC"	"GCAGCCGAG-GGAGGAGTCC"	6.874647776935967e-05	7.881773975288957e-05	4.3747376820417175e-05	2.026734817194547e-05
"GCAGCCGTCC-GGAGGAGTCC"	"GCAGCCGTCCTGAAGGAGTCC"	1.9705830761249678e-05	2.5370830885206567e-05	2.692146265871826e-05	2.9157857778969875e-05
"GCAGCCGTCC-GGAGGAGTCC"	"GCAGCCTTCCTGGAGGAGTCC"	2.0974766832996817e-05	2.427410908901608e-05	2.0660657389248898e-05	2.780167834738988e-05
"GCAGCCGTCC-GGAGGAGTCC"	"GCTGCCGTCCTGGAGGAGTCC"	1.9705830761249678e-05	2.376230558412719e-05	2.613886200003459e-05	2.5541379294756558e-05
"GCAGCCGTCCGGAGGAGTCC"	"GCAGCAGTCCGGAGGAGTCC"	1.9257970971221278e-05	2.208066549663511e-05	2.214759864074787e-05	2.667152882107322e-05
"GCAGCCGTCC------GGAGGAGTCC"	"GCAGCCGTCCTGGAAAGGAGGAGTCC"	1.9257970971221278e-05	2.7710504050412937e-05	2.4964961012009086e-05	2.667152882107322e-05
"GCAGCCGTCCGGAGGAGTCC"	"GCAGCCGT------------"	2.2169059606405888e-05	2.2519354215111306e-05	2.2382378838352975e-05	1.936322855089214e-05
"GCAGCCGTCCGGAGGAGTCC"	"GCAGCCGTCCGGAGGGGTCC"	1.918332767288321e-05	2.083771412761923e-05	2.058239732338053e-05	2.667152882107322e-05
"GCAGCCGTCCGGAGGAGTCC"	"GCAGCCGTCCGGAGGAGTCG"	2.0079047252940014e-05	2.2884928147174802e-05	1.979979666469686e-05	2.576740920001989e-05
"GCAGCCGTCCGGAGGAGTCC"	"GCAGA-----GGAGGAGTCC"	1.8810111181192875e-05	2.9392144137905017e-05	2.6764942526981528e-05	2.4486573070194342e-05
"GCAGCCGTCC-GGAGGAGTCC"	"GCAACCGTCCTGGAGGAGTCC"	1.8586181286178673e-05	2.0252795836317635e-05	1.979979666469686e-05	1.951391515440103e-05
"GCAGCCGTCC-GGAGGAGTCC"	"GCAGCCGTCCTGGAAGAGTCC"	1.8511537987840606e-05	2.1057058486857323e-05	2.1756298311406037e-05	2.04933780772088e-05
"GCAGCCGTCC---GGAGGAGTCC"	"GCAGCCGTCCTATGGAGGAGTCC"	2.015369055127808e-05	2.7271815331936745e-05	1.901719600601319e-05	4.045935304213649e-05
"GCAGCCGTCC-GGAGGAGTCC"	"GCAGCCATCCTGGAGGAGTCC"	1.8063678197812206e-05	2.0399025409143033e-05	2.191281844314277e-05	2.2075587414052128e-05
"GCAGCCGTCC------GGAGGAGTCC"	"GCAGCCGTCCTGGACAGGAGGAGTCC"	2.3214065783138826e-05	2.149574720533352e-05	1.8704155742539724e-05	1.9212541947383253e-05
"GCAGCCGTCC-GGAGGAGTCC"	"GCAGCCGTACTGGAGGAGTCC"	2.0676193639644548e-05	1.7328204379809674e-05	2.82518837784805e-05	3.119212692633987e-05
"GCAGCCGTCCGGAGGAGTCC"	"GCA-----------------"	2.5453364733280835e-05	3.180493208952408e-05	2.1756298311406037e-05	1.7178272800013262e-05
"GCAGCCGTCCGGAGGAGTCC"	"GC--------------GTCC"	2.9334816246860315e-05	2.7198700545524046e-05	2.293019929943154e-05	1.6726212989486595e-05
"GCAGCCGTCCGGAGGAGTCC"	"GCAGCCGTC-TGAGGAGTCC"	2.1049410131334884e-05	2.602886396292086e-05	2.2851939233563176e-05	1.6575526385977707e-05
"GCAGCCGTCC-----GGAGGAGTCC"	"GCAGCCGTCCTGGGAGGAGGAGTCC"	2.5378721434942767e-05	2.7271815331936745e-05	2.6295382131771326e-05	1.6575526385977707e-05
"GCAGCCGTCC--GGAGGAGTCC"	"GCAGCCGTCCTAGGAGGAGGCC"	1.701867202107927e-05	1.7840007884698566e-05	1.7060694359304015e-05	1.936322855089214e-05
"GCAGCCGTCCGGAGGAGTCC"	"GCAGCCGT-------AGTCC"	1.7765105004459938e-05	2.456656823466688e-05	2.2617159035958075e-05	1.627415317895993e-05
"GCAGCCGTCCGGAGGAGTCC"	"GCAGCCGTCCTGCGGAGTCC"	1.8810111181192875e-05	2.2373124642285907e-05	1.7060694359304015e-05	1.6123466575451043e-05
"GCAGCCGTCC-GGAGGAGTCC"	"GCAGCCGTCCCAGAGGAGTCC"	1.7093315319417333e-05	3.451017918679395e-05	2.4964961012009086e-05	1.60481232736966e-05
"GCAGCCGTCCGGAGGAGTCC"	"GCAGCCGTCCGGAGGAGTAC"	1.5824379247670197e-05	1.615836779720649e-05	1.7843295017987685e-05	2.154818430177102e-05
"GCAGCCGTCCGGAGGAGTCC"	"GCAGCCGTCC--CGGAGTCC"	2.2243702904743955e-05	2.376230558412719e-05	1.6512873898225445e-05	2.1397497698262132e-05
"GCAGCCGTCCGGAGGAGTCC"	"GCAGCCGTCTGGAGGAGTCC"	1.5376519457641794e-05	1.908295925371445e-05	1.612157356888361e-05	2.1246811094753244e-05
"GCAGCCGTCCGGAGGAGTCC"	"GCAGCCGTC-AGAGGAGTCC"	1.522723286096566e-05	2.0106566263492236e-05	1.9330236269486658e-05	1.5445376859661047e-05
"GCAGCCGTCC-----GGAGGAGTCC"	"GCAGCCGTCCGGGAAGGAGGAGTCC"	1.619759573936053e-05	2.1057058486857323e-05	1.6356353766488713e-05	1.5370033557906603e-05
"GCAGCCGTCCGGAGGAGTCC"	"GCAGCCGACCGGAGGAGTCC"	1.4928659667613393e-05	1.4915416428190605e-05	1.7765034952119317e-05	2.0418034775454357e-05
"GCAGCCGTCC-GGAGGAGTCC"	"GCAGCCGTCCAAGAGGAGTCC"	2.1945129711391687e-05	2.2884928147174802e-05	2.8173623712612132e-05	1.4993317049134381e-05
"GCAGCCGTCCGGAGGAGTCC"	"GCAGCTGTCCGGAGGAGTCC"	1.6048309142684395e-05	1.667017130209538e-05	1.5495493041936674e-05	2.358245344914101e-05
"GCAGCCGTCCGGAGGAGTCC"	"GCAGCCGTCCGGAGGAGTTC"	1.5899022546008264e-05	1.7474433952635073e-05	1.5338972910199938e-05	1.8534452231593254e-05
"GCAGCCGTCC--GGAGGAGTCC"	"GCAGCCGTCCGGGGAGGAGTCC"	1.8810111181192875e-05	2.4859027380317676e-05	1.5260712844331573e-05	1.7781019214048814e-05
"GCAGCCGTCC-----GGAGGAGTCC"	"GCAGCCGTCCGGAGAGGAGGAGTCC"	2.2766205993110422e-05	2.5663290030857364e-05	2.1521518113800936e-05	1.461660054036216e-05
"GCAGCCGTCCGGAGGAGTCC"	"GCAGCCGTCC-----TCTCC"	3.29923378654256e-05	2.7710504050412937e-05	2.2069338574879506e-05	1.4541257238607716e-05
"GCAGCCGTCCGGAGGAGTCC"	"GCAG----------------"	1.4331513280908857e-05	2.902657020584152e-05	2.5982341868297858e-05	2.4561916371948786e-05
"GCAGCCGTCCGGAGGAGTCC"	"GC------------GAGTCC"	2.336335237981496e-05	2.602886396292086e-05	1.8782415808408088e-05	1.423988403158994e-05
"GCAGCCGTCCGGAGGAGTCC"	"GCAGCCGTCCGCAGGAGTCC"	2.2691562694772355e-05	2.7929848409651035e-05	2.2304118772484607e-05	1.423988403158994e-05
"GCAGCCGTCC------GGAGGAGTCC"	"GCAGCCGTCCTGGAGAGGAGGAGTCC"	2.1795843114715552e-05	2.3396731652063693e-05	1.6669394029962178e-05	1.4164540729835496e-05
"GCAGCCGTCCGGAGGAGTCC"	"GCAGCCGTCC-AAGGAGTCC"	1.9855117357925812e-05	1.842492617600016e-05	1.5338972910199938e-05	1.4089197428081052e-05
"GCAGCCGTCCGGAGGAGTCC"	"GCAGCCGTCCGTAGGAGTCC"	1.3958296789218523e-05	1.4184268564063615e-05	1.479115244912137e-05	1.4917973747379937e-05
"GCAGCCGTCC--GGAGGAGTCC"	"GCAGCCGTCCATGGAGGAGTCC"	1.6944028722741202e-05	1.4330498136889012e-05	1.6043313503015244e-05	1.3863167522817718e-05
"GCAGCCGTCCGGAGGAGTCC"	"GCAGCA----GGAGGAGTCC"	1.4331513280908857e-05	1.3233776340698526e-05	2.1521518113800936e-05	1.3787824221063274e-05
"GCAGCCGTCCGGAGGAGTCC"	"GCAGCCGTCC------CTCC"	2.142262662302522e-05	2.2811813360762103e-05	2.058239732338053e-05	1.3486451014045498e-05
"GCAGCCGTCCGGAGGAGTCC"	"GCAGCCGTCC-TCGGAGTCC"	1.992976065626388e-05	2.434722387542878e-05	1.7999815149724418e-05	1.3411107712291054e-05
"GCAGCCGTCC-GGAGGAGTCC"	"GCAGGCGTCCTGGAGGAGTCC"	1.3211863805837852e-05	1.4038038991238217e-05	1.4399852119779535e-05	1.4993317049134381e-05
"GCAGCCGTCCGGAGGAGTCC"	"GCAGCCGTCCTGAGGAGACC"	1.3734366894204321e-05	1.3453120699936624e-05	1.3773771592832599e-05	1.3938510824572164e-05
"GCAGCCGTCC-GGAGGAGTCC"	"GCAGCCGTCCTGGAGCAGTCC"	1.298793391082365e-05	1.6231482583619188e-05	1.5260712844331573e-05	1.60481232736966e-05
"GCAGCCGTCCGGAGGAGTCC"	"GCAGCCGTCCGGGGGAGTCC"	1.3361150402513987e-05	1.447672770971441e-05	1.3538991395227498e-05	1.8233079024575478e-05
"GCAGCCGTCC-----GGAGGAGTCC"	"GCAGCCGTCCTTCCTGGAGGAGTCC"	1.2913290612485585e-05	1.7766893098285866e-05	2.0973697652722367e-05	2.11714677929988e-05
"GCAGCCGTCCGGAGGAGTCC"	"-----------------TCC"	1.2913290612485585e-05	1.2575743262984236e-05	1.8782415808408088e-05	1.4842630445625493e-05
"GCAGCCGTCCGGAGGAGTCC"	"GCAGCCGTCCTGAGGATTCC"	1.298793391082365e-05	1.6304597370031888e-05	1.3304211197622396e-05	1.4013854126326608e-05
"GCAGCCGTCC-GGAGGAGTCC"	"GCACCCGTCCTGGAGGAGTCC"	1.5675092650994063e-05	1.6962630447746178e-05	1.3147691065885663e-05	1.642483978246882e-05
"GCAGCCGTCC-----GGAGGAGTCC"	"GCAGCCGTCCTGCAGGGAGGAGTCC"	1.5899022546008264e-05	0.0038119125044124773	1.3147691065885663e-05	2.2753677129842127e-05
"GCAGCCGTCCGGAGGAGTCC"	"GCAGCCGCCCGGAGGAGTCC"	1.2465430822457182e-05	1.4842301641777905e-05	1.5104192712594839e-05	1.7931705817557702e-05
"GCAGCCGTCC-GGAGGAGTCC"	"CCAGCCGTCCTGGAGGAGTCC"	1.231614422578105e-05	1.3964924204825518e-05	1.5495493041936674e-05	1.7178272800013262e-05
"GCAGCCGTCC--GGAGGAGTCC"	"GCAGCCGTCCTTTGAGGAGTCC"	1.8735467882854808e-05	2.0545254981968432e-05	1.9408496335355026e-05	1.205492828071106e-05
"GCAGCCGTCCGGAGGAGTCC"	"GCAGCCGTCGTGAGGAGTCC"	2.1646556518039418e-05	2.4712797807492277e-05	1.8782415808408088e-05	1.1904241677202171e-05
"GCAGCCGTCCGGAGGAGTCC"	"GCAGCCGTCCGGTGGAGTCC"	1.231614422578105e-05	1.1990824971682644e-05	1.2286830341333625e-05	1.461660054036216e-05
"GCAGCCGTCCGGAGGAGTCC"	"GCAGCCGTCCTAGGGAGTCC"	1.6346882336036664e-05	1.7913122671111265e-05	1.6669394029962178e-05	1.1828898375447727e-05
"GCAGCCGTCCGGAGGAGTCC"	"GC----------------CC"	1.9855117357925812e-05	1.1405906680381051e-05	1.2991170934148929e-05	1.2356301487728837e-05
"GCAGCCGTCCGGAGGAGTCC"	"GCAGCCGTCCTGAGGAGGCC"	1.3659723595866254e-05	1.1113447534730254e-05	1.5104192712594839e-05	1.4465913936853272e-05
"GCAGCCGTCC----GGAGGAGTCC"	"GCAGCCGTCCGGGAGGAGGAGTCC"	1.5973665844346328e-05	1.7547548739047772e-05	1.1504229682649954e-05	2.192490081054324e-05
"GCAGCCGTCC--GGAGGAGTCC"	"GCAGCCGTCCTAGGAGGAGACC"	1.2614717419133317e-05	1.3599350272762023e-05	1.1504229682649954e-05	1.3411107712291054e-05
"GCAGCCGTCC-------GGAGGAGTCC"	"GCAGCCGTCCTGGACTAGGAGGAGTCC"	1.9034041076207076e-05	2.0545254981968432e-05	1.7530254754514216e-05	1.1000122056148842e-05
"GCAGCCGTCC--GGAGGAGTCC"	"GCAGCCGTCCTACGAGGAGTCC"	1.5600449352655996e-05	1.462295728253981e-05	1.1973790077860158e-05	1.0623405547376622e-05
"GCAGCCGTCC--GGAGGAGTCC"	"GCAGCCGTCCTAGGAGGAGTTC"	1.2838647314147518e-05	1.4696072068952509e-05	1.1034669287439753e-05	1.6349496480714375e-05
"GCAGCCGTCCGGAGGAGTCC"	"GCAGCCGTCC-GAGGAGGCC"	1.0450061767329375e-05	1.147902146679375e-05	1.1504229682649954e-05	1.039737564211329e-05
"GCAGCCGTCC--GGAGGAGTCC"	"GCAGCCGTCCTAGGAGGAGCCC"	1.2838647314147518e-05	1.2502628476571537e-05	1.2834650802412194e-05	1.039737564211329e-05
"GCAGCCGTCC--GGAGGAGTCC"	"GCAGCCGTCCTAGGAGTAGTCC"	1.179364113741458e-05	1.3453120699936624e-05	1.0799889089834652e-05	1.1753555073693283e-05
"GCAGCCGTCC------GGAGGAGTCC"	"GCAGCCGTCCGGAGCAGGAGGAGTCC"	1.5600449352655996e-05	1.2648858049396934e-05	1.291291086828056e-05	1.0020659133341068e-05
