"ref_align"	"read_align"	"freq_yjl304"	"freq_yjl305"	"freq_yjl306"	"freq_yjl307"
"AGCAGCCGTCCTGTGGATAA"	"AGCAGCCGTCCTGTGGATAA"	0.8963632438917291	0.9132074567526262	0.9145445446161307	0.9089377970781384
"AGCAGCCGTCCTGTGGATAA"	"AGCAGCCGT-CTGTGGATAA"	0.007028214475091779	0.006951555753071658	0.005416310321236028	0.007335362641580001
"AGCAGCCGTCCTGTGGATAA"	"AGCAGCCG--CTGTGGATAA"	0.0023722995231382346	0.0022326102000078726	0.001812261031213546	0.0023995419084134606
"AGCAGCCGTCCTGTGGATAA"	"AGCAGCC---CTGTGGATAA"	0.0013561276090213895	0.0012783240847496207	0.0010206939063914734	0.0013818831377562556
"AGCAGCCGTC--CTGTGGATAA"	"AGCAGCCGTCTCCTGTGGATAA"	0.0011504297791334948	0.0011837654695327294	0.0009720360158133938	0.0013148132983449791
"AGCAGCCGTCCTGTGGATAA"	"AGCAGCCGTC--GTGGATAA"	0.0011918464829058328	0.0012070129118862034	0.0009177691464943252	0.0012466740081913815
"AGCAGCCGTCCTGTGGATAA"	"AGCAGC----CTGTGGATAA"	0.0011151716930224709	0.0010448513047947921	0.0008144237131916029	0.0011024509366555158
"AGCAGCCGTC-CTGTGGATAA"	"AGCAGCCGTCCCTGTGGATAA"	0.0010155560523507135	0.0010053449150284588	0.0008055895716745452	0.0010784646842920296
"AGCAGCCGTCCTGTGGATAA"	"AGCAGCCG---TGTGGATAA"	0.0009039311072393934	0.0009142092361090114	0.0006772841829744217	0.0009104081390701523
"AGCAGCCGTCCTGTGGATAA"	"AGCA------CTGTGGATAA"	0.0009336464374552346	0.0007703032892706351	0.000669010939331463	0.0008991025169370442
"AGCAGCCGTC-CTGTGGATAA"	"AGCAGCCGTCGCTGTGGATAA"	0.0008154009783580017	0.000773726225568079	0.0006441912084025867	0.0008789357315104189
"AGCAGCCGTCCTGTGGATAA"	"AGCAG-----CTGTGGATAA"	0.0007787572032731821	0.0006875823287490708	0.0005840349114054797	0.0007761156815701248
"AGCAGCCGTCCTGTGGATAA"	"AGCAGCC-----GTGGATAA"	0.0006026207381595956	0.0006372366407074981	0.00047732409085816393	0.0006363231916810177
"AGCAGCCGTCCTGTGGATAA"	"AGCAGCCGTC---TGGATAA"	0.0005898416065123687	0.0005831827716770277	0.0004428288716010816	0.0006178369717066112
"AGCAGCCGTC-CTGTGGATAA"	"AGCAGCCGTCACTGTGGATAA"	0.000551196280687622	0.0005361173975871722	0.0004391830354194387	0.0006088230297356195
"AGCAGCCGTCCTGTGGATAA"	"AG--------CTGTGGATAA"	0.00048683872612688845	0.00045268332533697383	0.00037538090224068887	0.00047498890826801535
"AGCAGCCGTCCTGTGGATAA"	"AGCAGCCGT--TGTGGATAA"	0.0004454220223545504	0.0004792110816421651	0.0003519634159970598	0.0004989751606315015
"AGCAGCCGTCCTGTGGATAA"	"A---------CTGTGGATAA"	0.0004501949510420689	0.00038964424852571284	0.0003425683766059032	0.00043618312418950913
"AGCAGCCGTCCTGTGGATAA"	"AGC-------CTGTGGATAA"	0.0004540440870803903	0.00040333599371548896	0.0003321917659350735	0.00045711380300350656
"AGCAGCCGTC-CTGTGGATAA"	"AGCAGCCGTCTCTGTGGATAA"	0.0003898404979611896	0.00037352792345858045	0.00031802909461407634	0.0004271691822185175
"AGCAGCCGTCCTGTGGATAA"	"AGCAGCCGTC----GGATAA"	0.0003727503339510427	0.00036596893913505823	0.0002905450987832302	0.00039814123349837506
"AGCAGCCGTCCTGTGGATAA"	"----------CTGTGGATAA"	0.0002809869307974609	0.00024117438662407773	0.00020893445810184026	0.00025895985831916565
"AGCAGCCGTCCTGTGGATAA"	"AGCAGCCGTC--------AA"	0.0002558905638276055	0.00026342347255746396	0.0002006612144588815	0.0002820294386178052
"AGCAGCCGTCCTGTGGATAA"	"AGCAGCCG----GTGGATAA"	0.0002748283131361467	0.0002524415519364977	0.00019687515380871392	0.0002621682105461288
"AGCAGCCGTC--CTGTGGATAA"	"AGCAGCCGTCGGCTGTGGATAA"	0.00021986265050891738	0.00022077939118514035	0.00019477178678084303	0.0002695015870649016
"AGCAGCCGTC--CTGTGGATAA"	"AGCAGCCGTCCCCTGTGGATAA"	0.00020754541518628895	0.00020965484821844723	0.0001693911579778678	0.00024490421999151773
"AGCAGCCGTCCTGTGGATAA"	"AGCA--------GTGGATAA"	0.0002294085078839544	0.00020066964043765663	0.00014947928344735686	0.00021052901755977006
"AGCAGCCGTCCTGTGGATAA"	"AGCA-------TGTGGATAA"	0.0001753666379059222	0.0001595944048683282	0.0001323718982873404	0.00018379274900174412
"AGCAGCCGTCCTGTGGATAA"	"AGCAG------TGTGGATAA"	0.00013564355399044552	0.0001370600742434883	0.00011217957481978	0.0001275701956911524
"AGCAGCCGTCCTGTGGATAA"	"AGCAGCC------TGGATAA"	0.00013933872458723404	0.00013106993572296123	9.577331200238718e-05	0.00012222294197954722
"AGCAGCCGTCCTGTGGATAA"	"AGCAGCCGTC-------TAA"	0.00011701373556497003	0.0001240814407823463	9.282859816336796e-05	0.00012222294197954722
"AGCAGCCGTC--CTGTGGATAA"	"AGCAGCCGTCAACTGTGGATAA"	0.00011701373556497003	0.00011167329670411169	9.170680241517015e-05	0.00013230633469285986
"AGCAGCCGTCCTGTGGATAA"	"AGCAGCCGTC-----GATAA"	0.00011839942453876573	0.00011367000954428737	8.960343538729928e-05	0.00013857026046931164
"AGCAGCCGTC--CTGTGGATAA"	"AGCAGCCGTCAGCTGTGGATAA"	0.00010700598186533444	0.0001002635090459649	7.880615131089546e-05	0.00011290344265360673
"AGCAGCCGTCCTGTGGATAA"	"AGCAGCCGTC------ATAA"	9.361098845197602e-05	9.98356420087844e-05	7.74039066256482e-05	0.00012054237652732844
"AGCAGCCGTCCTGTGGATAA"	"AGCAGCCG----------AA"	9.160943771204891e-05	9.69831950942477e-05	7.459941725515371e-05	8.479216599831088e-05
"AGCAGCCGTCCTGTGGATAA"	"AGCAGCCG---------TAA"	8.85301288813918e-05	9.655532805706719e-05	7.431896831810425e-05	8.952830500001834e-05
"AGCAGCCGTCCTGTGGATAA"	"AGCAGCC-------GGATAA"	8.406513107693899e-05	8.642914151046191e-05	6.67468470177691e-05	9.166720648466041e-05
"AGCAGCCGTCCTGTGGATAA"	"AGCAG-------GTGGATAA"	8.545082005073469e-05	8.14373594100227e-05	6.11378682767801e-05	8.66255101280041e-05
"AGCAGCCGTCCTGTGGATAA"	"AGCAGCC-----------AA"	7.328755016963913e-05	7.302264101213944e-05	5.945517465448341e-05	6.813929015359757e-05
"AGCAGCCGTCCTGTGGATAA"	"AGCAGCCGT----TGGATAA"	7.40573773773034e-05	8.029638064420803e-05	5.693113422103835e-05	7.9903248319129e-05
"AGCAGCCGTC--CTGTGGATAA"	"AGCAGCCGTCGACTGTGGATAA"	6.897651780671917e-05	6.403743323134885e-05	5.398642038201913e-05	6.630594602390436e-05
"AGCAGCCGTCCTGTGGATAA"	"A----------TGTGGATAA"	6.204807293774069e-05	6.004400755099747e-05	5.1181931011524625e-05	6.661150337885322e-05
"AGCAGCCGTC--CTGTGGATAA"	"AGCAGCCGTCCGCTGTGGATAA"	6.297186558693782e-05	6.703250249161238e-05	5.062103313742573e-05	7.119486370308625e-05
"AGCAGCCGTCCTGTGGATAA"	"AGCAGCCG------GGATAA"	5.1270492030440814e-05	5.2770267918928895e-05	4.5993625676109804e-05	6.294481511946681e-05
"AGCAGCCGTC--CTGTGGATAA"	"AGCAGCCGTCTTCTGTGGATAA"	5.573548983489362e-05	5.205715619029472e-05	4.557295227053563e-05	5.759756140786162e-05
"AGCAGCCGTC--CTGTGGATAA"	"AGCAGCCGTCCACTGTGGATAA"	5.7583075133287884e-05	5.5052225450558254e-05	4.37500341797142e-05	6.890318354096974e-05
"AGCAGCCGTCCTGTGGATAA"	"AGCAGCCGTC----------"	5.558152439336076e-05	4.863421989285068e-05	4.360980971118948e-05	5.9125348182605964e-05
"AGCAGCCGTCCTGTGGATAA"	"AGCAGCCGTC---------A"	5.542755895182791e-05	6.26112097740805e-05	4.2488013962991676e-05	6.202814305462022e-05
"AGCAGCCGTCCTGTGGATAA"	"A-----------GTGGATAA"	5.527359351029505e-05	5.077355507875321e-05	4.0805320340694976e-05	6.050035627987587e-05
"AGCAGCCGTC--CTGTGGATAA"	"AGCAGCCGTCTGCTGTGGATAA"	4.973083761511226e-05	4.849159754712385e-05	4.0665095872170254e-05	4.659749662970238e-05
"AGCAGCCGTCCTGTGGATAA"	"AGCA--------------AA"	4.988480305664512e-05	4.7778485818489674e-05	4.557295227053563e-05	4.338914440273926e-05
"AGCAGCCGTCCTGTGGATAA"	"AGCA---------TGGATAA"	5.527359351029505e-05	5.31981349561094e-05	3.856172884429938e-05	5.179197166383313e-05
"AGCAGCCGTCCTGTGGATAA"	"AGCAGCC--------GATAA"	4.126273833080522e-05	4.349981544668463e-05	3.2812525634785654e-05	4.4305816467585866e-05
"AGCAGCCGTCCTGTGGATAA"	"AGCA----------GGATAA"	4.588170157679088e-05	3.793754396333807e-05	3.1129832012488954e-05	4.033357085325058e-05
"AGCAGCCGTC--CTGTGGATAA"	"AGCAGCCGTCATCTGTGGATAA"	4.0184980240075234e-05	3.209002778853784e-05	3.0008036264291152e-05	3.972245614335284e-05
"AGCAGCCGTCCTGTGGATAA"	"AGC-----------------"	3.956911847394381e-05	3.9506389766333254e-05	2.9026464984618076e-05	3.7125218626287465e-05
"AGCAGCCGTCCTGTGGATAA"	"AG---------TGTGGATAA"	4.4649978044528035e-05	3.6226075814616055e-05	2.622197561412358e-05	3.4527981109222087e-05
"AGCAGCCGTCCTGTGGATAA"	"AGCAG-------------AA"	4.819118319978371e-05	3.5085097048801375e-05	2.5941526677074126e-05	4.369470175768813e-05
"AGCAGCCGTC--CTGTGGATAA"	"AGCAGCCGTCGTCTGTGGATAA"	2.8021710358979665e-05	2.7098245688098623e-05	2.8325342641994453e-05	4.293080837031596e-05
"AGCAGCCGTCCTGTGGATAA"	"AGC---------GTGGATAA"	3.079308830657106e-05	3.4799852357347704e-05	2.46795064603516e-05	3.575021052901756e-05
"AGCAGCCGTC--CTGTGGATAA"	"AGCAGCCGTCTACTGTGGATAA"	3.048515742350535e-05	3.1376916059903666e-05	2.3838159649203252e-05	3.8653005401031806e-05
"AGCAGCCGTCCTGTGGATAA"	"AGCAGC------GTGGATAA"	2.6328090502118257e-05	2.4531043465015593e-05	2.01923234675604e-05	2.7041825912974822e-05
"AGCAGCCGTCCTGTGGATAA"	"AGC---------------AA"	2.6328090502118257e-05	2.267695297056674e-05	2.0052098999035678e-05	2.24584655887418e-05
"AGCAGCCGTCCTGTGGATAA"	"-----------TGTGGATAA"	1.9245680191606913e-05	2.1535974204752062e-05	1.96314255934615e-05	2.475014575085831e-05
"AGCAGCCGTCCTGTGGATAA"	"AGCAGCC----------TAA"	2.063136916540261e-05	2.49589105021961e-05	1.7387834097065903e-05	2.7500161945398122e-05
"AGCAGCCGTCCTGTGGATAA"	"AGCA-----------GATAA"	1.9245680191606913e-05	2.324744235347408e-05	1.6967160691491728e-05	2.169457220136963e-05
"AGCAGCCGTCCTGTGGATAA"	"AGCAG---------GGATAA"	3.048515742350535e-05	2.49589105021961e-05	1.6406262817392827e-05	2.6889047235500385e-05
"AGCAGCCGTCCTGTGGATAA"	"AGCAGCC---------ATAA"	1.693619856861408e-05	2.2106463587659402e-05	1.6406262817392827e-05	1.833344129693208e-05
"AGCAGCCGTCCTGTGGATAA"	"AGCAGCCG-----------A"	1.909171475007406e-05	1.968188371030321e-05	1.5564916006244477e-05	1.5430646424917836e-05
"AGCAGCCGTC---CTGTGGATAA"	"AGCAGCCGTCGCGCTGTGGATAA"	1.5550509594818385e-05	1.968188371030321e-05	1.4863793663620852e-05	2.0014006749150855e-05
"AGCAGCCGTCCTGTGGATAA"	"AG----------GTGGATAA"	2.001550739927119e-05	1.4262234572683485e-05	1.79487319711648e-05	2.5055703105807178e-05
"AGCAGCCGTCCTGTGGATAA"	"AGC-------------ATAA"	1.5704475036351242e-05	2.1393351859025226e-05	1.4162671320997226e-05	1.5125089069968967e-05
"AGCAGCCGTCCTGTGGATAA"	"AGC----------TGGATAA"	2.1093265490001175e-05	1.768517087012752e-05	1.3741997915423052e-05	1.940289203925312e-05
"AGCAGCCGTCCTGTGGATAA"	"AGCAGCCGT-------ATAA"	1.89377493085412e-05	2.1250729513298394e-05	1.3461548978373601e-05	2.093067881399746e-05
"AGCAGCCGTC---CTGTGGATAA"	"AGCAGCCGTCGGGCTGTGGATAA"	1.8783783867008347e-05	1.3549122844049312e-05	1.5564916006244477e-05	2.047234278157416e-05
"AGCAGCCGTCCTGTGGATAA"	"AGCAGCCGT--------TAA"	1.3394993413358411e-05	1.6116325067132337e-05	1.51442426006703e-05	2.3680695008537274e-05
"AGCAGCCGTC---CTGTGGATAA"	"AGCAGCCGTCGAGCTGTGGATAA"	1.2933097088759846e-05	1.2550766423961466e-05	1.4583344726571401e-05	1.3902859650173495e-05
"AGCAGCCGTCCTGTGGATAA"	"A------------TGGATAA"	1.247120076416128e-05	1.383436753550298e-05	1.2479977698700525e-05	1.3138966262801326e-05
"AGCAGCCGTC---CTGTGGATAA"	"AGCAGCCGTCCCCCTGTGGATAA"	1.2163269881095569e-05	1.4547479264137155e-05	1.1919079824601626e-05	1.4666753037545665e-05
"AGCAGCCGTCCTGTGGATAA"	"AGCAGCC------------A"	1.478068238715411e-05	1.1409787658146789e-05	1.093750854492855e-05	1.3444523617750193e-05
"AGCAGCCGTC---CTGTGGATAA"	"AGCAGCCGTCCAACTGTGGATAA"	1.3087062530292701e-05	1.1695032349600458e-05	1.0657059607879101e-05	1.2680630230378024e-05
"AGCAGCCGTC-----CTGTGGATAA"	"AGCAGCCGTCGACGGCTGTGGATAA"	1.1701373556497003e-05	1.2978633461141972e-05	1.23397532301758e-05	1.4666753037545665e-05
