"ref_align"	"read_align"	"freq_yjl271"	"freq_yjl272"	"freq_yjl273"	"freq_yjl274"
"AGCAGCCGTCCTGTGGATAA"	"AGCAGCCGTCCTGTGGATAA"	0.9129765527980961	0.8973517638152078	0.889161328827164	0.8598881901502347
"AGCAGCCGTCCTGTGGATAA"	"AGCAGCCGT-CTGTGGATAA"	0.008219077692715706	0.01012953599673864	0.011316796384160888	0.014833335083096241
"AGCAGCCGTCCTGTGGATAA"	"AGCAGCCG--CTGTGGATAA"	0.002894730542593727	0.003507167903404302	0.004004853987220639	0.005100313907465538
"AGCAGCCGTCCTGTGGATAA"	"AGCAGCCGTC--GTGGATAA"	0.0028090571857058203	0.003313011056669505	0.0038753068635206307	0.004964777272679552
"AGCAGCCGTCCTGTGGATAA"	"AGCAGCCG---TGTGGATAA"	0.002134274508354622	0.0025820095411400188	0.0030033701910299132	0.0037435827445381153
"AGCAGCCGTCCTGTGGATAA"	"AGCAGCC---CTGTGGATAA"	0.0017332056072372148	0.0020933584334880467	0.0023590747465279797	0.002991674628087894
"AGCAGCCGTCCTGTGGATAA"	"AGCAGC----CTGTGGATAA"	0.001489939470093489	0.0017882971417465465	0.001974659874911342	0.0026268490619521054
"AGCAGCCGTCCTGTGGATAA"	"AGCAGCC-----GTGGATAA"	0.0014804902027896758	0.0017020820210957438	0.001984095780734711	0.002676402347481916
"AGCAGCCGTCCTGTGGATAA"	"AGCAGCCG----GTGGATAA"	0.0012091912393113037	0.001416475916946693	0.0016427322294371954	0.002078298390568078
"AGCAGCCGTCCTGTGGATAA"	"AGCA------CTGTGGATAA"	0.0010351147372032773	0.0012117520393875704	0.0014116508274503081	0.0017665956262926373
"AGCAGCCGTCCTGTGGATAA"	"AGCAG-----CTGTGGATAA"	0.0009957427901040553	0.0011669162263572561	0.0013587704385651762	0.0017736296731792841
"AGCAGCCGTCCTGTGGATAA"	"AGCAGCCGT--TGTGGATAA"	0.0008290157181212169	0.0010521602467510331	0.001185680541117746	0.00160134801734365
"AGCAGCCGTCCTGTGGATAA"	"AGCA--------GTGGATAA"	0.000802662761529471	0.0009715742920533755	0.0010661590673550685	0.001437465223462221
"AGCAGCCGTC--CTGTGGATAA"	"AGCAGCCGTCTCCTGTGGATAA"	0.0007603510423801738	0.0008534605643347502	0.0010490564880502116	0.0014540529758217762
"AGCAGCCGTCCTGTGGATAA"	"AGCAGCCGTC---TGGATAA"	0.0007152045430397327	0.0008538555935244445	0.0009697359047225136	0.001289435281519354
"AGCAGCCGTC-CTGTGGATAA"	"AGCAGCCGTCGCTGTGGATAA"	0.0006059080178922926	0.0007306064863397919	0.0008333084330262994	0.0011396205814112187
"AGCAGCCGTCCTGTGGATAA"	"AG--------CTGTGGATAA"	0.0005956188157170293	0.0007941074285831666	0.000847069129018713	0.0011063400909176806
"AGCAGCCGTCCTGTGGATAA"	"A---------CTGTGGATAA"	0.0005740954846361213	0.0007151015906442867	0.0007826887299113497	0.0009573652770049658
"AGCAGCCGTCCTGTGGATAA"	"AGC-------CTGTGGATAA"	0.0005324137166404118	0.0006528844932674187	0.0007182100401183262	0.0009635594376961921
"AGCAGCCGTC-CTGTGGATAA"	"AGCAGCCGTCCCTGTGGATAA"	0.0004697335768584504	0.0005696320915393241	0.0006370219337630864	0.0008635079946667227
"AGCAGCCGTCCTGTGGATAA"	"AGCA-------TGTGGATAA"	0.00045954936654211834	0.0005796065785791077	0.0006460646768438153	0.00081878405476058
"AGCAGCCGTCCTGTGGATAA"	"AGCAG-------GTGGATAA"	0.00045954936654211834	0.0005371409406869597	0.0006326971435940421	0.0008102802070319472
"AGCAGCCGTCCTGTGGATAA"	"AGCAGCCGT-----------"	0.000452094944557999	0.000529931657975037	0.000624342435312934	0.0008837702491312427
"AGCAGCCGTCCTGTGGATAA"	"AGCAGCCGTC----GGATAA"	0.00036243189703070425	0.0004639617832960722	0.0005320474814781032	0.000691541296154371
"AGCAGCCGTCCTGTGGATAA"	"AGCAG------TGTGGATAA"	0.00035802223895559137	0.00044095133299637345	0.000519662855084931	0.0006129069511081249
"AGCAGCCGTC-CTGTGGATAA"	"AGCAGCCGTCTCTGTGGATAA"	0.00033796879389972104	0.0003963130345609063	0.00046068844368887303	0.0006596256207283913
"AGCAGCCGTC-CTGTGGATAA"	"AGCAGCCGTCACTGTGGATAA"	0.0003359739485800271	0.0003917701988794207	0.00045921408340397155	0.0006530115169394547
"AGCAGCCGTCCTGTGGATAA"	"----------CTGTGGATAA"	0.00030825609782217486	0.0003702411080410759	0.0004415217599851542	0.0005754270296374841
"AGCAGCCGTCCTGTGGATAA"	"AGCAGCC------TGGATAA"	0.00028452793770371044	0.00034653935665941195	0.00038913282452832267	0.0004893386946068808
"AGCAGCCGTCCTGTGGATAA"	"A-----------GTGGATAA"	0.00028305805167867283	0.0003567113582940427	0.00039581659115320924	0.0004926982393885629
"AGCAGCCGTCCTGTGGATAA"	"AGCAGC--------------"	0.0002551302172029581	0.0003072339522848192	0.00034578663215222006	0.00045784296227861126
"AGCAGCCGTCCTGTGGATAA"	"A----------TGTGGATAA"	0.00016284237320238188	0.00022417906515157172	0.00022223524027747854	0.0003157972094781157
"AGCAGCCGTCCTGTGGATAA"	"AGCA---------TGGATAA"	0.00016074253602375673	0.00018309602942335416	0.00019353436006473032	0.0002849313917964116
"AGCAGCCGTCCTGTGGATAA"	"AGCAGCC-------GGATAA"	0.0001554929430771938	0.00020551393593851134	0.0002201711358786165	0.00028839592235252123
"AGCAGCCGTCCTGTGGATAA"	"AGC---------GTGGATAA"	0.0001513982605788747	0.00020699529539986534	0.00021987626382163623	0.0003161121668013984
"AGCAGCCGTCCTGTGGATAA"	"AGCAGCCG------GGATAA"	0.00014089907468574887	0.00017667680509082017	0.00019156854635152837	0.00025049605778417025
"AGCAGCCGTCCTGTGGATAA"	"AGCAGCCGT----TGGATAA"	0.00013638442475170476	0.00017865195103929218	0.00018753862823946442	0.0002652990519784569
"AGCAGCCGTCCTGTGGATAA"	"AGCAGCC-------------"	0.00012830005161399785	0.0001471483731611638	0.0001610001431112383	0.0002275041731845335
"AGCAGCCGTC--CTGTGGATAA"	"AGCAGCCGTCCCCTGTGGATAA"	0.000123890393538885	0.00014527198451011543	0.00018154289641419852	0.0002344332342967528
"AGCAGCCGTCCTGTGGATAA"	"AGCAGCCG------------"	0.00011633097969583438	0.00014240802288483103	0.00015117107454522865	0.00021049647772726797
"AGCAGCCGTCCTGTGGATAA"	"AG----------GTGGATAA"	0.00011591101226010935	0.0001533700828988506	0.0001526454348301301	0.00022393465685399629
"AGCAGCCGTCCTGTGGATAA"	"AGCA----------GGATAA"	0.00010908654142957756	0.0001454694991049626	0.00016729074699348452	0.00023569306358988358
"AGCAGCCGTCCTGTGGATAA"	"AG------------------"	0.0001089815495706463	0.00012937205962491584	0.0001347565300399925	0.00019611342663069153
"AGCAGCCGTCCTGTGGATAA"	"AGC----------------A"	0.00010803662284026497	0.00014221050828998381	0.0001644403171093417	0.00021354106518566734
"AGCAGCCGTC--CTGTGGATAA"	"AGCAGCCGTCGGCTGTGGATAA"	0.00010100216829187065	0.00011959508717997945	0.00013347875112641126	0.0002100765346295577
"AGCAGCCGTCCTGTGGATAA"	"AGCAGCCGTC--------AA"	0.00010005724156148933	0.00014122293531574782	0.00015254714414447002	0.0001902342232627479
"AGCAGCCGTCCTGTGGATAA"	"AGCAG---------------"	9.480764861492639e-05	0.00011208953257578586	0.00012414113598870207	0.00017091684076807592
"AGCAGCCGTCCTGTGGATAA"	"AG---------TGTGGATAA"	9.428268932027011e-05	9.934984120814147e-05	0.00011637617182155443	0.0001634628507837188
"AGCAGCCGTCCTGTGGATAA"	"AGCAGCCGTC-----GATAA"	9.10279416934011e-05	0.00012492798124085383	0.00014635483094788392	0.0002112313781482609
"AGCAGCCGTCCTGTGGATAA"	"AGCAGCCGTC---------A"	8.346852785035049e-05	0.00010092995796691907	0.00011726078799249531	0.00016031327755089186
"AGCAGCCGTCCTGTGGATAA"	"AGCAGC------GTGGATAA"	7.86389023395126e-05	9.934984120814147e-05	0.00010694026599818516	0.0001376363502745378
"AGCAGCCGTC--CTGTGGATAA"	"AGCAGCCGTCAGCTGTGGATAA"	7.800895118592504e-05	8.423997470233069e-05	0.00011706420662117511	0.00014687509842416352
"AGCAGCCGTCCTGTGGATAA"	"AGCAGCCGTC------ATAA"	7.569913028943736e-05	8.690642173276789e-05	9.68163253751952e-05	0.00014740002729630135
"AGCAGCCGTCCTGTGGATAA"	"AGCAGCCGTC-------TAA"	6.813971644638675e-05	9.530079201377387e-05	9.779923223179617e-05	0.00016577253782112524
"AGCAGCCGTCCTGTGGATAA"	"AGCAG---------GGATAA"	6.509495253738025e-05	9.401694714726709e-05	9.249153520615096e-05	0.0001256679719897954
"AGCAGCCGTC--CTGTGGATAA"	"AGCAGCCGTCAACTGTGGATAA"	5.8795441001504746e-05	7.475927414966511e-05	8.983768669332834e-05	0.00010425087400657211
"AGCAGCCGTCCTGTGGATAA"	"A-------------GGATAA"	5.711557125860461e-05	6.922886549394352e-05	7.558553727261433e-05	0.00011495942299818374
"AGCAGCCGTCCTGTGGATAA"	"AGC---------------AA"	5.522571779784196e-05	6.517981629957592e-05	7.145732847489026e-05	0.00011443449412604592
"AGCAGCCGTCCTGTGGATAA"	"A------------TGGATAA"	5.281090504242301e-05	7.169779792953351e-05	6.978638681866862e-05	0.00011758406735887288
"AGCAGCCGTCCTGTGGATAA"	"AGCAGCCG-----------A"	5.281090504242301e-05	8.977038335805228e-05	9.150862834954998e-05	0.00011443449412604592
"AGCAGCCGTCCTGTGGATAA"	"AGCAGCC------------A"	5.0396092287004065e-05	6.656241846350631e-05	6.742741036282631e-05	0.00010708548991611636
"AGCAGCCGTCCTGTGGATAA"	"-----------TGTGGATAA"	5.08160597227291e-05	4.700847357363354e-05	7.302997944545182e-05	9.249246727068483e-05
"AGCAGCCGTCCTGTGGATAA"	"AGCAGCC--------GATAA"	4.7771295813722605e-05	6.537733089442312e-05	6.644450350622534e-05	8.314873334663153e-05
"AGCAGCCGTCCTGTGGATAA"	"AGC----------TGGATAA"	4.7141344660135055e-05	7.43642449599707e-05	7.440604904469317e-05	0.00010509076020199264
"AGCAGCCGTC--CTGTGGATAA"	"AGCAGCCGTCTTCTGTGGATAA"	4.567145863509743e-05	5.7476747100535127e-05	6.487185253566379e-05	9.133762375198161e-05
"AGCAGCCGTC--CTGTGGATAA"	"AGCAGCCGTCGACTGTGGATAA"	4.462154004578485e-05	5.797053358765312e-05	7.715818824317587e-05	9.690186979664256e-05
"AGCAGCCGTCCTGTGGATAA"	"AGCAGCCG---------TAA"	4.325664587967849e-05	6.043946602324312e-05	7.735476961449607e-05	9.459218275923612e-05
"AGCAGCCGTC--CTGTGGATAA"	"AGCAGCCGTCCGCTGTGGATAA"	3.863700408670312e-05	4.888486222468194e-05	5.907270208171809e-05	8.062907476036998e-05
"AGCAGCCGTCCTGTGGATAA"	"AGCAGCC-----------AA"	3.6432175049146686e-05	4.197185140502995e-05	4.1576960034220886e-05	6.320143620539417e-05
"AGCAGCCGTCCTGTGGATAA"	"AGCA-----------GATAA"	4.262669472609094e-05	3.407126761114196e-05	4.9440214887028616e-05	6.603605211493843e-05
"AGCAGCCGTC--CTGTGGATAA"	"AGCAGCCGTCATCTGTGGATAA"	4.189175171357213e-05	3.308369463690596e-05	4.255986689082185e-05	6.026183452142235e-05
"AGCAGCCGTCCTGTGGATAA"	"AGCAGCCG----------AA"	3.506728088304033e-05	4.789728925044594e-05	5.799150453945703e-05	7.286012745273015e-05
"AGCAGCCGTCCTGTGGATAA"	"------------GTGGATAA"	3.496228902410907e-05	5.402024169070913e-05	5.396158642739306e-05	7.380499942257824e-05
"AGCAGCCGTC--CTGTGGATAA"	"AGCAGCCGTCGTCTGTGGATAA"	3.359739485800271e-05	3.614517085703755e-05	4.619662226024543e-05	5.553747467218192e-05
"AGCAGCCGTCCTGTGGATAA"	"AGCAG--------------A"	3.223250069189635e-05	4.4835813030314344e-05	5.5141074655314224e-05	6.876568225005511e-05
"AGCAGCCGTC--CTGTGGATAA"	"AGCAGCCGTCTGCTGTGGATAA"	3.2127508832965094e-05	4.1478064917911946e-05	3.626926300857567e-05	6.257152155882878e-05
"AGCAGCCGTC--CTGTGGATAA"	"AGCAGCCGTCCACTGTGGATAA"	3.16025495383088e-05	4.315693897411314e-05	5.199577271419113e-05	6.110172071684286e-05
"AGCAGCCGTCCTGTGGATAA"	"AGC-----------GGATAA"	3.065762280792747e-05	3.871286059005115e-05	4.4230808547043495e-05	6.845072492677242e-05
"AGCAGCCGTCCTGTGGATAA"	"AGC-----------------"	2.8452793770371045e-05	5.569911574691033e-05	4.8162435973447364e-05	7.023548309204103e-05
"AGCAGCCGTCCTGTGGATAA"	"AGCAGC-------TGGATAA"	2.5827997297089585e-05	3.100979139101036e-05	3.53846468376348e-05	4.3254139064156806e-05
"AGCAGCCGTCCTGTGGATAA"	"AGCA--------------AA"	2.5932989156020844e-05	2.330672219196957e-05	3.587610026593528e-05	3.90547080870542e-05
"AGCAGCCGTCCTGTGGATAA"	"------------------AA"	2.4358111272051966e-05	2.8047072468302363e-05	3.145301941123093e-05	4.5668811875990804e-05
"AGCAGCCGTCCTGTGGATAA"	"AG------------GGATAA"	2.761285889892098e-05	2.291169300227517e-05	2.496583415766455e-05	3.90547080870542e-05
"AGCAGCCGTC--CTGTGGATAA"	"AGCAGCCGTCTACTGTGGATAA"	2.2993217105945606e-05	2.2022877325462773e-05	3.0076949811989575e-05	3.3070518944682995e-05
"AGCAGCCGTCCTGTGGATAA"	"AGCAG-------------AA"	2.0788388068389175e-05	2.4096780571358368e-05	2.8406008155767933e-05	4.4513968357287584e-05
"AGCAGCCGTCCTGTGGATAA"	"AGCAGC--------GGATAA"	2.057840435052666e-05	2.7355771386337166e-05	2.8897461584068417e-05	3.842479344048881e-05
"AGCAGCCGTCCTGTGGATAA"	"AGCAGCCGT----------A"	1.994845319693911e-05	2.7750800576031565e-05	2.7816264041807352e-05	3.6640035275220206e-05
"AGCAGCCGTCCTGTGGATAA"	"AGCAGCC---------ATAA"	1.8163591595107716e-05	2.0936547053803174e-05	2.142736947390107e-05	3.863476498934394e-05
"AGCAGCCGTCCTGTGGATAA"	"AGC-------------ATAA"	1.79536078772452e-05	2.0541517864108775e-05	2.5752159642945324e-05	3.149573232826952e-05
"AGCAGCCGTCCTGTGGATAA"	"AGCA------------ATAA"	1.595876255755129e-05	1.7381284346553578e-05	1.9854718503339524e-05	2.7821230223304742e-05
"AGCAGCCGTCCTGTGGATAA"	"-------------TGGATAA"	1.5433803262894994e-05	2.5084353545594367e-05	2.3982927301063584e-05	2.8871087967580393e-05
"AGCAGCCGTCCTGTGGATAA"	"AGCAGCCGT-------ATAA"	1.4803852109307445e-05	2.0837789756379574e-05	2.0739334674280394e-05	2.2256984178643792e-05
"AGCAGCCGTCCTGTGGATAA"	"AGCAGCC----------TAA"	1.4593868391444928e-05	2.1726605433191972e-05	2.290172975880252e-05	3.810983611720612e-05
"AGCAGCCGTCCTGTGGATAA"	"AGCAGCCGT------GATAA"	1.4173900955719893e-05	1.560365299292878e-05	1.8183776847117882e-05	2.0472226013375187e-05
"AGCAGCCGTC-----CTGTGGATAA"	"AGCAGCCGTCGACGGCTGTGGATAA"	1.3438957943201084e-05	2.1035304351226775e-05	1.8675230275418366e-05	2.7191315576739353e-05
"AGCAGCCGTCCTGTGGATAA"	"A--------------GATAA"	1.6378729993276322e-05	1.2344662177949984e-05	1.4055568049393822e-05	2.509160008818805e-05
"AGCAGCCGTCCTGTGGATAA"	"A-----------------AA"	1.0709169610988364e-05	1.3035963259915183e-05	1.6021381762595753e-05	2.551154318589831e-05
