"ref_align"	"read_align"	"freq_yjl221"	"freq_yjl222"	"freq_yjl223"	"freq_yjl224"
"GACTCCTCCC-GACGGCTGCT"	"GACTCCTCCCTGACGGCTGCT"	0.11305229684501249	0.11428894983722722	0.12598386658767965	0.11932207970057618
"GACTCCTCCCGACGGCTGCT"	"GACTCCTCCCGACGGCTGCT"	0.035780785863754674	0.03677640548585941	0.04051925043071266	0.03685998798527511
"GACTCCTCCCGACGGCTGCT"	"GACTCCTCCC-ACGGCTGCT"	0.007203377900389094	0.007081692192229447	0.007657482180969361	0.007310879592308748
"GACTCCTCCCGACGGCTGCT"	"GACTCCTCCC--CGGCTGCT"	0.005870223695449806	0.005546107926910345	0.006179348374892474	0.005788260164703123
"GACTCCTCCCGACGGCTGCT"	"GACTCCTCC-GACGGCTGCT"	0.004917606481078122	0.004947121908764536	0.005361563306308789	0.005006606793215096
"GACTCCTCCCGACGGCTGCT"	"GACTCCTCC---CGGCTGCT"	0.004710212158517101	0.004360859969602175	0.00483898516872424	0.0046258431467004
"GACTCCTCCCGACGGCTGCT"	"GACTCCTCC------CTGCT"	0.0029512954773849294	0.0025246693382991172	0.002824352538945329	0.0028028555968013244
"GACTCCTCCCGACGGCTGCT"	"GACTCCTCCC-----CTGCT"	0.002002890440595992	0.0017978063263696569	0.002018609968669618	0.0019926993466313405
"GACTCCTCCCGACGGCTGCT"	"GACTCCTC----CGGCTGCT"	0.0016456312735119874	0.0016608104093145347	0.0017198676253231864	0.0016478362725023156
"GACTCCTCCCGACGGCTGCT"	"GACTCCTCC--ACGGCTGCT"	0.0016328838939852542	0.0016570992196110292	0.001807148117647033	0.0017299724305362
"GACTCCTCCCGACGGCTGCT"	"------------CGGCTGCT"	0.0014384586445079523	0.0013646574709747852	0.0015118307050120436	0.0014381986876926527
"GACTCCTCCCGACGGCTGCT"	"-------------GGCTGCT"	0.001306329284543902	0.0012329632534960997	0.0013353915325548503	0.0013177685857807188
"GACTCCTCCCGACGGCTGCT"	"GACTCCTCC---------CT"	0.0012953554534730623	0.0012302063697163528	0.0013422413939777344	0.0013719458131990956
"GACTCCTCCCGACGGCTGCT"	"GACTCCTC--GACGGCTGCT"	0.0012790609770345427	0.0012492924881915245	0.001373397215288272	0.0012996007203613033
"GACTCCTCCC--GACGGCTGCT"	"GACTCCTCCCTTGACGGCTGCT"	0.0012659810571723298	0.0012385830550471226	0.0013411365776192048	0.0013605229038036548
"GACTCCTCCCGACGGCTGCT"	"----------------TGCT"	0.001292584284010729	0.0012641372470055471	0.0014086408571253694	0.001220837040339406
"GACTCCTCCC-GACGGCTGCT"	"GACTCCTCCCAGACGGCTGCT"	0.0012129962970525176	0.0011732661162654234	0.0012895416536758677	0.0012651144129484009
"GACTCCTCCCGACGGCTGCT"	"GACTCCTCCC----GCTGCT"	0.0011851737556506916	0.0010214254403962788	0.0012149665494751128	0.0011227088091519044
"GACTCCTCCCGACGGCTGCT"	"GACTCCTC-------CTGCT"	0.0010711124205810543	0.0010040358657855666	0.0010530004713146586	0.0010553680385254481
"GACTCCTCCCGACGGCTGCT"	"GACTCC----GACGGCTGCT"	0.0010406295564953883	0.0010301202277016347	0.0011349778451175624	0.0011174869077139886
"GACTCCTCCCGACGGCTGCT"	"GACTCCT---GACGGCTGCT"	0.000965697134233897	0.0009527154138856601	0.0010388588219254783	0.000962896867229022
"GACTCCTCCCGACGGCTGCT"	"GACTCCT-----CGGCTGCT"	0.0009179221727032713	0.000850604680043491	0.0009294820024310379	0.0008595467346036044
"GACTCCTCCC--GACGGCTGCT"	"GACTCCTCCCTGGACGGCTGCT"	0.0007819131754919546	0.000808191083431998	0.0009086009732548265	0.0008183154711667273
"GACTCCTCCC--GACGGCTGCT"	"GACTCCTCCCTAGACGGCTGCT"	0.0007433384965762755	0.0007843334353380332	0.0008593261636644019	0.0008276713779096598
"GACTCCTCCCGACGGCTGCT"	"GACTCCTCCC-------GCT"	0.0007049855112175831	0.0008072367775082393	0.000721887008663307	0.0008806519195818475
"GACTCCTCCCGACGGCTGCT"	"GACTCCTCCC----------"	0.0006240673629174517	0.0005651611748481435	0.0005598104488669998	0.0005959495016021446
"GACTCCTCCCGACGGCTGCT"	"GACTCCT--------CTGCT"	0.0005131097376456277	0.00047216936427744516	0.0005600314121387058	0.0005125078682087812
"GACTCCTCCCGACGGCTGCT"	"GACTCC------CGGCTGCT"	0.000474978445843922	0.0004529772118107446	0.0005077735983802508	0.00045887458885685397
"GACTCCTCCCGACGGCTGCT"	"GACTCCTCCC--------CT"	0.0004663323971214422	0.00041904633452155023	0.0008651816903646093	0.00043515845315965287
"GACTCCTCCCGACGGCTGCT"	"GACTC-------CGGCTGCT"	0.0004565778806140291	0.0004208489123775387	0.0004346347554455846	0.0004510417366999802
"GACTCCTCCCGACGGCTGCT"	"GACTCCTC----------CT"	0.0004346302184723496	0.0004355876372000325	0.00044601436393844053	0.00045920095769672373
"GACTCCTCCCGACGGCTGCT"	"GACTCCTC---ACGGCTGCT"	0.00041877912914780333	0.0004359057391746187	0.0004149690242637559	0.0004205806449788045
"GACTCCTCCCGACGGCTGCT"	"GACTC----------CTGCT"	0.00045835142906992235	0.0004178799606147342	0.00041309083645425543	0.0004181872734864264
"GACTCCTCCCGACGGCTGCT"	"-----------------GCT"	0.00040226295915229705	0.00044597896836984826	0.00043375090235876085	0.0004252585983502708
"GACTCCTCCCGACGGCTGCT"	"GACTCCT------GGCTGCT"	0.0003821996922450042	0.0003534112937652649	0.00037364889245474506	0.0003957766131487043
"GACTCCTCCCGACGGCTGCT"	"GACTCCT----ACGGCTGCT"	0.0003263329158843655	0.00033877860293429985	0.00033177635246646936	0.0003128789278217904
"GACTCCTCCCGACGGCTGCT"	"GACTCC-----ACGGCTGCT"	0.0003236725932005256	0.00028894262691579563	0.000344260777317855	0.00030069449113332016
"GACTCCTCCC-GACGGCTGCT"	"GACTCCTCCCCGACGGCTGCT"	0.0002849870675063532	0.0002694323724745089	0.00031785566634899516	0.0003060251821845259
"GACTCCTCCCGACGGCTGCT"	"GACTC-----GACGGCTGCT"	0.0002868714627407398	0.000261479823109854	0.0002773089059909551	0.00029307921820302625
"GACTCCTCCCGACGGCTGCT"	"GAC-------GACGGCTGCT"	0.0002876473901901931	0.00030293911379758833	0.00025930039934692094	0.00031581624738061807
"GACTCCTCCCGACGGCTGCT"	"GACTCCT---------TGCT"	0.00028166166415155325	0.00026200999306749765	0.0002873627348535754	0.0002492370040471912
"GACTCCTCCCGACGGCTGCT"	"GACTCCTCC--------GCT"	0.0002489618644960207	0.0002307299655665216	0.00024482730505018187	0.0002305251905613261
"GACTCCTCCCGACGGCTGCT"	"GACTCC---------CTGCT"	0.00020140859652238184	0.00017834917375132782	0.00018870263403687304	0.0002088760575166334
"GACTCCTCCCGACGGCTGCT"	"GACTCCT-----------CT"	0.0001990808141740219	0.00017124489631890275	0.0001787592868101057	0.00018885876867128935
"GACTCCTCCCGACGGCTGCT"	"----------GACGGCTGCT"	0.00016538339351204937	0.00018110605753107484	0.00018450433187446017	0.00016024710037604217
"GACTCCTCCCGACGGCTGCT"	"GA-------------CTGCT"	0.00016239053049272944	0.00015586996754723655	0.0001499235798524805	0.00015002087672679035
"GACTCCTCCCGACGGCTGCT"	"GACTCCTCC-----GCTGCT"	0.00015307940109928966	0.0001399648688179267	0.0001543428452865993	0.0001562218846843154
"GACTCCTCCCGACGGCTGCT"	"GACTC-------------CT"	0.00015119500586490304	0.00017050265837820162	0.00013898589790303645	0.00014599566103506355
"GACTCCTCCCGACGGCTGCT"	"GACT--------CGGCTGCT"	0.00014310319103488992	0.0001390105628941681	0.0001381020448162127	0.00014828024291415172
"GACTCCTCCCGACGGCTGCT"	"GACTCC--------------"	0.00016682440163246268	0.0001344511012584326	0.00014152697552765478	0.00013130906324092527
"GACTCCTCCC-----GACGGCTGCT"	"GACTCCTCCCGACGAGACGGCTGCT"	0.00013312698097049015	0.00013985883482639798	0.00013235699975185824	0.0001514351416995592
"GACTCCTCCC--GACGGCTGCT"	"GACTCCTCCCGAGACGGCTGCT"	0.00013201851318555684	0.00012066668235969742	0.00014086408571253696	0.00012293226301760194
"GACTCCTCCCGACGGCTGCT"	"GACT------GACGGCTGCT"	0.00011738673842443719	0.00011907617248676643	0.00010794055822835184	0.00011303240820821984
"GACTCCTCCCGACGGCTGCT"	"G-----------CGGCTGCT"	0.000111622705942784	0.0001012624619099394	0.00013047881194235776	0.00011422909395440889
"GACTCCTCCCGACGGCTGCT"	"GA--------GACGGCTGCT"	0.00010142480232139758	9.691506825726136e-05	0.00013147314666503448	0.00011466425240756853
"GACTCCTCCCGACGGCTGCT"	"GACTCCT------------T"	0.00010862984292346407	0.00010857880732542193	0.00010086973353376175	0.00010291497417225791
"GACTCCTCCCGACGGCTGCT"	"GAC---------CGGCTGCT"	0.00010818645580949075	9.246164061305461e-05	0.00011346464002100035	0.00010411165991844695
"GACTCCTCCCGACGGCTGCT"	"G------------GGCTGCT"	0.00010574782668263747	9.585472834197405e-05	0.00010120117844132066	8.648774256548102e-05
"GACTCCTCCCGACGGCTGCT"	"GACT-----------CTGCT"	8.623879366781126e-05	7.910135768043433e-05	9.645046809964295e-05	9.073053748378763e-05
"GACTCCTCCCGACGGCTGCT"	"GACTCCTC---------GCT"	8.568455977534462e-05	8.26004794008825e-05	9.888106408840829e-05	7.865489040860726e-05
"GACTCCTCCCGACGGCTGCT"	"GA-----------GGCTGCT"	8.113984185711806e-05	8.419098927381348e-05	8.529182287849296e-05	7.582636046306951e-05
"GACTCCTCCCGACGGCTGCT"	"GACTCC-----------GCT"	7.65951239388915e-05	7.698067784985968e-05	8.518134124263999e-05	7.549999162319978e-05
"GACTCCTCCCGACGGCTGCT"	"GAC--------ACGGCTGCT"	7.11636317927183e-05	7.888928969737687e-05	9.689239464305483e-05	6.58177160403975e-05
"GACTCCTCCCGACGGCTGCT"	"GACTC------ACGGCTGCT"	6.639722031750508e-05	6.987640041743462e-05	6.938246731566526e-05	6.353313416130932e-05
"GACTCCTCCC--GACGGCTGCT"	"GACTCCTCCCCAGACGGCTGCT"	6.528875253257177e-05	5.73643894170442e-05	6.99348754949301e-05	6.135734189551106e-05
"GACTCCTCCCGACGGCTGCT"	"GAC------------CTGCT"	6.617552676051842e-05	6.266608899348082e-05	5.966008336060388e-05	6.277160686827993e-05
"GACTCCTCCCGACGGCTGCT"	"GACTCCTCC-----------"	8.690387433877126e-05	7.666257587527348e-05	5.833430373036824e-05	7.582636046306951e-05
"GACTCCTCCCGACGGCTGCT"	"GA--------------TGCT"	6.639722031750508e-05	5.4607505637297156e-05	6.518416515325239e-05	6.929898366567472e-05
"GACTCCTCCC-GACGGCTGCT"	"GACTCCTCCCGGACGGCTGCT"	5.70860909240653e-05	6.415056487488308e-05	7.81105165480499e-05	6.962535250554446e-05
"GACTCCTCCCGACGGCTGCT"	"GACTCCTC------GCTGCT"	5.5423389246665344e-05	4.835150013710195e-05	6.430031206642862e-05	5.896397040313297e-05
"GACTCCTCCCGACGGCTGCT"	"GA----------------CT"	6.207419595626519e-05	5.4607505637297156e-05	4.706517687336528e-05	6.16837107353808e-05
"GACTCCTCCCGACGGCTGCT"	"G---------------TGCT"	5.1211211663918775e-05	4.411014047595266e-05	6.595753660422318e-05	6.037823537590184e-05
"GACTCCTCCCGACGGCTGCT"	"GACTCC------------CT"	6.451282508311845e-05	4.368600450983773e-05	6.44107937022816e-05	5.667938852404479e-05
"GACTCCTCCCGACGGCTGCT"	"GACTCCT-------GCTGCT"	4.855088898007884e-05	4.570065034888364e-05	4.375072779777618e-05	4.003457769068807e-05
"GACTCCTCCCGACGGCTGCT"	"GACT--------------CT"	3.779875146622576e-05	4.167135867079181e-05	4.6402287058247466e-05	4.286310763622581e-05
"GACTCCTCCCGACGGCTGCT"	"GAC-----------------"	4.511463884678559e-05	3.4142945272251817e-05	4.408217270533509e-05	4.482132067544425e-05
"GACTCCTCCCGACGGCTGCT"	"GACTCC--------GCTGCT"	3.325403354799921e-05	2.9689517628045058e-05	3.546460510880342e-05	4.188400111661659e-05
"GACTCCTCCCGACGGCTGCT"	"GACT-------ACGGCTGCT"	3.61360497888258e-05	2.926538166193013e-05	4.286687471095242e-05	4.014336730397798e-05
"GACTCCTCCCGACGGCTGCT"	"GA---------ACGGCTGCT"	2.937439630073263e-05	2.88412456958152e-05	4.0878205265598956e-05	4.123126343687711e-05
"GACTCCTCCC--GACGGCTGCT"	"GACTCCTCCCGTGACGGCTGCT"	3.0150323750185946e-05	3.1386061492504774e-05	2.784137223494848e-05	2.9264405974986657e-05
"GACTCCTCCC---GACGGCTGCT"	"GACTCCTCCCTTTGACGGCTGCT"	2.582729938894605e-05	2.619039590759689e-05	3.524364183709748e-05	3.1984146307234486e-05
"GACTCCTCCCGACGGCTGCT"	"GACT---------GGCTGCT"	2.5494759053466058e-05	2.4811954017723368e-05	2.916715186518412e-05	3.0243512494595876e-05
"GACTCCTCCC------GACGGCTGCT"	"GACTCCTCCCGACGAAGACGGCTGCT"	2.460798482551941e-05	2.534212397536703e-05	3.36968989351559e-05	2.6435876029448913e-05
"GACTCCTCCCGACGGCTGCT"	"GAC---------------CT"	2.438629126853275e-05	2.619039590759689e-05	2.298018025741779e-05	2.937319558827657e-05
"GACTCCTCCCGACGGCTGCT"	"GA-----------------T"	3.447334811142584e-05	2.1312832297275203e-05	2.9609078408596002e-05	3.3180832053423534e-05
"GACTCCTCCCGACGGCTGCT"	"GAC--------------GCT"	2.6935767173879357e-05	2.1843002254918865e-05	2.4968849702771254e-05	2.1105184978243164e-05
"GACTCCTCCCGACGGCTGCT"	"G----------------GCT"	2.8265928515799324e-05	1.9722322424344217e-05	2.2096327170594032e-05	2.8176509842087523e-05
"GACTCCTCCC-----GACGGCTGCT"	"GACTCCTCCCGACGTGACGGCTGCT"	2.283443636962612e-05	1.8025778559884498e-05	2.7951853870801448e-05	2.3716135697201083e-05
"GACTCCTCCC---GACGGCTGCT"	"GACTCCTCCCTTAGACGGCTGCT"	2.0395807242772844e-05	1.7707676585298304e-05	2.2648735349858883e-05	2.426008376365065e-05
"GACTCCTCCC---GACGGCTGCT"	"GACTCCTCCCTGAGACGGCTGCT"	1.8289718451399563e-05	1.7707676585298304e-05	2.7399445691536598e-05	2.088760575166334e-05
"GACTCCTCCCGACGGCTGCT"	"GACTCCTC------------"	2.083919435674617e-05	2.8947279687343932e-05	1.9555249545975716e-05	1.7841496579545768e-05
"GACTCCTCCC--GACGGCTGCT"	"GACTCCTCCCATGACGGCTGCT"	1.8511412008386222e-05	1.8237846542941966e-05	1.8118988279887107e-05	2.502161105668004e-05
"GACTCCTCCCGACGGCTGCT"	"GA---------------GCT"	1.7292097444959585e-05	2.343351212784985e-05	2.0439102632799478e-05	1.7623917352965943e-05
"GACTCCTCCCGACGGCTGCT"	"GACT------------TGCT"	1.7070403887972926e-05	3.149209548403351e-05	2.773089059909551e-05	1.751512773967603e-05
"GACTCCTCCC----GACGGCTGCT"	"GACTCCTCCCTGGAGACGGCTGCT"	1.8400565229892893e-05	1.9616288432815484e-05	2.0991510812064328e-05	1.620965238019707e-05
"GACTCCTCCC--GACGGCTGCT"	"GACTCCTCCCAAGACGGCTGCT"	1.8400565229892893e-05	1.4738724822493797e-05	2.806233550665442e-05	2.088760575166334e-05
"GACTCCTCCC------GACGGCTGCT"	"GACTCCTCCCGACGCAGACGGCTGCT"	1.5296855432079634e-05	2.2903342170206188e-05	2.0991510812064328e-05	2.067002652508351e-05
"GACTCCTCCCGACGGCTGCT"	"GACTC------------GCT"	2.23910492556528e-05	1.261804499191915e-05	2.4195478251800465e-05	2.0017288845344034e-05
"GACTCCTCCCGACGGCTGCT"	"GACT---------------T"	1.296907308371969e-05	1.4950792805551261e-05	1.6793208649651464e-05	1.7406338126386115e-05
"GACTCCTCCC-----GACGGCTGCT"	"GACTCCTCCCTGGAAGACGGCTGCT"	1.2414839191253036e-05	1.8237846542941966e-05	1.403116775332721e-05	1.990849923205412e-05
