"ref_align"	"read_align"	"freq_yll027"	"freq_yll028"	"freq_yll029"	"freq_yll030"
"ATGCTCTGGC-TTCCGGCTGG"	"ATGCTCTGGCATTCCGGCTGG"	0.04818747263854153	0.08680176496664416	0.22047064702766583	0.1986910680902146
"ATGCTCTGGCTTCCGGCTGG"	"ATGCTCTGGCTTCCGGCTGG"	0.010031251071475957	0.036450933758187976	0.061653567584389	0.05242191134945458
"ATGCTCTGGCTTCCGGCTGG"	"ATGC-------TCCGGCTGG"	0.004836487178811883	0.0015502040727583704	0.0026639764975943956	0.002053270060149983
"ATGCTCTGGCTTCCGGCTGG"	"ATGCTCT-------GGCTGG"	0.00371693456257196	0.003656520000821364	0.0029284576174994506	0.0014367709756474226
"ATGCTCTGGCTTCCGGCTGG"	"ATG-------TTCCGGCTGG"	0.0025616039665853547	0.0018751260733598988	0.0022888157785986383	0.0014059336865066385
"ATGCTCTGGC--TTCCGGCTGG"	"ATGCTCTGGCCATTCCGGCTGG"	0.002263454135363005	0.005724183497586035	0.011588297764535621	0.008934426108181157
"ATGCTCTGGC--TTCCGGCTGG"	"ATGCTCTGGCAATTCCGGCTGG"	0.0019896532070238135	0.0038507484680954376	0.005876080533542746	0.004868097812920775
"ATGCTCTGGC-TTCCGGCTGG"	"ATGCTCTGGCTTTCCGGCTGG"	0.0015707526941564124	0.003916216023606972	0.0018422643225270597	0.0016417772738553569
"ATGCTCTGGCTTCCGGCTGG"	"ATGCT-----------CTGG"	0.005322968320089684	0.00581429197805025	0.0043114734736696345	0.0006873015003698008
"ATGCTCTGGC-TTCCGGCTGG"	"ATGCTCTGGCCTTCCGGCTGG"	0.0012517323747484983	0.0013854480843492683	0.0024251289644917325	0.0017162801644194916
"ATGCTCTGGCTTCCGGCTGG"	"AT-------------GCTGG"	0.0024592391911990143	0.0019376946965240594	0.0008202747776765477	0.0005799877341598714
"ATGCTCTGGC--TTCCGGCTGG"	"ATGCTCTGGCTTTTCCGGCTGG"	0.0010902345495030588	0.0021679182404446963	0.003196771797113275	0.0049648035516662746
"ATGCTCTGGC---TTCCGGCTGG"	"ATGCTCTGGCTTTTTCCGGCTGG"	0.0009833975266483835	0.002066455608286598	0.001169562343638115	0.000982352682868825
"ATGCTCTGGC---TTCCGGCTGG"	"ATGCTCTGGCAAATTCCGGCTGG"	0.0009138292326965018	0.0022336273736518453	0.002048530848105187	0.002928802373435131
"ATGCTCTGGC--TTCCGGCTGG"	"ATGCTCTGGCTATTCCGGCTGG"	0.0009004124902914962	0.0024462157457926224	0.004690227686142363	0.0064370990844038805
"ATGCTCTGGCTTCCGGCTGG"	"ATGCTCTGG-TTCCGGCTGG"	0.000551577187761347	0.0004978916306615243	0.00044104143274022325	0.0012093151309449976
"ATGCTCTGGCTTCCGGCTGG"	"A----------------TGG"	0.0013421711568859442	0.0017768039512447895	0.0007955994558013479	0.0002735884292570384
"ATGCTCTGGC--TTCCGGCTGG"	"ATGCTCTGGCAGTTCCGGCTGG"	0.00046511373670686556	0.0002691175529145745	0.00023836840063906688	0.0004531848012129663
"ATGCTCTGGC----TTCCGGCTGG"	"ATGCTCTGGCTTTATTCCGGCTGG"	0.0005172899571707768	0.00038942324533060513	0.0003821081397179012	0.00021758791217737412
"ATGCTCTGGC--TTCCGGCTGG"	"ATGCTCTGGCGATTCCGGCTGG"	0.00041691284732591903	0.0008216057427849801	0.0004206783030373884	0.0005962698228262055
"ATGCTCTGGC--TTCCGGCTGG"	"ATGCTCTGGCCCTTCCGGCTGG"	0.00032398948326162	0.0016712344982612445	0.0035599542045191297	0.0007652581673177035
"ATGCTCTGGC------TTCCGGCTGG"	"ATGCTCTGGCCAAGCATTCCGGCTGG"	0.0003100758244712437	0.0005314709303519424	0.00016434243501346722	0.00023140301771244548
"ATGCTCTGGC----TTCCGGCTGG"	"ATGCTCTGGCTTTTTTCCGGCTGG"	0.00022063087510453878	0.00036454074268230964	0.000842075304770171	0.0004951235144444329
"ATGCTCTGGC---TTCCGGCTGG"	"ATGCTCTGGCCCCTTCCGGCTGG"	0.00018087756427489216	0.00015460972519329235	0.0006633588958488203	0.0006969227345817255
"ATGCTCTGGC----TTCCGGCTGG"	"ATGCTCTGGCAAAATTCCGGCTGG"	0.00017888989873340982	0.0011866296408585188	0.00027574073279956377	0.0015894772314725867
"ATGCTCTGGC--TTCCGGCTGG"	"ATGCTCTGGCTGTTCCGGCTGG"	0.00014360883537209844	0.00045899762166758665	0.0019483921632135988	0.0005903490633111749
"ATGCTCTGGC-TTCCGGCTGG"	"ATGCTCTGGCGTTCCGGCTGG"	0.00010484935731319298	0.0008356172491306223	0.0012407135144821382	0.0016106932864014462
"ATGCTCTGGCTTCCGGCTGG"	"ATGCTCTGG----CGGCTGG"	0.0004820088938094654	1.3045195563184043e-05	0.0004975790634445648	0.00025064548613629487
"ATGCTCTGGC--TTCCGGCTGG"	"ATGCTCTGGCCGTTCCGGCTGG"	1.1429076863523406e-05	2.6573546517597122e-05	5.0308908677592006e-05	3.4291065524552155e-05
