"ref_align"	"read_align"	"freq_yjl300"	"freq_yjl301"	"freq_yjl302"	"freq_yjl303"
"GACTCCTCCCTGCAGGTATG"	"GACTCCTCCCTGCAGGTATG"	0.9273706489102683	0.9365828998052323	0.9231725014454334	0.9243562502840844
"GACTCCTCCC--TGCAGGTATG"	"GACTCCTCCCTTTGCAGGTATG"	0.006631871438457123	0.006083385202779667	0.008075892813394875	0.0077897389976555684
"GACTCCTCCC-TGCAGGTATG"	"GACTCCTCCCTTGCAGGTATG"	0.0012187994095965327	0.0011910570923928559	0.0013955834714856584	0.0015120789811215664
"GACTCCTCCC--TGCAGGTATG"	"GACTCCTCCCTATGCAGGTATG"	0.0012270542664220812	0.001158500823422429	0.0015420441090442587	0.0014908519625416955
"GACTCCTCCCTGCAGGTATG"	"----------TGCAGGTATG"	0.0010183674591127882	0.0008343872258088325	0.0011492100499052639	0.0010997672180538562
"GACTCCTCCCTGCAGGTATG"	"GACTCCTACCTGCAGGTATG"	0.0008329351874949791	0.0008491679651336851	0.0008158123804082321	0.0008436586243184569
"GACTCCTCCC--TGCAGGTATG"	"GACTCCTCCCTGTGCAGGTATG"	0.0006736768521532995	0.0006404987040769433	0.0009116775249920432	0.0008480424651121259
"GACTCCTCCCTGCAGGTATG"	"GACTCCTCC---CAGGTATG"	0.0005547867800682657	0.0005066992010382455	0.0006796838750992205	0.0006376181070160142
"GACTCCTCCCTGCAGGTATG"	"GACTCCTCCCTGAAGGTATG"	0.0005809607163443951	0.0006039815833920135	0.0005831796295515173	0.000599086453724292
"GACTCCTCCCTGCAGGTATG"	"GACTCC----TGCAGGTATG"	0.0005690817760344594	0.0004938505845009553	0.0006876726371478713	0.0007052215466236465
"GACTCCTCCCTGCAGGTATG"	"GACTCCTCCC--CAGGTATG"	0.0005494513238273623	0.00048303069689060584	0.0006528416346157533	0.0006627675094639047
"GACTCCTCCCTGCAGGTATG"	"GACTCCTTCCTGCAGGTATG"	0.0005274048159640072	0.0005414774112143691	0.0005362057087054499	0.0005356361264475039
"GACTCCTCCCTGCAGGTATG"	"GACTCCTGCCTGCAGGTATG"	0.0005004255278024585	0.0005018688940693394	0.0005011616725187012	0.0005142937436362206
"GACTCCTCCCTGCAGGTATG"	"GACTCCTCCCTGCAGGTGTG"	0.0004989154930172972	0.0004845763951206558	0.0005063809970571531	0.0005085255320656035
"GACTCCTCCCTGCAGGTATG"	"GACTCCTCACTGCAGGTATG"	0.00046801011441432896	0.0004919184617133929	0.00047101741038845836	0.00048556805001454743
"GACTCCTCCCTGCAGGTATG"	"GACTCCTCCCTGCATGTATG"	0.0004798890547242646	0.0005020621063480956	0.0004753846003083875	0.00046757122991422206
"GACTCCTCCCTGCAGGTATG"	"GACTCCTCCCTGCAGCTATG"	0.0004511983938061997	0.00043656314384972955	0.0004584484247652476	0.0004376918939784255
"GACTCCTCCCTGCAGGTATG"	"GACTCCTCCCTGCAGGTATT"	0.00042673583028658647	0.0004232314966155488	0.00043512123958318685	0.0004323851393334578
"GACTCCTCCCTGCAGGTATG"	"GACTCCTCCATGCAGGTATG"	0.00039311238907032797	0.0004121217905870649	0.0003831410278532982	0.0003929305721904368
"GACTCCTCCCTGCAGGTATG"	"GACTCCTCCC----GGTATG"	0.0003243554718526496	0.0002893353874374729	0.0003765369845597468	0.00040885083612534
"GACTCCTCCCTGCAGGTATG"	"GACTCATCCCTGCAGGTATG"	0.00032858356925110125	0.0003497142245487986	0.00034777744118460346	0.00034470832346007783
"GACTCCTCCCTGCAGGTATG"	"GACTCCTCCCCGCAGGTATG"	0.000334019694477682	0.00034082645972601146	0.0003453275541563505	0.0003398630257407595
"GACTCCTCCCTGCAGGTATG"	"GACTCCTCCCTGCAGGTATA"	0.00031700663589819786	0.0003255626897042683	0.00032285250359281257	0.0003291341522194117
"GACTCCTCCCTGCAGGTATG"	"GACTCCTCCC--------TG"	0.0002954634729632299	0.00027358858671883916	0.00035842912391613805	0.00035036117079928264
"GACTCCTCCCTGCAGGTATG"	"GACTACTCCCTGCAGGTATG"	0.00029596681789161695	0.00029793333384212566	0.0003000579025473286	0.0003079071336395408
"GACTCCTCCCTGCAGGTATG"	"GACTCCTCCCTTCAGGTATG"	0.0003097584689294236	0.000295807998775807	0.0003017621717843742	0.00030779176940812843
"GACTCCTCCCTGCAGGTATG"	"GACTCCCCCCTGCAGGTATG"	0.00028136981496839096	0.00028788629534680105	0.00027886105391157484	0.00029244832663028695
"GACTCCTCCCTGCAGGTATG"	"GACTCCTCCCTGGAGGTATG"	0.0002935507622353589	0.00028769308306804485	0.00029611677993666085	0.0002901410420020401
"GACTCCTCCCTGCAGGTATG"	"GACTCCTCTCTGCAGGTATG"	0.0002801617871402619	0.0002753274972276453	0.000285678130859757	0.0002783738903979812
"GACTCCTCCCTGCAGGTATG"	"GCCTCCTCCCTGCAGGTATG"	0.00026616879813110044	0.00027397501127635163	0.0002732156620638615	0.0002782585261665689
"GACTCCTCCCTGCAGGTATG"	"GACCCCTCCCTGCAGGTATG"	0.0002772423865556167	0.0002770664077364515	0.000265652967324472	0.0002747975992241986
"GACTCCTCCCTGCAGGTATG"	"TACTCCTCCCTGCAGGTATG"	0.00026637013610245525	0.0002633483359447583	0.00027002015724440114	0.00027410541383572455
"GACTCCTCCCTGCAGGTATG"	"GACTCCTCCC------TATG"	0.00023375338474297095	0.00022528551702977856	0.0002728961115819155	0.0002937173331758227
"GACTCCTCCCTGCAGGTATG"	"GACTCCTCCCTGCACGTATG"	0.00026777950190193917	0.0002603535456240365	0.0002591554408582359	0.00026476091109132484
"GACTCCTCCCTGCAGGTATG"	"GACTCCTCCCTGCAGGCATG"	0.0002550952097065841	0.00026450760961729575	0.00025521431824756814	0.00026245362646307803
"GACTCCTCCCTGCAGGTATG"	"GACTCCTCGCTGCAGGTATG"	0.00024452496621045494	0.0002533012974494337	0.00023891724366832022	0.0002549549514212758
"GACTCCTCCCTGCAGGTATG"	"GACTCCTCCCTGTAGGTATG"	0.00024351827635368074	0.0002443169264872684	0.00023465657057570642	0.00025241693833020427
"GACTCCTCCCTGCAGGTATG"	"GACTCCT---TGCAGGTATG"	0.0002256998658887773	0.00019234282350183923	0.00027705026784721396	0.0002714520365132407
"GACTCCTCCCTGCAGGTATG"	"GACTCCTCCCTGCGGGTATG"	0.0002131162426790997	0.00021707399518263826	0.0002243244383261179	0.00022599852933677796
"GACTCCTCCCTGCAGGTATG"	"GACTCCTCCC-GCAGGTATG"	0.00027784640046968123	0.00018876839634484875	0.00025201881342810776	0.0002777970692409195
"GACTCCTCCCTGCAGGTATG"	"GACTCCTCCC-----GTATG"	0.00020556606875329314	0.00018094329905522094	0.00023966286145952765	0.00025068647485901915
"GACTCCTCCCTGCAGGTATG"	"GGCTCCTCCCTGCAGGTATG"	0.000206975434552777	0.00020760659352358238	0.00021207500318485314	0.00021411601350130674
"GACTCCTCCCTGCAGGTATG"	"GACTCCTCCCTGCAAGTATG"	0.000208888145280648	0.00020924889789301044	0.0002145248902131061	0.00021330846388142033
"GACTCCTCCCTGCAGGTATG"	"GACTCCTCCCTCCAGGTATG"	0.00020677409658142218	0.00021272671891062281	0.00021026421712049226	0.00020950144424481304
"GACTCCTCCCTGCAGGTATG"	"GACTCCTCCTTGCAGGTATG"	0.00020455937889651891	0.00019417834015002353	0.00020504489258204033	0.0002074248880793909
"GACTCCTCCCTGCAGGTATG"	"GAATCCTCCCTGCAGGTATG"	0.00020486138585355118	0.00020528804617850747	0.00020302107286304877	0.00020454078229408234
"GACTCCTCCCTGCAGGTATG"	"GACTCCTCCCTGCAGGTATC"	0.00020466004788219635	0.00020393556022721377	0.00020238197189915668	0.0001958884649381567
"GACTCCTCCCTGCAGGTATG"	"GACTCCTCCCTGCAGGGATG"	0.00019137174177277682	0.00020123058832462637	0.0001847001785648093	0.00019565773647533201
"GACTCCTCCCTGCAGGTATG"	"GACTCCTCC-TGCAGGTATG"	0.00019046572090168003	0.00014858024236355036	0.0002000386016982191	0.00020477151075690703
"GACTCCTCCCTGCAGGTATG"	"CACTCCTCCCTGCAGGTATG"	0.00016610382636774422	0.00016809468251793082	0.0001755397314156896	0.00016993151287037975
"GACTCCTCCCTGCAGGTATG"	"GACTTCTCCCTGCAGGTATG"	0.00016509713651097	0.00015582570281690944	0.0001653141159934164	0.00016139455974586644
"GACTCCTCCCTGCAGGTATG"	"GACTCCTCCC----------"	0.00015674161069974407	0.00013486217057185715	0.0001847001785648093	0.00018504422718539654
"GACTCCTCCCTGCAGGTATG"	"GACTCCTCCCTGCAGGTACG"	0.00015130548547316337	0.0001562121273744219	0.00015476895008919718	0.0001577029043406715
"GACTCCTCCCTGCAGGTATG"	"GACTCTTCCCTGCAGGTATG"	0.00016922456492374425	0.00016374740624591538	0.00016755096936703866	0.0001461664811994373
"GACTCCTCCCTGCAGGTATG"	"GACTCCTCC--GCAGGTATG"	0.00014556735328955038	0.00012133731105892018	0.00016797703667630005	0.00015862581819197022
"GACTCCTCCCTGCAGGTATG"	"GACTC-----TGCAGGTATG"	0.0001242255283259372	0.00012297961542834823	0.00016776400302166936	0.00015724144741502213
"GACTCCTCCCTGCAGGTATG"	"GACTCCTCCCGGCAGGTATG"	0.00013429242689367925	0.00013747053633506642	0.00013165479856176718	0.00014212873310000533
"GACTCCTCCCTGCAGGTATG"	"GACTCCTCCC-------ATG"	0.0001247288732543243	0.00011872894529571091	0.00015018872651463734	0.00016197138090292816
"GACTCCTCCCTGCAGGTATG"	"GACTCCTC----CAGGTATG"	0.00013318506805122762	0.00010984118047292376	0.00015902962318181102	0.0001552802554810123
"GACTCCTCCC--TGCAGGTATG"	"GACTCCTCCCATTGCAGGTATG"	0.00012462820426864686	0.0001077158454066051	0.00015274513037020563	0.00015343442777841483
"GACTCCTCCCTGCAGGTATG"	"GAC-------TGCAGGTATG"	0.00012704425992490496	0.00010703960243095824	0.00014166738032940967	0.00013993681270317083
"GACTCCTCCCTGCAGGTATG"	"GACTCCTCCGTGCAGGTATG"	0.00011909141005638872	0.00013003186360295108	0.0001192988465931871	0.0001258623764708651
"GACTCCTCCCTGCAGGTATG"	"-----------GCAGGTATG"	0.00012593690108245333	0.0001050108735040177	0.00013825884185531863	0.00014558966004237558
"GACTCCTCCCTGCAGGTATG"	"GACTCCTCCCTGCAGGTCTG"	0.00011103789120219506	0.0001204678558045171	0.0001130143537815817	0.00012563164800804042
"GACTCCTCCCTGCAGGTATG"	"GACTCGTCCCTGCAGGTATG"	0.00011325260888709833	0.00011544433655685479	0.00011855322880197968	0.00011755615180917649
"GACTCCTCCCTGCAGGTATG"	"GACTCCTCCCTGCAGTTATG"	0.00011536665758632416	0.00010761923926722698	0.00011024491627138272	0.0001115572117757347
"GACTCCTCCCTGCAGGTATG"	"GACTCCTCCCTACAGGTATG"	0.0001121452500446467	0.00011380203218742673	0.00010683637779729167	0.00010948065561031254
"GACTCCTCCCTGCAGGTATG"	"GACTGCTCCCTGCAGGTATG"	0.00010620577988967887	0.0001155409426962329	0.00010896671434359857	0.00010924992714748786
"GACTCCTCCC-----TGCAGGTATG"	"GACTCCTCCCTTATATGCAGGTATG"	9.66422262503239e-05	9.013352803978705e-05	0.00012100311583023263	0.00011755615180917649
"GACTCCTCCCTGCAGGTATG"	"GATTCCTCCCTGCAGGTATG"	9.815226103548521e-05	9.293510608175256e-05	0.00010193660374078577	0.00010394317250252013
"GACTCCTCCC---TGCAGGTATG"	"GACTCCTCCCTTATGCAGGTATG"	8.707867261096894e-05	8.433715967709978e-05	0.00010672986096997632	0.0001071733709820657
"GACTCCTCCCTGCAGGTATG"	"GACTCCTCCCTGCCGGTATG"	0.00010288370336232399	9.650953323874304e-05	0.00010939278165285995	9.852105362614006e-05
"GACTCCTCCCTGCAGGTATG"	"AACTCCTCCCTGCAGGTATG"	9.211212189483997e-05	9.254868152424007e-05	9.053930321804378e-05	9.298357051834764e-05
"GACTCCTCCCTGCAGGTATG"	"GA--------TGCAGGTATG"	7.42937114299365e-05	7.544939485431263e-05	9.12849210092512e-05	9.540621937800682e-05
"GACTCCTCCC---TGCAGGTATG"	"GACTCCTCCCTAGTGCAGGTATG"	7.660909810051718e-05	6.926660193411288e-05	0.00010140401960420904	9.575231207224385e-05
"GACTCCTCCCTGCAGGTATG"	"GACTCCTCCC---------G"	7.96291676708398e-05	6.376005198955997e-05	9.075233687267448e-05	9.252211359269827e-05
"GACTCCTCCCTGCAGGTATG"	"G---------TGCAGGTATG"	9.342081870864643e-05	6.240756603826627e-05	9.927368305790212e-05	8.721535894773055e-05
"GACTCCTCCCTGCAGGTATG"	"GACTCCT-----CAGGTATG"	6.533417170464606e-05	6.0958473947594456e-05	8.020717096845525e-05	8.075496198863939e-05
"GACTCCTCCCTGCAGGTATG"	"GAGTCCTCCCTGCAGGTATG"	6.966293808877514e-05	7.003945104913784e-05	6.497526466236083e-05	7.071827385576564e-05
"GACTCCTCCC-TGCAGGTATG"	"GACTCCTCCTTTGCAGGTATG"	7.177698678800099e-05	5.5548530142419666e-05	7.871593538604041e-05	8.179324007135048e-05
"GACTCCTCCCTGCAGGTATG"	"GACTCCTCC---------TG"	5.7985335750194345e-05	5.496889330615094e-05	7.147279112859691e-05	6.379641997102512e-05
"GACTCCTCCCTGCAGGTATG"	"GACT------TGCAGGTATG"	6.271677807703312e-05	5.332658893672288e-05	7.200537526517364e-05	6.967999577305456e-05
"GACTCCTCCCTGCAGGTATG"	"------------------TG"	5.617329400800077e-05	5.2746952100454154e-05	6.689256755403705e-05	6.714198268198304e-05
"GACTCCTCCCTGCAGGTATG"	"GACTCCTCCCTGCAGATATG"	6.0804067349162125e-05	6.221435375951003e-05	6.785121899987516e-05	6.26427776569017e-05
"GACTCCTCCC-----TGCAGGTATG"	"GACTCCTCCCTTTTATGCAGGTATG"	5.8488680678581445e-05	5.120125387040422e-05	7.5200880084634e-05	6.345032727678809e-05
"GACTCCTCCCTGCAGGTATG"	"GACTCCTC---GCAGGTATG"	5.999871546374276e-05	5.1104647731026094e-05	7.264447622906572e-05	7.048754539294095e-05
"GACTCCTCCCTGCAGGTATG"	"GACTCCTCCCTGCAGGTAGG"	5.5871287050968506e-05	5.84467143237633e-05	5.613436799518715e-05	5.860502955746973e-05
"GACTCCTCCC-----TGCAGGTATG"	"GACTCCTCCCTTTTTTGCAGGTATG"	5.405924530877493e-05	4.724040215590125e-05	6.177975984290047e-05	5.918185071453144e-05
"GACTCCTCCCTGCAGGTATG"	"GTCTCCTCCCTGCAGGTATG"	5.134118269548457e-05	4.646755304087628e-05	5.464313241277231e-05	5.399046030097605e-05
"GACTCCTCCC---TGCAGGTATG"	"GACTCCTCCCTTGTGCAGGTATG"	5.405924530877493e-05	4.2506701326373314e-05	6.46557141804148e-05	5.8835758020294417e-05
"GACTCCTCCCTGCAGGTATG"	"GACTCCTC--TGCAGGTATG"	5.8287342707226603e-05	4.1347427653835856e-05	6.550784879893756e-05	6.829562499610646e-05
"GACTCCTCCCTGCAGGTATG"	"-------------AGGTATG"	5.5166604151226564e-05	4.1154215375079614e-05	6.082110839706235e-05	6.12584068799536e-05
"GACTCCTCCC-----TGCAGGTATG"	"GACTCCTCCCTTATTTGCAGGTATG"	3.875755948580698e-05	3.7096757521198525e-05	5.379099779424954e-05	4.7876156036121924e-05
"GACTCCTCCCTGCAGGTATG"	"GACTCCTCCCAGCAGGTATG"	4.3690339784000595e-05	4.6081128483363795e-05	4.036987755251599e-05	4.960661950730705e-05
"GACTCCTCCC---TGCAGGTATG"	"GACTCCTCCCTTTTGCAGGTATG"	4.016692528529087e-05	3.642051454555168e-05	4.484358429976051e-05	5.3644367606739025e-05
"GACTCCTCCC--TGCAGGTATG"	"GACTCCTCCCAATGCAGGTATG"	3.83548835430973e-05	3.603408998803919e-05	4.73999881553288e-05	4.6722513721998505e-05
"GACTCCTCCCTGCAGGTATG"	"GACGCCTCCCTGCAGGTATG"	3.88582284714844e-05	4.318294430202016e-05	3.855909148815511e-05	4.39537721681023e-05
"GACTCCTCCC--TGCAGGTATG"	"GACTCCTCCCAGTGCAGGTATG"	3.64421728152263e-05	3.5164634733636105e-05	4.793257229190553e-05	4.7760791804709585e-05
"GACTCCTCCCTGCAGGTATG"	"GACTCC-----GCAGGTATG"	4.308632586993607e-05	3.390875492172053e-05	4.984987518358175e-05	5.076026182143048e-05
"GACTCCTCCC--TGCAGGTATG"	"GACTCCTCCCTTTGCCGGTATG"	2.9395343817806855e-05	2.9175054092192593e-05	3.429841839554129e-05	3.587827596923836e-05
"GACTCCTCCC-----TGCAGGTATG"	"GACTCCTCCCTTTATTGCAGGTATG"	2.8287984975355227e-05	2.9658084789083198e-05	3.557662032332544e-05	3.518609058076431e-05
"GACTCCTCCCTGCAGGTATG"	"-------------------G"	2.8187315989677807e-05	3.361893650358616e-05	3.312673329507249e-05	3.622436866347538e-05
"GACTCCTCCCTGCAGGTATG"	"GACTCCTCCCTGCTGGTATG"	2.9697350774839117e-05	2.985129706783944e-05	3.2700665985811104e-05	3.2301984795455755e-05
"GACTCCTCCCTGCAGGTATG"	"GACTCCTCCCTGCAGGAATG"	2.9697350774839117e-05	3.14936014372675e-05	3.2913699640441795e-05	3.2186620564043416e-05
"GACTCCTCCCTGCAGGTATG"	"GACTC-------CAGGTATG"	2.9798019760516538e-05	2.6373476050227077e-05	3.89851587974165e-05	3.691655405194944e-05
"GACTCCTCCC----TGCAGGTATG"	"GACTCCTCCCTTATTGCAGGTATG"	2.6677281204516492e-05	2.83055988377895e-05	4.409796650855309e-05	3.5532183275001334e-05
"GACTCCTCCCTGCAGGTATG"	"GACTCCTCC-----GGTATG"	2.617393627612939e-05	3.081735846162065e-05	3.557662032332544e-05	4.0954302151381404e-05
"GACTCCTCCCTGCAGGTATG"	"GACTCCGCCCTGCAGGTATG"	2.9596681789161697e-05	3.323251194607368e-05	2.7374824620043825e-05	3.080224978709531e-05
"GACTCCTCCC----TGCAGGTATG"	"GACTCCTCCCTTAGTGCAGGTATG"	2.4261225548258395e-05	2.6953112886495803e-05	3.046381261218885e-05	3.426317672946557e-05
"GACTCCTCCCTGCAGGTATG"	"GACTCCACCCTGCAGGTATG"	2.989868874619396e-05	2.8692023395301984e-05	2.6948757310782444e-05	2.7456687076137395e-05
"GACTCCTCCCTGCAGGTATG"	"GACTCC------CAGGTATG"	3.452946208735531e-05	2.2799048893236593e-05	3.930470927936253e-05	3.73780109775988e-05
"GACTCCTCCCTGCAGGTATG"	"GACTCCTCC----------G"	2.7583302075613282e-05	2.5890445353336472e-05	3.333976694970318e-05	2.722595861331271e-05
"GACTCCTCCC-----TGCAGGTATG"	"GACTCCTCCCTTATGTGCAGGTATG"	2.5871929319097126e-05	2.1832987499455383e-05	2.854650972051263e-05	3.160979940698171e-05
"GACTCCTCCCTGCAGGTATG"	"GACTCCTCCCTGCAGGTTTG"	2.3153866705806767e-05	2.5310808517067746e-05	2.726830779272848e-05	2.4572581290828844e-05
"GACTCCTCCCTGCAGGTATG"	"GACACCTCCCTGCAGGTATG"	2.355654264851645e-05	2.2895655032614714e-05	2.311415152743e-05	2.4457217059416502e-05
"GACTCCTCCC------TGCAGGTATG"	"GACTCCTCCCTTTTTATGCAGGTATG"	2.1140486992258352e-05	2.1349956802564778e-05	2.9398644339035393e-05	2.3880395902354792e-05
"GACTCCTCCCTGCAGGTATG"	"GACTCCTCC------GTATG"	2.335520467716161e-05	1.990086471189296e-05	2.6948757310782444e-05	2.8033508233199104e-05
"GACTCCTCCCTGCAGGTATG"	"GACTCCTCCCTGCAGGTAAG"	2.0536473078193828e-05	2.415153484453029e-05	2.5457521728367605e-05	2.3995760133767135e-05
"GACTCCTCCCTGCAGGTATG"	"GACTCCTC----------TG"	1.9731121192774462e-05	2.3378685729505323e-05	2.7587858274674515e-05	2.6879865919075682e-05
"GACTCCTCCC-----TGCAGGTATG"	"GACTCCTCCCTTTAATGCAGGTATG"	1.963045220709704e-05	2.096353224505229e-05	3.0570329439504194e-05	2.618768053060163e-05
"GACTCCTCCCTGCAGGTATG"	"GACTCCTCC-------TATG"	2.6073267290451968e-05	1.8644984899977383e-05	2.066426449917705e-05	2.7456687076137395e-05
"GACTCCTCCC-----TGCAGGTATG"	"GACTCCTCCCTTGCATGCAGGTATG"	1.9127107278709938e-05	1.816195420308678e-05	2.311415152743e-05	2.607231629918929e-05
"GACTCCTCCC---TGCAGGTATG"	"GACTCCTCCCTGATGCAGGTATG"	1.9127107278709938e-05	1.7968741924330536e-05	1.970561305333894e-05	2.2842117819643713e-05
"GACTCCTCCC------TGCAGGTATG"	"GACTCCTCCCTTATTATGCAGGTATG"	1.822108640761315e-05	2.308886731137096e-05	2.5883589037628985e-05	2.9417879010147208e-05
"GACTCCTCCCTGCAGGTATG"	"GACTCCTCC-----------"	2.063714206387125e-05	1.7099286669927447e-05	2.4711903937160185e-05	2.3303574745293083e-05
"GACTCCTCCCTGCAGGTATG"	"GACTCCTCT-TGCAGGTATG"	2.063714206387125e-05	1.7002680530549323e-05	3.387235108627991e-05	2.538013091071524e-05
"GACTCCTCCCTGCAGGTATG"	"GACTCC------------TG"	2.5368584390710023e-05	1.671286211241496e-05	3.142246405802696e-05	2.6649137456251e-05
"GACTCCTCCCTGCAGGTATG"	"GACTCCT-----------TG"	1.922777626438736e-05	1.5553588439877508e-05	1.8427411125554792e-05	2.1227018579870927e-05
"GACTCCTCCC----TGCAGGTATG"	"GACTCCTCCCTTAATGCAGGTATG"	1.7315065536516365e-05	1.6326437554902476e-05	1.917302891676221e-05	1.8342912794562376e-05
"GACTCCTCCCTGCAGGTATG"	"GACTCCT------AGGTATG"	2.1442493949290615e-05	1.6423043694280597e-05	2.19424664269612e-05	1.788145586891301e-05
"GACTCCTCCC---TGCAGGTATG"	"GACTCCTCCCTGGTGCAGGTATG"	1.5503023794322792e-05	1.6423043694280597e-05	2.481842076447553e-05	2.4803309753653526e-05
"GACTCCTCCCTGCAGGTATG"	"GACTCCA---TGCAGGTATG"	1.9026438293032517e-05	1.4780739324852538e-05	1.9066512089446866e-05	1.8342912794562376e-05
"GACTCCTCCC---TGCAGGTATG"	"GACTCCTCCCTAATGCAGGTATG"	1.530168582296795e-05	1.8065348063708657e-05	2.3220668354745345e-05	2.0765561654221557e-05
"GACTCCTCCCTGCAGGTATG"	"GACTCCTCC--------ATG"	2.063714206387125e-05	1.410449634920569e-05	2.2794601045483965e-05	2.145774704269561e-05
"GACTCCTCCCTGCAGGTATG"	"GACTCCTCA-TGCAGGTATG"	1.4697671908903428e-05	1.3911284070449448e-05	2.332718518206069e-05	2.0650197422809217e-05
"GACTCCTCCC--TGCAGGTATG"	"GACTCCTCCCGTTGCAGGTATG"	1.4697671908903428e-05	1.3138434955424478e-05	1.5977524097301842e-05	1.86890054887994e-05
"GACTCCTCCC----TGCAGGTATG"	"GACTCCTCCCTTTTTGCAGGTATG"	1.3388975095096956e-05	1.3911284070449448e-05	1.6190557751932536e-05	1.857364125738706e-05
"GACTCCTCCC-TGCAGGTATG"	"GACTCCTCCCATGCAGGTATG"	1.3288306109419536e-05	1.3428253373558841e-05	1.7894826988978066e-05	2.1111654348458584e-05
"GACTCCTCCC---TGCAGGTATG"	"GACTCCTCCCTATTGCAGGTATG"	1.1878940309935646e-05	1.4394314767340053e-05	1.533842313340977e-05	1.6381720860552563e-05
"GACTCCTCCC--TGCAGGTATG"	"GACTCCTCCCTTTGCAGGTGTG"	1.3489644080774377e-05	1.1399524446618297e-05	1.3847187550994932e-05	1.51127143150168e-05
"GACTCCTCCC--TGCAGGTATG"	"GACTCCTCCCTTTTCAGGTATG"	1.3388975095096956e-05	1.1399524446618297e-05	1.82143774709241e-05	1.5458807009253826e-05
"GACTCCTCCCTGCAGGTATG"	"GACTCCTAACTGCAGGTATG"	1.1476264367225963e-05	1.3138434955424478e-05	1.4273254860256314e-05	1.5228078546429142e-05
"GACTCCTCCC--TGCAGGTATG"	"GACTCCTCCCTTTGCAGGTATT"	1.1375595381548542e-05	1.2558798119155752e-05	1.533842313340977e-05	1.51127143150168e-05
"GACTCCTCCCTGCAGGTATG"	"GACTCC--------------"	1.0771581467484018e-05	1.072328147097145e-05	1.3208086587102857e-05	1.5920263934903196e-05
"GACTCCTCCCTGCAGGTATG"	"GACTC------GCAGGTATG"	1.1476264367225963e-05	1.0240250774080843e-05	1.459280534220235e-05	1.5343442777841483e-05
"GACTCCTCCCTGCAGGTATG"	"G----------GCAGGTATG"	1.4496333937548586e-05	1.1399524446618297e-05	1.0864716386165253e-05	1.2113244298295908e-05
"GACTCCTCCCTGCAGGTATG"	"GACTCCTACATGCAGGTATG"	1.3288306109419536e-05	1.1882555143508903e-05	1.1503817350057328e-05	1.1305694678409515e-05
"GACTCCTCCC---TGCAGGTATG"	"GACTCCTCCCTGTTGCAGGTATG"	1.0368905524774335e-05	1.081988761034957e-05	1.1823367832003365e-05	1.095960198417249e-05
"GACTCCTCCCTGCAGGTATG"	"GACTCCTCCCTGCAGCTGTG"	1.510034785161311e-05	1.3235041094802599e-05	1.0012581767642488e-05	1.1767151604058882e-05
"GACTCCTCCCTGCAGGTATG"	"GACTCCTCCCTGCAGGNATG"	1.1979609295613066e-05	1.0626675331593329e-05	1.1290783695426635e-05	1.0844237752760147e-05
"GACTCCTCCCTGCAGGTATG"	"GACTCATACCTGCAGGTATG"	1.0872250453161438e-05	1.2365585840399508e-05	1.1716851004688018e-05	1.0498145058523121e-05
"GACTCCTCCC------TGCAGGTATG"	"GACTCCTCCCTTATAATGCAGGTATG"	1.1778271324258225e-05	1.3041828816046357e-05	1.3953704378310277e-05	1.0382780827110778e-05
