"ref_align"	"read_align"	"freq_yjl225"	"freq_yjl226"	"freq_yjl227"	"freq_yjl228"
"GACTCCTCCC-GACGGCTGCT"	"GACTCCTCCCTGACGGCTGCT"	0.25407636836617425	0.2685511218229347	0.26297476643941964	0.26091390335677855
"GACTCCTCCCGACGGCTGCT"	"GACTCCTCCCGACGGCTGCT"	0.0729744006709818	0.07694664110354191	0.07527064439960714	0.07351843799294538
"GACTCCTCCCGACGGCTGCT"	"GACTCCTCCC-ACGGCTGCT"	0.014078467156884211	0.015035704494719391	0.01439281610658546	0.013477641706405532
"GACTCCTCCCGACGGCTGCT"	"GACTCCTCC-GACGGCTGCT"	0.011483251952592052	0.012770721008864115	0.011965221573519515	0.011081093795850662
"GACTCCTCCCGACGGCTGCT"	"GACTCCTCCC--CGGCTGCT"	0.010652283375144768	0.011390415808922996	0.010641859871626799	0.010190884306815313
"GACTCCTCCCGACGGCTGCT"	"GACTCCTCC---CGGCTGCT"	0.009034662791005024	0.009580432235286386	0.009065138081248226	0.008321444379841083
"GACTCCTCCCGACGGCTGCT"	"GACTCCTCC------CTGCT"	0.005118629673770862	0.005062507061895744	0.004553610810684802	0.004418168174997772
"GACTCCTCCC--GACGGCTGCT"	"GACTCCTCCCTTGACGGCTGCT"	0.004004666258743811	0.004405610082518955	0.0042333832896445656	0.0043053649871900804
"GACTCCTCCCGACGGCTGCT"	"GACTCCTCC--ACGGCTGCT"	0.004096981489218251	0.004557764394000439	0.004287981468519242	0.003880013796297716
"GACTCCTCCCGACGGCTGCT"	"GACTCCTC----CGGCTGCT"	0.003565051136983046	0.003821864214431341	0.0035534212507154508	0.003279609732160007
"GACTCCTCCC-GACGGCTGCT"	"GACTCCTCCCAGACGGCTGCT"	0.003083749508013738	0.003260176219901694	0.003061424178159379	0.003003839726943509
"GACTCCTCCCGACGGCTGCT"	"GACTCCTCCC-----CTGCT"	0.0033396546910668184	0.0034487935468565504	0.0032004348223504085	0.0029887646465452463
"GACTCCTCCCGACGGCTGCT"	"GACTCCTC--GACGGCTGCT"	0.003064813050480519	0.003516092569242591	0.003139211246488693	0.002921056742342704
"GACTCCTCCCGACGGCTGCT"	"------------CGGCTGCT"	0.002966317170672319	0.003025079802235408	0.002918732757864438	0.0025700412927245325
"GACTCCTCCC--GACGGCTGCT"	"GACTCCTCCCTGGACGGCTGCT"	0.0024128202973576146	0.0024387455102098696	0.0023788855959575262	0.0025002540670877467
"GACTCCTCCCGACGGCTGCT"	"-------------GGCTGCT"	0.0027163296305983695	0.00260778084737347	0.002555317463871649	0.0023226020420495977
"GACTCCTCCCGACGGCTGCT"	"GACTCC----GACGGCTGCT"	0.002429389697699181	0.002659774406474391	0.002490045034295631	0.002276207182548047
"GACTCCTCCC--GACGGCTGCT"	"GACTCCTCCCTAGACGGCTGCT"	0.0021377156504166876	0.0023072985902317833	0.0022509172800782287	0.0022113583453175893
"GACTCCTCCCGACGGCTGCT"	"----------------TGCT"	0.0024942207641149923	0.0025350798967691515	0.0023207293335157364	0.002065805844920569
"GACTCCTCCCGACGGCTGCT"	"GACTCCT---GACGGCTGCT"	0.002182558233880768	0.0024357069255870885	0.0022196306831949873	0.002036305472072244
"GACTCCTCCCGACGGCTGCT"	"GACTCCTCC---------CT"	0.0023441756387996967	0.0021388259539242534	0.0021359543730994157	0.0020183713247018966
"GACTCCTCCCGACGGCTGCT"	"GACTCCTC-------CTGCT"	0.0020781447110934373	0.0021374754718696837	0.001870815801081044	0.001784187748170262
"GACTCCTCCCGACGGCTGCT"	"GACTCCTCCC----GCTGCT"	0.0020743311189513306	0.002009629837370449	0.0019568232693757586	0.0017719717347440837
"GACTCCTCCCGACGGCTGCT"	"GACTCCT-----CGGCTGCT"	0.0019144232553374837	0.0019892600663806944	0.001894986230830058	0.0017084224734100273
"GACTCCTCCCGACGGCTGCT"	"GACTCCTCCC-------GCT"	0.0014966376610108464	0.0011067200437196057	0.0010669342999869331	0.0010436894024004207
"GACTCCTCCCGACGGCTGCT"	"GACTCCTC---ACGGCTGCT"	0.0010750384745421026	0.001212732885003302	0.0011205509385672334	0.0009840388687555703
"GACTCCTCCCGACGGCTGCT"	"GACTCCT--------CTGCT"	0.0010480803231927287	0.0011075078249181045	0.0009746695123155701	0.0009268575293138837
"GACTCCTCCCGACGGCTGCT"	"GACTCCTCCC----------"	0.0009607622134562205	0.0009948551135327756	0.0009504990825665561	0.000880202754633053
"GACTCCTCCCGACGGCTGCT"	"GACTCC------CGGCTGCT"	0.0009635237801798148	0.0010281670042121536	0.0009473090766098334	0.0008746145782785246
"GACTCCTCCCGACGGCTGCT"	"GACTC-------CGGCTGCT"	0.0009184181903611064	0.0009926043101084932	0.0009008086051637608	0.0008520019576811304
"GACTCCTCCCGACGGCTGCT"	"GACTCCTC----------CT"	0.0008417518379870336	0.0008335850481829489	0.0008225307666872585	0.0007523244864270994
"GACTCCTCCCGACGGCTGCT"	"GACTC----------CTGCT"	0.0007983557894734074	0.0008631831132122611	0.0008173776801417835	0.0007437472855108464
"GACTCCTCCCGACGGCTGCT"	"GACTCCT----ACGGCTGCT"	0.000796120235459069	0.000857218484137913	0.0007440075431371623	0.0007171059796346061
"GACTCCTCCCGACGGCTGCT"	"GACTCCT------GGCTGCT"	0.0007072240875947924	0.000823906593458535	0.0007806926116394729	0.0007130772943557599
"GACTCCTCCCGACGGCTGCT"	"-----------------GCT"	0.000950899475157669	0.0009084242620403353	0.0007527187132497511	0.0006964427228818148
"GACTCCTCCCGACGGCTGCT"	"GAC-------GACGGCTGCT"	0.0007084076161906186	0.0006679259161557718	0.0007107578656651684	0.0006773389572047058
"GACTCCTCCCGACGGCTGCT"	"GACTCC-----ACGGCTGCT"	0.0007503571297537905	0.0007830545113078113	0.0007871953160897152	0.0006480984995356615
"GACTCCTCCCGACGGCTGCT"	"GACTCCTCCC--------CT"	0.000711300686091527	0.0014132794701068546	0.0005984941944958901	0.0006123601623846074
"GACTCCTCCCGACGGCTGCT"	"GACTC-----GACGGCTGCT"	0.0006746112996209158	0.0006776043708801857	0.0006105180631019986	0.0006024833855719524
"GACTCCTCCC-GACGGCTGCT"	"GACTCCTCCCCGACGGCTGCT"	0.0004605241269536934	0.0005080063328605145	0.00044255198022687077	0.0004889004522264204
"GACTCCTCCCGACGGCTGCT"	"GACTCCT---------TGCT"	0.0005116788629288467	0.0004942764319723925	0.0005020578605734281	0.0004210625904342377
"GACTCCTCCCGACGGCTGCT"	"----------GACGGCTGCT"	0.0004695978461883607	0.0004920256285481103	0.00044292005783726186	0.0003680398938610374
"GACTCCTCCCGACGGCTGCT"	"GACTCCTCC--------GCT"	0.0004381685868103102	0.0004807716114266988	0.000443778905594841	0.0003663504451957148
"GACTCCTCCCGACGGCTGCT"	"GACTCC---------CTGCT"	0.00039253698428234576	0.0003492121512773985	0.0003740895446941306	0.0003468568067496853
"GACTCCTCCCGACGGCTGCT"	"GACTCCT-----------CT"	0.00036847190283388035	0.0003341317683347071	0.0003177736703042959	0.0003022813535030978
"GACTCCTCCC-----GACGGCTGCT"	"GACTCCTCCCGACGAGACGGCTGCT"	0.00034703688493169525	0.0003590031461730265	0.00034550218362042363	0.00030085182001705565
"GACTCCTCCCGACGGCTGCT"	"GACT--------CGGCTGCT"	0.00031455560013513267	0.0003412217991211963	0.00029164015996652946	0.0002821379271088673
"GACTCCTCCC--GACGGCTGCT"	"GACTCCTCCCGAGACGGCTGCT"	0.00029220005999174947	0.0002896784007051317	0.00029311247040809377	0.0002722611502962123
"GACTCCTCCCGACGGCTGCT"	"GACTC-------------CT"	0.0002719485706853906	0.0003152250195707358	0.00026967819587986195	0.00028343750300526926
"GACTCCTCCCGACGGCTGCT"	"GA-------------CTGCT"	0.000316922657326785	0.0003156751802555922	0.00030010594500552425	0.00025861560338399166
"GACTCCTCCCGACGGCTGCT"	"GACTCCTCC-----GCTGCT"	0.0003211307590008336	0.00038151118041584943	0.00029483016592325213	0.00025588649400154755
"GACTCCTCCCGACGGCTGCT"	"GACT------GACGGCTGCT"	0.00026734595947939995	0.00024263660913763168	0.00028759130625222764	0.00024380043816500923
"GACTCCTCCCGACGGCTGCT"	"GAC---------CGGCTGCT"	0.0002484095019461813	0.00024860123821197975	0.0002223188766762101	0.00024341056539608865
"GACTCCTCCCGACGGCTGCT"	"GACTCC--------------"	0.0002852303915941065	0.00025254014420447377	0.00025421893624343674	0.00022625616356358266
"GACTCCTCCCGACGGCTGCT"	"GA--------GACGGCTGCT"	0.0002541956417479981	0.0002759484998170097	0.00021827002296190826	0.00021871862336445125
"GACTCCTCCCGACGGCTGCT"	"G-----------CGGCTGCT"	0.00024051931130734014	0.00027043403142751804	0.00024464891837326874	0.00020897180414143648
"GACTCCTCCCGACGGCTGCT"	"GACTCCT------------T"	0.00020198888035433268	0.0002474758364998386	0.00020612346181900275	0.00019792540902201976
"GACTCCTCCCGACGGCTGCT"	"GAC--------ACGGCTGCT"	0.00018699751814053455	0.00017432472521066393	0.00016894762316950403	0.0001755727036039059
"GACTCCTCCCGACGGCTGCT"	"G------------GGCTGCT"	0.0001745047162957028	0.00020459803126726084	0.00019262728277132994	0.00015789847141283914
"GACTCCTCCCGACGGCTGCT"	"GACTCCTC---------GCT"	0.0001731896845225626	0.0001808520551410826	0.00019998883497915148	0.00014932127049658615
"GACTCCTCCCGACGGCTGCT"	"GACTC------ACGGCTGCT"	0.0001684555701392579	0.00017353694401216514	0.00014821258445080673	0.0001432132637834969
"GACTCCTCCCGACGGCTGCT"	"GA-----------GGCTGCT"	0.00017555674171421492	0.0001686977166499582	0.00014109641731657925	0.00013996432404249197
"GACTCCTCCCGACGGCTGCT"	"GACT-----------CTGCT"	0.00023184010160461492	0.00019773308082319984	0.00015127989787073237	0.0001391845785046508
"GACTCCTCCC-GACGGCTGCT"	"GACTCCTCCCGGACGGCTGCT"	0.00014978211896066727	0.00014506428069499408	0.00013851987404384173	0.00013697529948076745
"GACTCCTCCCGACGGCTGCT"	"GACTCC-----------GCT"	0.00015267518886157567	0.00015755623969976082	0.00014293680536853464	0.00012982763205055662
"GACTCCTCCC--GACGGCTGCT"	"GACTCCTCCCCAGACGGCTGCT"	0.00016109139220967287	0.00016081990466497017	0.00012477830992257488	0.00012917784410235563
"GACTCCTCCCGACGGCTGCT"	"GA----------------CT"	0.00011743233734141867	0.00012750801398559214	0.00011410405922123366	0.00013242678384336055
"GACTCCTCCCGACGGCTGCT"	"GAC------------CTGCT"	0.00012729507563997007	0.0001384244105933613	0.00010895097267575859	0.00010773484181172316
"GACTCCTCCCGACGGCTGCT"	"GA--------------TGCT"	0.00013216069320058876	0.0001134404925838278	9.778595182722927e-05	0.00014074406958033316
"GACTCCTCCCGACGGCTGCT"	"GACTCCTC------GCTGCT"	0.00011361874519931214	0.00011467843446718306	0.00010895097267575859	9.668844669230643e-05
"GACTCCTCCCGACGGCTGCT"	"GACTCCTCC-----------"	0.00011532828650439438	0.00011681669772025125	0.00011250905624287233	9.110027033777797e-05
"GACTCCTCCCGACGGCTGCT"	"GACTCC------------CT"	9.08686955239869e-05	9.858518998356464e-05	9.091516976659585e-05	0.00010695509627388198
"GACTCCTCCCGACGGCTGCT"	"GACTCCT-------GCTGCT"	0.00010388751007807475	9.67845472441388e-05	9.93809548055906e-05	8.941082167245542e-05
"GACTCCTCCCGACGGCTGCT"	"GACT-------ACGGCTGCT"	8.679209702725233e-05	7.78777984801675e-05	7.999553399166059e-05	7.654502029807593e-05
"GACTCCTCCCGACGGCTGCT"	"GAC-----------------"	8.823863197770653e-05	6.583600016025721e-05	7.300205939423014e-05	7.199650466066904e-05
"GACTCCTCCCGACGGCTGCT"	"G---------------TGCT"	0.00010546554820584298	0.00011445335412475483	0.0001051475040350508	6.978722563678569e-05
"GACTCCTCCCGACGGCTGCT"	"GACT--------------CT"	6.588309183432335e-05	7.585207539831343e-05	7.876860862369033e-05	6.809777697146313e-05
"GACTCCTCCCGACGGCTGCT"	"GACTCC--------GCTGCT"	6.522557594775326e-05	6.0546612113193804e-05	6.711281762797291e-05	6.679820107506116e-05
"GACTCCTCCC------GACGGCTGCT"	"GACTCCTCCCGACGAAGACGGCTGCT"	7.67978555513869e-05	7.765271813773927e-05	6.453627435523538e-05	6.198977025837388e-05
"GACTCCTCCCGACGGCTGCT"	"GA---------ACGGCTGCT"	7.969092545229531e-05	8.643085149244022e-05	7.705091310853197e-05	6.12100247205327e-05
"GACTCCTCCC-----GACGGCTGCT"	"GACTCCTCCCTGGAAGACGGCTGCT"	6.0096952032506535e-05	6.842442409818185e-05	6.539512211281456e-05	5.744125462096699e-05
"GACTCCTCCC---GACGGCTGCT"	"GACTCCTCCCTTAGACGGCTGCT"	5.7729894840854196e-05	7.022506683760769e-05	6.318665645046811e-05	5.822100015880817e-05
"GACTCCTCCC---GACGGCTGCT"	"GACTCCTCCCTTTGACGGCTGCT"	5.431081223068971e-05	6.403535742083137e-05	6.195973108249785e-05	5.185307826643853e-05
"GACTCCTCCC---GACGGCTGCT"	"GACTCCTCCCTGAGACGGCTGCT"	6.114897745101869e-05	5.14308582448505e-05	6.809435792234912e-05	4.808430816687282e-05
"GACTCCTCCCGACGGCTGCT"	"G----------------GCT"	5.260127092560747e-05	4.062700180829547e-05	5.238971321232986e-05	5.120329031823755e-05
"GACTCCTCCC------GACGGCTGCT"	"GACTCCTCCCGACGCAGACGGCTGCT"	5.904492661399438e-05	4.6704171053857675e-05	4.981316993959233e-05	4.6004986732629675e-05
"GACTCCTCCCGACGGCTGCT"	"GACT---------GGCTGCT"	4.865617560618691e-05	4.445336762957538e-05	6.134626839851272e-05	4.574507155334928e-05
"GACTCCTCCCGACGGCTGCT"	"GA-----------------T"	5.7729894840854196e-05	6.223471468140553e-05	6.048742064093354e-05	4.327587735018554e-05
"GACTCCTCCC--GACGGCTGCT"	"GACTCCTCCCATGACGGCTGCT"	4.484258346408037e-05	5.604500526462921e-05	3.9261611775048144e-05	4.8864053704714e-05
"GACTCCTCCC--GACGGCTGCT"	"GACTCCTCCCAAGACGGCTGCT"	4.313304215899812e-05	4.23151043765072e-05	4.907701471881018e-05	4.0286852788461016e-05
"GACTCCTCCC----GACGGCTGCT"	"GACTCCTCCCTGGAGACGGCTGCT"	3.866193413032149e-05	5.649516594948567e-05	4.3187772952552954e-05	5.107333272859735e-05
"GACTCCTCCCGACGGCTGCT"	"GA---------------GCT"	4.418506757751028e-05	3.241156930966508e-05	4.3923928173335106e-05	3.911723448169924e-05
"GACTCCTCCC--GACGGCTGCT"	"GACTCCTCCCGTGACGGCTGCT"	3.9582456371519624e-05	5.030545653270935e-05	5.189894306514176e-05	3.651808268889531e-05
"GACTCCTCCCGACGGCTGCT"	"GAC--------------GCT"	5.14177423297813e-05	5.604500526462921e-05	4.785008935083992e-05	3.3659015716810975e-05
"GACTCCTCCC-----GACGGCTGCT"	"GACTCCTCCCGACGTGACGGCTGCT"	3.392781974701682e-05	3.871381889765552e-05	4.515085354130536e-05	4.626490191191007e-05
"GACTCCTCCCGACGGCTGCT"	"GACT------------TGCT"	3.3533310215074764e-05	4.23151043765072e-05	3.263621478800877e-05	3.313918535825019e-05
"GACTCCTCCCGACGGCTGCT"	"GACTCCTC------------"	3.774141188912336e-05	4.0289381294653125e-05	3.067313419925636e-05	3.833748894385806e-05
"GACTCCTCCCGACGGCTGCT"	"GAC---------------CT"	3.760990871180934e-05	4.7942112937212936e-05	3.410852522957307e-05	3.1319779103287435e-05
"GACTCCTCCC------GACGGCTGCT"	"GACTCCTCCCGACGTAGACGGCTGCT"	2.866769265445607e-05	2.836012314595695e-05	2.956890136808313e-05	2.85906697208433e-05
"GACTCCTCCCGACGGCTGCT"	"GACTC------------GCT"	5.14177423297813e-05	3.0160765885382786e-05	3.0550441662459335e-05	2.6771263465880543e-05
"GACTCCTCCC---GACGGCTGCT"	"GACTCCTCCCTCAGACGGCTGCT"	2.6432138640117755e-05	4.265272489014954e-05	2.5888125264172367e-05	3.417884607537176e-05
"GACTCCTCCC----GACGGCTGCT"	"GACTCCTCCCTGCAGACGGCTGCT"	2.104050837024299e-05	2.4083596639820584e-05	2.6746973021751548e-05	2.7551009003721726e-05
"GACTCCTCCC-----GACGGCTGCT"	"GACTCCTCCCTTTTAGACGGCTGCT"	2.3144559207267285e-05	2.588423937924642e-05	1.8403880519553815e-05	2.8850584900123692e-05
"GACTCCTCCCGACGGCTGCT"	"G---------GACGGCTGCT"	2.2881552852639248e-05	2.217041372918063e-05	5.7174722147413853e-05	1.8973808087468735e-05
"GACTCCTCCCGACGGCTGCT"	"GACT---------------T"	2.275004967532523e-05	3.972668043858255e-05	1.7667725298771663e-05	2.1443002290632474e-05
"GACTCCTCCC---GACGGCTGCT"	"GACTCCTCCCTGTGACGGCTGCT"	1.8278941646648595e-05	3.2636649652093315e-05	2.956890136808313e-05	2.7940881772642316e-05
"GACTCCTCCC----GACGGCTGCT"	"GACTCCTCCCTTTAGACGGCTGCT"	1.7226916228136445e-05	2.1945333386752403e-05	2.5151970043390215e-05	2.079321434243149e-05
"GACTCCTCCCGACGGCTGCT"	"GAC-----------GCTGCT"	2.367057191652336e-05	2.239549407160886e-05	1.533656709962818e-05	2.0663256752791295e-05
"GACTCCTCCC-------GACGGCTGCT"	"GACTCCTCCCTCGTCATGACGGCTGCT"	1.5517374923054202e-05	1.5192923113905509e-05	1.6931570077989512e-05	1.5464953167183423e-05
"GACTCCTCCCGACGGCTGCT"	"GACTC---------GCTGCT"	1.985697977441682e-05	1.9469449620041874e-05	1.914003574033597e-05	1.429533486042165e-05
"GACTCCTCCCGACGGCTGCT"	"GA------------GCTGCT"	1.3544827263343924e-05	2.0932471845825367e-05	1.533656709962818e-05	1.4035419681141256e-05
"GACTCCTCCC--GACGGCTGCT"	"GACTCCTCCCCTGACGGCTGCT"	1.9199463887846725e-05	1.1591637635053832e-05	1.7545032761974637e-05	1.390546209150106e-05
"GACTCCTCCC------GACGGCTGCT"	"GACTCCTCCCGACGATGACGGCTGCT"	1.604338763231028e-05	1.620578465483254e-05	1.2023868606108494e-05	1.4425292450061846e-05
"GACTCCTCCC--GACGGCTGCT"	"GACTCCTCCCCCGACGGCTGCT"	1.2624305022145792e-05	2.2733114585251207e-05	1.3250793974078748e-05	1.2345971015818698e-05
"GACTCCTCCC-----GACGGCTGCT"	"GACTCCTCCCTATGAGACGGCTGCT"	1.6569400341566352e-05	1.1704177806267948e-05	1.239194621649957e-05	1.22160134261785e-05
"GACTCCTCCC-----GACGGCTGCT"	"GACTCCTCCCTTGAAGACGGCTGCT"	1.3939336795285979e-05	1.1254017121411488e-05	1.2882716363687672e-05	1.2086055836538304e-05
"GACTCCTCCC----GACGGCTGCT"	"GACTCCTCCCTTTTGACGGCTGCT"	1.2229795490203736e-05	1.980707013368422e-05	2.282081184424673e-05	1.2865801374379485e-05
"GACTCCTCCC-----GACGGCTGCT"	"GACTCCTCCCTTATAGACGGCTGCT"	1.380783361797196e-05	1.4855302600263165e-05	1.1165020848529316e-05	1.143626788833732e-05
"GACTCCTCCC-----GACGGCTGCT"	"GACTCCTCCCGACTAGACGGCTGCT"	1.5122865391112147e-05	2.0369770989754794e-05	1.0428865627747163e-05	1.390546209150106e-05
"GACTCCTCCC-----GACGGCTGCT"	"GACTCCTCCCGACCAGACGGCTGCT"	1.8410444823962615e-05	1.339228037447967e-05	1.717695515158356e-05	1.0266649581575549e-05
