"ref_align"	"read_align"	"freq_yjl312"	"freq_yjl313"	"freq_yjl314"	"freq_yjl315"
"AGCAGCCGTCCTGTGGATAA"	"AGCAGCCGTCCTGTGGATAA"	0.8938099081895854	0.9146351108226602	0.911838059378539	0.909812021349933
"AGCAGCCGTCCTGTGGATAA"	"AGCAGCCGT-CTGTGGATAA"	0.00537442427780476	0.002397173485719897	0.002901933904313729	0.00410766359528215
"AGCAGCCGTCCTGTGGATAA"	"AGCAGCCGTCCCGTGGATAA"	0.001902713200852418	0.001975788050584276	0.0020226930874460303	0.001952144526486474
"AGCAGCCGTCCTGTGGATAA"	"AGCAGCCGTCCAGTGGATAA"	0.0016852475052844462	0.0017338643328460158	0.00171195296734168	0.0017376283232945922
"AGCAGCCGTCCTGTGGATAA"	"AGCAGCCGTCCGGTGGATAA"	0.0016487799519551147	0.001670936198174214	0.0017295213133546468	0.0017451607137504886
"AGCAGCCGTCCTGTGGATAA"	"AGCAGCAGTCCTGTGGATAA"	0.001271303563207424	0.0012675746238334795	0.0012951165076433972	0.0012905495647769101
"AGCAGCCGTCCTGTGGATAA"	"AGCAGACGTCCTGTGGATAA"	0.0010434185666882147	0.0010974355930541634	0.0010562968040296295	0.0010845073008479119
"AGCAGCCGTCCTGTGGATAA"	"AGCAGCCGTCCTGCGGATAA"	0.0009591710761396371	0.0008478983479111666	0.001027473736352106	0.001036017537288079
"AGCAGCCGTCCTGTGGATAA"	"AGCAGCTGTCCTGTGGATAA"	0.0007625439824741404	0.0007681893773268843	0.000771771950241503	0.0007794454873841091
"AGCAGCCGTCCTGTGGATAA"	"AGCAGCCGTCCTGTTGATAA"	0.0007488500440810854	0.0007584005563779373	0.0007709484340221452	0.0007695592249107451
"AGCAGCCGTCCTGTGGATAA"	"AGCAGCCG--CTGTGGATAA"	0.0016831636450941987	0.0006695242772859111	0.00079935974358999	0.0011512003413428275
"AGCAGCCGTCCTGTGGATAA"	"AGCAGTCGTCCTGTGGATAA"	0.0006117618129940889	0.0006092375704892219	0.000606107937447355	0.0006258161070440562
"AGCAGCCGTCCTGTGGATAA"	"AGCAGCCGTACTGTGGATAA"	0.0005608560854894712	0.0005606042219650887	0.0005921081617182721	0.0006036897100798606
"AGCAGCCGTCCTGTGGATAA"	"AGCAGCGGTCCTGTGGATAA"	0.0005447805925932762	0.0005251780128165188	0.0005759123427375683	0.0005628892617770886
"AGCAGCCGTCCTGTGGATAA"	"AGCAGCCGTCCTGTAGATAA"	0.0004833067169809748	0.0004948792813078735	0.0005078350019373219	0.0005081225061706755
"AGCAGCCGTCCTGTGGATAA"	"AGCAGCCGTCATGTGGATAA"	0.00045740731175932724	0.00046209450003441624	0.000492462699175976	0.000498079318896147
"AGCAGCCGTCCTGTGGATAA"	"AGCAGCCGTCCTGTGGATAT"	0.0004510068840321385	0.00040444922111283977	0.0003956995434014322	0.0004271493087697896
"AGCAGCCGTCCTGTGGATAA"	"AGCAGCCGCCCTGTGGATAA"	0.00044058758308090093	0.0003983894748111107	0.0004898548978146762	0.0004521003521549463
"AGCAGCCGTCCTGTGGATAA"	"AGCAGCCGTCCTGTGGGTAA"	0.0003667593934835608	0.00040677989276735095	0.0003803272406400862	0.00036767480912844124
"AGCAGCCGTC--CTGTGGATAA"	"AGCAGCCGTCTCCTGTGGATAA"	0.0008394979623568518	0.00034866847951487226	0.0004478555706274274	0.0006449609327861261
"AGCAGCCGTCCTGTGGATAA"	"AGCAGCCGTC--GTGGATAA"	0.0009024603095336158	0.00034664856408096257	0.00042946370839510277	0.0006211083630091209
"AGCAGCCGTCCTGTGGATAA"	"AGCAGCC---CTGTGGATAA"	0.000932378587979312	0.0003360828525805119	0.00042836568676929236	0.0005872126059575873
"AGCAGCCGTC-CTGTGGATAA"	"AGCAGCCGTCCCTGTGGATAA"	0.0007704328817657917	0.000332353777933294	0.00043330678408543926	0.0006066712813019863
"AGCAGCCGTCCTGTGGATAA"	"AGCAGCCGTCCTGTCGATAA"	0.00032642181408662696	0.0003228757132049485	0.00032981824585280665	0.0003318959544629335
"AGCAGCCGTCCTGTGGATAA"	"AGCAGGCGTCCTGTGGATAA"	0.0003051366707148132	0.0003207004196607381	0.0003280339607108647	0.00032263739119422753
"AGCAGCCGTCCTGTGGATAA"	"GGCAGCCGTCCTGTGGATAA"	0.0003307383816235682	0.0003258278973006627	0.000332700552620559	0.00032106814318258247
"AGCAGCCGTCCTGTGGATAA"	"AGAAGCCGTCCTGTGGATAA"	0.0003524700664647208	0.00036995528062607434	0.00038924866634979595	0.0003182434967616213
"AGCAGCCGTCCTGTGGATAA"	"AGCAGCCGGCCTGTGGATAA"	0.0003859606766651271	0.0003144852952487083	0.0004360518381499653	0.0004010997917764813
"AGCAGCCGTCCTGTGGATAA"	"AGCAGC----CTGTGGATAA"	0.0007802567940912442	0.00031153311115299416	0.0003583668081238777	0.0004933715748612117
"AGCAGCCGTCCTGTGGATAA"	"AGCATCCGTCCTGTGGATAA"	0.0003212121636110082	0.00029723832500532557	0.00031444594309146067	0.00028999703255201
"AGCAGCCGTCCTGTGGATAA"	"ATCAGCCGTCCTGTGGATAA"	0.0002781953353980419	0.0002745531209014168	0.00027052507805904363	0.0003174588727557988
"AGCAGCCGTCCTGTGGATAA"	"AGCAGCCGTCCTGTGTATAA"	0.00028117227852696684	0.0002734654741293116	0.0002849366118978055	0.0002925078293706421
"AGCAGCCGTCCTGTGGATAA"	"AGCAGCCGTCTTGTGGATAA"	0.0002616733010325081	0.00028030211098254435	0.00028864243488491565	0.00029721557340557734
"AGCAGCCGTCCTGTGGATAA"	"AGCAGCCG---TGTGGATAA"	0.0007080659232148128	0.000267716484048184	0.0003331123107302379	0.00046528203545276493
"AGCAGCCGTCCTGTGGATAA"	"AGCAGCCTTCCTGTGGATAA"	0.0002694133531677131	0.0002628997626288609	0.0002761524388913221	0.00027697227405535583
"AGCAGCCGTC-CTGTGGATAA"	"AGCAGCCGTCGCTGTGGATAA"	0.0006328981092094564	0.0002523340511284102	0.00032075956743987064	0.0004607312162189942
"AGCAGCCGTCCTGTGGATAA"	"AGCAGCCATCCTGTGGATAA"	0.00024291855932028053	0.0002486049764811923	0.0002443098117428197	0.00025155045626670564
"AGCAGCCGTCCTGTGGATAA"	"AGCAGCCGTGCTGTGGATAA"	0.00023681582590598426	0.00023633010576743348	0.0002625644212719181	0.0002487258098457445
"AGCAGCCGTCCTGTGGATAA"	"AGCGGCCGTCCTGTGGATAA"	0.00030707168374861444	0.0003003458872113405	0.00030360297953658274	0.00023742722416189994
"AGCAGCCGTCCTGTGGATAA"	"AGCAGCCGTTCTGTGGATAA"	0.000224759206233838	0.00023213489678931335	0.0002303100360137368	0.00024166419379334164
"AGCAGCCGTCCTGTGGATAA"	"AGCCGCCGTCCTGTGGATAA"	0.0004647008224251935	0.00038331779811193845	0.00048024720858883495	0.00023177793131997767
"AGCAGCCGTCCTGTGGATAA"	"AGCAGCCGTCCTGTGGTTAA"	0.00023235041121259675	0.00025590774766532737	0.0002300355306072842	0.00022142089444312016
"AGCAGCCGTCCTGTGGATAA"	"AGCAGCCGTCCTGTGGATAC"	0.00028057688990118187	0.00021892775741375	0.00023278058467181027	0.0002766584244530268
"AGCAGCCGTCCTGTGGATAA"	"CGCAGCCGTCCTGTGGATAA"	0.0002765580166771331	0.00021675246386953956	0.0002518587104202664	0.00024809811064108644
"AGCAGCCGTCCTGTGGATAA"	"AGCAGCCGTCCTTTGGATAA"	0.00021463759959549296	0.0002165970857592388	0.00022317289544596903	0.00022283321765360074
"AGCAGCCGTCCTGTGGATAA"	"AGCAGCCGTCGTGTGGATAA"	0.00020019942542020668	0.00021224649867081796	0.00024156475767829366	0.00023601490095141937
"AGCAGCCGTCCTGTGGATAA"	"AGCAGCCGTCCTGTGGATGA"	0.00020570677020871796	0.0002061867523690889	0.0001954478493942558	0.00021514390239653987
"AGCAGCCGTCCTGTGGATAA"	"AGCA------CTGTGGATAA"	0.0006058079267362388	0.00020261305583217176	0.00026215266316223913	0.00036233936588884796
"AGCAGCCGTCCTGTGGATAA"	"AGTAGCCGTCCTGTGGATAA"	0.00021359566950036922	0.00021970464796525373	0.0002223493792266112	0.00019584215185330543
"AGCAGCCGTCCTGTGGATAA"	"AGCAGCCGTCCTGTGGATCA"	0.00023086193964813424	0.00019204734433172108	0.00019462433317489797	0.00023334717933162275
"AGCAGCCGTCCTGTGGATAA"	"AGCAG-----CTGTGGATAA"	0.0005056337904479123	0.00019127045378021734	0.0002388197036137676	0.0003373883225036913
"AGCAGCCGTCCTGTGGATAA"	"AGCAGCC-----GTGGATAA"	0.00045978886626246723	0.00017728642385315027	0.00022921201438792638	0.0003179296471592923
"AGCAGCCGTCCTGTGGATAA"	"AGCAGCCCTCCTGTGGATAA"	0.00018352854389822664	0.00017433423975743613	0.000195996860207161	0.00019850987347310207
"AGCAGCCGTCCTGTGGATAA"	"AGCAGCCGTCCTGTGGATAG"	0.0001798073649870704	0.00016765298101450407	0.00016772280334254253	0.0001823466189531578
"AGCAGCCGTCCTGTGGATAA"	"AGCAGCCGTC---TGGATAA"	0.00041960013402197967	0.0001619039909333765	0.00019860466156846075	0.00028560313811940377
"AGCAGCCGTCCTGTGGATAA"	"AGCACCCGTCCTGTGGATAA"	0.0001833796967417804	0.0001625255033745795	0.00017184038443933164	0.0001577094251703301
"AGCAGCCGTCCTGTGGATAA"	"AGCAGCCGT--TGTGGATAA"	0.00034949312333579577	0.00014729844856510647	0.00017760499797483636	0.00023946724657703853
"AGCAGCCGTC-CTGTGGATAA"	"AGCAGCCGTCACTGTGGATAA"	0.00035038620627447325	0.00014714307045480572	0.0001921537845168245	0.0002802676948798105
"AGCAGCCGTCCTGTGGATAA"	"AGCAGCCGTCCTGTGCATAA"	0.0001597129988668266	0.00014201559281488112	0.00016429148576188496	0.00016414334201807492
"AGCAGCCGTCCTGTGGATAA"	"AGCAGCCGTCCTGTGGCTAA"	0.00014735868488178783	0.00015615500085224893	0.00014013500999405558	0.00013825074982593116
"AGCAGCCGTCCTGTGGATAA"	"AGCAGCCGACCTGTGGATAA"	0.0001525683353574066	0.0001350235778513476	0.00017664422905225223	0.0001702634092634907
"AGCAGCCGTCCTGTGGATAA"	"AGCAACCGTCCTGTGGATAA"	0.00012622238866642028	0.0001278761847775133	0.00013189984780047738	0.00013213068258051538
"AGCAGCCGTCCTGTGGATAA"	"AGC-------CTGTGGATAA"	0.0003127278756935719	0.0001151351797328522	0.00012860578292304612	0.00017952197253219665
"AGCAGCCGTC-CTGTGGATAA"	"AGCAGCCGTCTCTGTGGATAA"	0.0002552728733053193	0.00011249375185773953	0.0001323116059101563	0.0002072976623383145
"AGCAGCCGTCCTGTGGATAA"	"AGCAGCCGTCCTCTGGATAA"	0.00011758925359253776	0.00011140610508563431	0.00011899809369720489	0.00012522599132927704
"AGCAGCCGTCCTGTGGATAA"	"AGCAGCCGTC----GGATAA"	0.0002726879906095306	0.00010783240854871718	0.00014150753702631862	0.00019207595662535726
"AGCAGCCGTCCTGTGGATAA"	"AG--------CTGTGGATAA"	0.0003101974740339857	0.00010674476177661196	0.00014535061271665512	0.00019427290384166037
"AGCAGCCGTCCTGTGGATAA"	"AGCAGCCGTCCTGTGGACAA"	9.883451188031022e-05	0.00010612324933540898	0.00010417480174876415	0.00011094583442330685
"AGCAGCCGTCCTGTGGATAA"	"ACCAGCCGTCCTGTGGATAA"	0.00011431461615072025	0.00010192804035728886	0.00011254721664556864	0.00012004747289084829
"AGCAGCCGTCCTGTGGATAA"	"A---------CTGTGGATAA"	0.00028295844440432186	0.00010161728413668736	0.00012997830995530913	0.00017183265727513578
"AGCAGCCGTCCTGTGGATAA"	"AGGAGCCGTCCTGTGGATAA"	0.00011907772515700026	0.00012399173201999467	0.0001368409451166243	0.00010121649675110739
"AGCAGCCGTCCTGTGGATAA"	"AGCAGCCGTCCTATGGATAA"	0.00011089113155245649	9.990812492337917e-05	0.00010005722065197505	0.0001098473608151553
"AGCAGCCGTCCTGTGGATAA"	"AGCTGCCGTCCTGTGGATAA"	0.0001372370782434428	0.00014341399580758781	0.00015042896273602833	0.00010043187274528484
"AGCAGCCGTCCTGTGGATAA"	"AGCAGCCGTCCTGTGAATAA"	9.064791827576645e-05	9.198384129804116e-05	9.264557467775467e-05	9.588105351151412e-05
"AGCAGCCGTCCTGTGGATAA"	"AACAGCCGTCCTGTGGATAA"	8.78198223032877e-05	8.281653279029719e-05	9.099854223903903e-05	9.619490311384314e-05
"AGCAGCCGTCCTGTGGATAA"	"AGCAGCCG----GTGGATAA"	0.0002016878969846692	7.504762727525993e-05	9.662590307131746e-05	0.0001327583817851734
"AGCAGCCGTCCTGTGGATAA"	"AGCAGCCATCCCGTGGATAA"	7.888899291651268e-05	7.489224916495919e-05	7.974382057448217e-05	7.783470137759575e-05
"AGCAGCCGTC--CTGTGGATAA"	"AGCAGCCGTCCCCTGTGGATAA"	0.0001632853306215366	7.225082128984652e-05	8.441041248417648e-05	0.00013448455459798297
"AGCAGCCGTCCTGTGGATAA"	"AGCAGCCCTCCCGTGGATAA"	6.787430333949014e-05	7.535838349586143e-05	6.766558269056749e-05	7.171463413217995e-05
"AGCAGCCGTCCTGTGGATAA"	"AGCAGCCGTC--------AA"	0.00018144468370797915	6.976477152503459e-05	9.141030034871795e-05	0.00012773678814790914
"AGCAGCCGTC--CTGTGGATAA"	"AGCAGCCGTCGGCTGTGGATAA"	0.00017653272754525288	6.914325908383162e-05	8.52339287035343e-05	0.00012193057050482237
"AGCAGCCGTCCTGTGGATAA"	"AGCAGCCGTCCTGGGGATAA"	8.290786614056142e-05	6.479267199541075e-05	8.441041248417648e-05	9.74503015231592e-05
"AGCAGCCGTCCTGTGGATAA"	"----------CTGTGGATAA"	0.00017772350479682288	6.308351278210255e-05	7.65870084002772e-05	0.00010435499277439753
"AGCAGCCGTCCTGTGGATAA"	"AGCAGCCATCCGGTGGATAA"	6.608813746213515e-05	6.215124412029808e-05	7.041063675509356e-05	6.998846131937038e-05
"AGCAGCCGTCCTGTGGATAA"	"AGCAGCCATCCAGTGGATAA"	6.251580570742514e-05	6.277275656150107e-05	6.341074889055209e-05	6.22991460623095e-05
"AGCAGCCGTCCTGTGGATAA"	"AGCAGCCGTCCTGCGGATAT"	7.487011969246391e-05	5.919906002458392e-05	6.533228673572034e-05	7.171463413217995e-05
"AGCAGCCGTCCTGTGGATAA"	"AGCAGCCTTCCCGTGGATAA"	5.522229504155887e-05	5.469309482586231e-05	5.1469763709863705e-05	5.5708304413400184e-05
"AGCAGCCGTCCTGTGGATAA"	"AGCAGCCCTCCGGTGGATAA"	5.045918603527886e-05	5.5159229156764546e-05	4.941097316146916e-05	5.162825958312299e-05
"AGCAGCCGTCCTGTGGATAA"	"AGCAGCCGTCCTGCAGATAA"	5.551998935445137e-05	4.9410239075636976e-05	5.3528554258258254e-05	6.0102198846006394e-05
"AGCAGCCGTCCTGTGGATAA"	"AGCA--------GTGGATAA"	0.0001564383614250091	4.894410474473474e-05	6.492052862604143e-05	8.160089660554394e-05
"AGCAGCCGTCCTGTGGATAA"	"AGCAGCCTTCCGGTGGATAA"	4.7482242906353855e-05	4.909948285503549e-05	5.174426911631631e-05	4.880361316216185e-05
"AGCAGCCGTCCTGTGGATAA"	"AGCA-------TGTGGATAA"	0.00012131043250369401	4.692418931082505e-05	5.586185021310541e-05	6.888998771121881e-05
"AGCAGCCGTCCTGTGGATAA"	"AGCAGCCCTCCAGTGGATAA"	4.837532584503135e-05	4.7545701752028035e-05	4.4607128548548544e-05	4.56651171388717e-05
"AGCAGCCGTCCTGTGGATAA"	"AGCAGCCTTCCAGTGGATAA"	4.599377134189135e-05	4.6613433090223565e-05	4.5842402877585275e-05	4.519434273537818e-05
"AGCAGCCGTCCTGTGGATAA"	"AGCAG------TGTGGATAA"	0.00010612802254617648	4.210746789150195e-05	4.488163395500115e-05	5.9631424442512873e-05
"AGCAGCCGTCCTGTGGATAA"	"AGCAGCCGTCCTGTGGAAAA"	4.67380071241226e-05	4.148595545029897e-05	4.6254160987264184e-05	4.848976355983284e-05
"AGCAGCCGTCCTGTGGATAA"	"AGCAGCCGTCCTGTGGATTA"	4.43564526209826e-05	4.878872663443399e-05	4.158756907756988e-05	4.189892191092352e-05
"AGCAGCCGTCCTGTGGATAA"	"TGCAGCCGTCCTGTGGATAA"	4.420760546453635e-05	3.651385592067512e-05	4.2411085296927695e-05	4.2055846712088026e-05
"AGCAGCCGTCCTGTGGATAA"	"AGCAGCC------TGGATAA"	9.19875426837827e-05	3.6203099700073635e-05	4.69404245033957e-05	5.476675560641314e-05
"AGCAGCCGTCCTGTGGATAA"	"AGCAGCCGTCCTGAGGATAA"	3.959334361470259e-05	3.418318426616395e-05	4.556789747113267e-05	3.9701974694620416e-05
"AGCAGCCGTCCTGTGGATAA"	"AGCAGCCGTC-------TAA"	8.975483533708895e-05	3.278478127345724e-05	4.543064476790637e-05	6.41822436762836e-05
"AGCAGCCGTCCTGTGGATAA"	"AGCAGCCGTC-----GATAA"	8.99036824935352e-05	3.200789072195351e-05	4.611690828403788e-05	5.539445481107117e-05
"AGCAGCCGTCCTGTGGATAA"	"AGCAGCCGTCCTGCGGTTAA"	3.229983294883632e-05	3.1541756391051276e-05	3.3077901477539076e-05	3.3111133045711094e-05
"AGCAGCCGTC--CTGTGGATAA"	"AGCAGCCGTCAACTGTGGATAA"	7.070239931196891e-05	3.0609487729246806e-05	3.5273944729159925e-05	5.743447722620977e-05
"AGCAGCCGTCCTGTGGATAA"	"AGCAGCCGTC------ATAA"	7.740052135205017e-05	2.9055706626239352e-05	3.7332735277554474e-05	6.104374765299345e-05
"AGCAGCCGTCCTGTGGATAA"	"AGCAGCCG---------TAA"	8.097285310676017e-05	2.6414278751126685e-05	3.884251501304381e-05	4.754821475284579e-05
"AGCAGCCGTC--CTGTGGATAA"	"AGCAGCCGTCAGCTGTGGATAA"	7.591204978758767e-05	2.6414278751126685e-05	3.376416499367059e-05	5.052978597497144e-05
"AGCAGCCGTCCTGTGGATAA"	"AGCAGCCGTCCTGTGGTTAT"	2.828095972478756e-05	2.7657303633532647e-05	2.690152983235543e-05	2.6677216197966287e-05
"AGCAGCCGTCCTGTGGATAA"	"AGCAGCCG----------AA"	7.695397988271142e-05	2.6103522530525194e-05	3.266614336786017e-05	4.1114297905100985e-05
"AGCAGCCGTCCTGTGGATAA"	"AGCAG-------GTGGATAA"	6.058079267362388e-05	2.1908313552405073e-05	2.731328794203434e-05	3.828965148413985e-05
"AGCAGCCGTCCTGTGGATAA"	"AGCAGCC-------GGATAA"	6.043194551717763e-05	2.1597557331803585e-05	2.5391750096866095e-05	4.189892191092352e-05
"AGCAGCCGTCCTGTGGATAA"	"AGCAGCCGT----TGGATAA"	6.162272276874763e-05	2.1442179221502838e-05	2.7450540645260643e-05	3.828965148413985e-05
"AGCAGCCGTCCTGTGGATAA"	"AGCAGCCGTAATGTGGATAA"	1.9647824650905044e-05	2.4238985206916253e-05	2.4019223064603062e-05	2.2754096168853597e-05
"AGCAGCCGTCCTGTGGATAA"	"AGCAGCC-----------AA"	5.9985404047838884e-05	2.0354532449397623e-05	2.772504605171325e-05	2.9815712221256437e-05
"AGCAGCCGTCCTGTGGATAA"	"AGCAGACGTACTGTGGATAA"	1.920128318156629e-05	2.688041308202892e-05	2.0176147374266573e-05	2.0870998554879505e-05
"AGCAGCCGTCCTGTGGATAA"	"AGCAGCAGTCATGTGGATAA"	1.920128318156629e-05	1.942226378759315e-05	2.0999663593624393e-05	2.573566739097924e-05
"AGCAGCCGTCCTGTGGATAA"	"AGCAGCAGTACTGTGGATAA"	1.845704739933504e-05	2.4549741427517744e-05	1.9901641967813965e-05	2.0400224151385984e-05
"AGCAGCCGTCCTGTGGATAA"	"AGCAGAAGTCCTGTGGATAA"	2.0392060433136296e-05	2.2529825993608056e-05	2.2372190625887425e-05	1.9301750543234432e-05
"AGCAGCCGTCCTGTGGATAA"	"AGCAGCCGTC---------A"	3.989103792759509e-05	2.0043776228796132e-05	1.6882082496835296e-05	3.0129561823585453e-05
"AGCAGCCGTCCTGTGGATAA"	"AGCAGCCGTC----------"	4.5249535559660096e-05	1.8956129456690914e-05	2.5940760909771307e-05	2.4166419379334166e-05
"AGCAGCCGTCCTGTGGATAA"	"AGCAGACGTCATGTGGATAA"	1.7563964460657538e-05	1.973302000819464e-05	1.962713656136136e-05	2.134177295837303e-05
"AGCAGCCGTCCTGTGGATAA"	"AGCA---------TGGATAA"	4.3314522525858843e-05	1.8645373236089426e-05	1.5646808167798568e-05	2.4637193782827687e-05
"AGCAGCCGTC--CTGTGGATAA"	"AGCAGCCGTCCGCTGTGGATAA"	4.85241730014776e-05	1.6625457802179738e-05	2.6215266316223915e-05	3.232650903988856e-05
"AGCAGCCGTCCTGTGGATAA"	"A----------TGTGGATAA"	4.0635273709826335e-05	1.6314701581578247e-05	1.7293840606514205e-05	2.526489298748572e-05
"AGCAGCCGTCCTGTGGATAA"	"NGCAGCCGTCCTGTGGATAA"	1.6968575834872536e-05	1.647007969187899e-05	1.6470324387156384e-05	1.6477104122273295e-05
"AGCAGCCGTCCTGTGGATAA"	"AGCAGCCGTCCTGTAGATAT"	2.1285143371813798e-05	1.6159323471277503e-05	1.578406087102487e-05	1.6947878525766815e-05
"AGCAGCCGTC--CTGTGGATAA"	"AGCAGCCGTCGACTGTGGATAA"	4.986379740949386e-05	1.6003945360976756e-05	2.1548674406529605e-05	3.672040347249477e-05
"AGCAGCCGTCCTGTGGATAA"	"A-----------GTGGATAA"	3.736063626800883e-05	1.5693189140375268e-05	1.8117356825872025e-05	2.385256977700515e-05
"AGCAGCCGTCCTGTGGATAA"	"AGCAGCCG------GGATAA"	4.61426184983376e-05	1.4450164257969304e-05	1.9352631154908753e-05	2.573566739097924e-05
"AGCAGCCGTCCTGTGGATAA"	"NGCAGCCGTCCTGNGGATAA"	1.830820024288879e-05	1.4294786147668559e-05	1.2215490587140987e-05	1.553555531528625e-05
"AGCAGCCGTC--CTGTGGATAA"	"AGCAGCCGTCCACTGTGGATAA"	3.721178911156258e-05	1.3517895596164834e-05	1.7842851419419417e-05	3.028648662474996e-05
"AGCAGCCGTCCTGTGGATAA"	"AGAAGCAGTCCTGTGGATAA"	1.2652008297931278e-05	1.8334617015487935e-05	1.6744829793608992e-05	1.553555531528625e-05
"AGCAGCCGTCCTGTGGATAA"	"AGCAG-------------AA"	3.483023460842258e-05	1.3207139375563342e-05	1.1940985180688379e-05	1.7889427332753863e-05
"AGCAGCCGTCCTGTGGATAA"	"AGAAGCCGTCATGTGGATAA"	1.339624408016253e-05	1.2896383154961853e-05	1.3862523025856625e-05	1.3652457701312158e-05
"AGCAGCCGTCCTGTGGATAA"	"AGAAGCCGTACTGTGGATAA"	1.2205466828592527e-05	1.7402348353683465e-05	1.5097797354893354e-05	1.7889427332753863e-05
"AGCAGCCGTCCTGTGGATAA"	"AGAAGACGTCCTGTGGATAA"	1.1907772515700026e-05	1.8334617015487935e-05	1.6882082496835296e-05	1.4907856110628218e-05
"AGCAGCCGTCCTGTGGATAA"	"AGCA--------------AA"	3.676524764222383e-05	1.2274870713758872e-05	1.5235050058119658e-05	2.134177295837303e-05
"AGCAGCCGTC--CTGTGGATAA"	"AGCAGCCGTCTTCTGTGGATAA"	2.9174042663465065e-05	1.2119492603458126e-05	1.5921313574251172e-05	2.7932614607282348e-05
"AGCAGCCGTCCTGTGGATAA"	"AGCAGCC--------GATAA"	3.1109055697266314e-05	1.196411449315738e-05	1.537230276134596e-05	1.86740513385764e-05
"AGCAGCCGTCCTGTGGATAA"	"AGCAGCCGTCCTGTGGGTAT"	1.1014689577022525e-05	1.3828651816766323e-05	1.1391974367783167e-05	1.1298585683844545e-05
"AGCAGCCGTC--CTGTGGATAA"	"AGCAGCCGTCTGCTGTGGATAA"	3.1109055697266314e-05	1.0565711500450675e-05	1.6333071683930084e-05	2.0714073753714997e-05
