"ref_align"	"read_align"	"freq_yjl296"	"freq_yjl297"	"freq_yjl298"	"freq_yjl299"
"GACTCCTCCCTGCAGGTATG"	"GACTCCTCCCTGCAGGTATG"	0.949891803104061	0.9408248885071971	0.9447331472202293	0.9451406899469099
"GACTCCTCCC--TGCAGGTATG"	"GACTCCTCCCTTTGCAGGTATG"	0.008037846638147461	0.009313900740667328	0.007979655668225548	0.008070560171238769
"GACTCCTCCC--TGCAGGTATG"	"GACTCCTCCCTATGCAGGTATG"	0.0017909265227434876	0.00214701598906387	0.0017959496097644037	0.0018095826398086567
"GACTCCTCCC-TGCAGGTATG"	"GACTCCTCCCTTGCAGGTATG"	0.0013615687202497098	0.0016285231517379171	0.0015216243019551532	0.00147464946090768
"GACTCCTCCCTGCAGGTATG"	"----------TGCAGGTATG"	0.001195705224273669	0.0014041590944166682	0.0012997660228028789	0.001245213800584988
"GACTCCTCCC--TGCAGGTATG"	"GACTCCTCCCTGTGCAGGTATG"	0.000983203961923621	0.0011511622474807356	0.0010194858681828673	0.0009836142626469654
"GACTCCTCCCTGCAGGTATG"	"GACTCCTCC---CAGGTATG"	0.0007280572711771073	0.0008116465068484226	0.0007796021067926133	0.0007784516086313095
"GACTCCTCCCTGCAGGTATG"	"GACTCCTCCC--CAGGTATG"	0.0007223409690729002	0.0007874460376075292	0.0007654392278913436	0.0007550363057273488
"GACTCCTCCCTGCAGGTATG"	"GACTCC----TGCAGGTATG"	0.0006738885036181924	0.0007583700159554668	0.0007423440787739324	0.0007618979329519527
"GACTCCTCCCTGCAGGTATG"	"GACTCCTCCC--------TG"	0.0004355277793681599	0.0004652163464329971	0.0004635928713080352	0.0004405164678195687
"GACTCCTCCCTGCAGGTATG"	"GACTCCTCCC----GGTATG"	0.00035704204412785606	0.00037187167936098	0.00038722598450516673	0.00036864092264184313
"GACTCCTCCCTGCAGGTATG"	"GACTCCTCCC------TATG"	0.0003343583056190977	0.00036610966287505296	0.00034272557523015485	0.000364867027668311
"GACTCCTCCCTGCAGGTATG"	"GACTCCT---TGCAGGTATG"	0.00029733844437280414	0.0003226729232119111	0.00033073541070578456	0.0003134905938240895
"GACTCCTCCCTGCAGGTATG"	"GACTCCTCCC-----GTATG"	0.0002862687799805301	0.00030290477434480773	0.0002962133933839399	0.0003110032539551706
"GACTCCTCCCTGCAGGTATG"	"GACTCCTCCC----------"	0.0002544208111142334	0.00026434358709283485	0.00026177184696494333	0.0002529367335669603
"GACTCCTCCCTGCAGGTATG"	"GACTCCTCCC-GCAGGTATG"	0.00024834156919388616	0.00026390035505545587	0.0002818091017741259	0.0002706911940106228
"GACTCCTCCCTGCAGGTATG"	"GACTCCTCC-TGCAGGTATG"	0.00023600161544512163	0.0002785270122889628	0.0002541271111943717	0.00025816872432572074
"GACTCCTCCC--TGCAGGTATG"	"GACTCCTCCCATTGCAGGTATG"	0.00016704305037849632	0.00019449021800190466	0.00016456299632441104	0.00015979014399296272
"GACTCCTCCCTGCAGGTATG"	"GACTCCTCCC-------ATG"	0.00016159895313639432	0.0001832321242524781	0.00016995454681523526	0.00018183312145200265
"GACTCCTCCCTGCAGGTATG"	"GACTCCTC----CAGGTATG"	0.00015969351910165863	0.00020849635038308102	0.00019650994475511579	0.00018389160961938383
"GACTCCTCCCTGCAGGTATG"	"GACTC-----TGCAGGTATG"	0.00015787882002095795	0.0001764949972843173	0.00017269055751207145	0.00016690908223848924
"GACTCCTCCCTGCAGGTATG"	"GAC-------TGCAGGTATG"	0.0001560641209402573	0.0001820797209552927	0.00016625288528422161	0.00016956796278802324
"GACTCCTCCCTGCAGGTATG"	"GACTCCTCC--GCAGGTATG"	0.0001547030966297318	0.00019129894733277587	0.00017961105515701	0.00018672203084953292
"GACTCCTCCCTGCAGGTATG"	"-----------GCAGGTATG"	0.00014572033618026348	0.00015663820200973816	0.00015715967326238375	0.00015095579894128523
"GACTCCTCCC---TGCAGGTATG"	"GACTCCTCCCTTATGCAGGTATG"	0.00013465067178798943	0.0001432525944808924	0.00012295953955193158	0.0001202500171111829
"GACTCCTCCC-----TGCAGGTATG"	"GACTCCTCCCTTATATGCAGGTATG"	0.00012004234418834907	0.00012898052287728864	0.00011885552350667731	0.00012814088841947734
"GACTCCTCCC---TGCAGGTATG"	"GACTCCTCCCTAGTGCAGGTATG"	0.0001160500062108076	0.00013580629625292522	0.00011322256030730872	0.0001087567915099714
"GACTCCTCCCTGCAGGTATG"	"G---------TGCAGGTATG"	0.00012330880253361027	0.00012632113065301465	0.00013784665657883428	0.00010198093462567508
"GACTCCTCCCTGCAGGTATG"	"GACTCCTCCC---------G"	9.717713577152068e-05	0.0001049573464513469	9.399001452660739e-05	0.0001060979109604374
"GACTCCTCCCTGCAGGTATG"	"GACTCCT-----CAGGTATG"	9.191450843748874e-05	9.263549581221074e-05	9.881826869749474e-05	0.00010223824564659773
"GACTCCTCCCTGCAGGTATG"	"GA--------TGCAGGTATG"	8.96461345866129e-05	0.00011674731864562827	0.00011322256030730872	0.00010301017870936566
"GACTCCTCCCTGCAGGTATG"	"GACTCCTCC---------TG"	7.703397597574328e-05	9.059662844026735e-05	8.795469681299818e-05	8.920115391985036e-05
"GACTCCTCCC---TGCAGGTATG"	"GACTCCTCCCTTGTGCAGGTATG"	7.521927689504262e-05	8.935557873560615e-05	8.030996104242651e-05	7.264747824049351e-05
"GACTCCTCCCTGCAGGTATG"	"GACTCCTC--TGCAGGTATG"	7.503780698697255e-05	8.013635235812298e-05	7.773489215128659e-05	7.959487580540493e-05
"GACTCCTCCCTGCAGGTATG"	"GACT------TGCAGGTATG"	7.331384286030692e-05	9.041933562531575e-05	9.036882389844186e-05	8.302568941770688e-05
"GACTCCTCCC-----TGCAGGTATG"	"GACTCCTCCCTTTTATGCAGGTATG"	7.648956625153308e-05	8.838046825337235e-05	7.894195569400843e-05	6.827319088480854e-05
"GACTCCTCCCTGCAGGTATG"	"GACTCCTC---GCAGGTATG"	7.168061368767631e-05	8.128875565530837e-05	9.423142723515176e-05	9.117387174692397e-05
"GACTCCTCCCTGCAGGTATG"	"------------------TG"	7.095473405539604e-05	9.777698744580712e-05	8.449444799052889e-05	8.18249046534012e-05
"GACTCCTCCC-----TGCAGGTATG"	"GACTCCTCCCTTTTTTGCAGGTATG"	6.714386598592464e-05	8.527784399171936e-05	6.928544735223369e-05	7.161823415680293e-05
"GACTCCTCCCTGCAGGTATG"	"-------------AGGTATG"	6.560137176732908e-05	7.871800983851018e-05	7.588406138577977e-05	6.844473156542365e-05
"GACTCCTCCC--TGCAGGTATG"	"GACTCCTCCCAATGCAGGTATG"	5.398729765084482e-05	6.355947416014842e-05	6.228447880444702e-05	5.557918051929138e-05
"GACTCCTCCC--TGCAGGTATG"	"GACTCCTCCCAGTGCAGGTATG"	5.2717008294354356e-05	6.311624212276942e-05	5.311079587976102e-05	5.798075004790274e-05
"GACTCCTCCCTGCAGGTATG"	"GACTCC-----GCAGGTATG"	5.044863444347852e-05	6.178654601063243e-05	5.013337247438048e-05	5.72088169851348e-05
"GACTCCTCCC----TGCAGGTATG"	"GACTCCTCCCTTAGTGCAGGTATG"	4.945054994909315e-05	4.919875614906886e-05	5.0374785182924846e-05	4.9918338058993185e-05
"GACTCCTCCC---TGCAGGTATG"	"GACTCCTCCCTTTTGCAGGTATG"	4.945054994909315e-05	5.735422563684244e-05	5.2145145045583545e-05	5.3006070310064927e-05
"GACTCCTCCC-----TGCAGGTATG"	"GACTCCTCCCTTATTTGCAGGTATG"	4.6456296465937056e-05	6.249571727043882e-05	5.327173768545727e-05	5.515032881775364e-05
"GACTCCTCCC----TGCAGGTATG"	"GACTCCTCCCTTATTGCAGGTATG"	4.4550862431201356e-05	4.875552411168986e-05	4.578794372058185e-05	4.09124523267006e-05
"GACTCCTCCCTGCAGGTATG"	"GACTCCTCC-----GGTATG"	4.1012199223835054e-05	4.175245792110168e-05	4.474182198355625e-05	4.168438538946854e-05
"GACTCCTCCCTGCAGGTATG"	"GACTCC------------TG"	3.457001748734769e-05	3.58131486202231e-05	3.838462065855456e-05	3.688124633224582e-05
"GACTCCTCCCTGCAGGTATG"	"GACTC-------CAGGTATG"	3.493295730348783e-05	4.1929750736053284e-05	3.637284808735149e-05	3.164925557348537e-05
"GACTCCTCCCTGCAGGTATG"	"-------------------G"	3.221090868243682e-05	4.175245792110168e-05	4.482229288640438e-05	4.322825151500441e-05
"GACTCCTCCC---TGCAGGTATG"	"GACTCCTCCCTGGTGCAGGTATG"	3.157576400419159e-05	4.219568995848068e-05	2.888905412247607e-05	3.156348523317782e-05
"GACTCCTCCCTGCAGGTATG"	"GACTCC------CAGGTATG"	3.148502905015656e-05	3.64336734725537e-05	3.967215510412452e-05	4.35713328762346e-05
"GACTCCTCCC-----TGCAGGTATG"	"GACTCCTCCCTTTATTGCAGGTATG"	3.066841446384126e-05	4.060005462391629e-05	3.774085343576957e-05	3.773894973532131e-05
"GACTCCTCCCTGCAGGTATG"	"GACTCCTCC----------G"	3.0033269785596026e-05	3.6079087842650496e-05	4.112063135539073e-05	3.7310098033783565e-05
"GACTCCTCCCTGCAGGTATG"	"GACTCCTCC-------TATG"	3.230164363647186e-05	2.916466805953812e-05	2.9854704956653544e-05	2.7875360599953238e-05
"GACTCCTCCCTGCAGGTATG"	"GACTCCTCC-----------"	2.912592024524569e-05	3.306510998847331e-05	2.9210937733868563e-05	2.9676537746411756e-05
"GACTCCTCCC-----TGCAGGTATG"	"GACTCCTCCCTTATGTGCAGGTATG"	2.8400040612965426e-05	3.68769055099327e-05	3.2590715653489714e-05	3.748163871439866e-05
"GACTCCTCCCTGCAGGTATG"	"GACTCCTCC------GTATG"	3.293678831471709e-05	2.615069020536093e-05	2.9049995928172315e-05	3.5165839526094855e-05
"GACTCCTCCC---TGCAGGTATG"	"GACTCCTCCCTGATGCAGGTATG"	2.6403871624194693e-05	2.810091116982852e-05	2.6394456134184265e-05	2.7961130940260786e-05
"GACTCCTCCCTGCAGGTATG"	"GACTCCTC----------TG"	3.0849884371911324e-05	2.544151894555453e-05	3.315401197342658e-05	3.4479676803634464e-05
"GACTCCTCCC-TGCAGGTATG"	"GACTCCTCCCATGCAGGTATG"	2.576872694594946e-05	2.7214447095070524e-05	2.2853736408866862e-05	2.4787628348881493e-05
"GACTCCTCCC-----TGCAGGTATG"	"GACTCCTCCCTTGCATGCAGGTATG"	2.5315052175774295e-05	2.7125800687594723e-05	2.4704567174373686e-05	2.778959025964569e-05
"GACTCCTCCCTGCAGGTATG"	"GACTCCT------AGGTATG"	2.8581510521035493e-05	2.5707458167981927e-05	2.719916516266549e-05	2.350107324426827e-05
"GACTCCTCCC---TGCAGGTATG"	"GACTCCTCCCTATTGCAGGTATG"	2.7311221164545028e-05	2.4023176425941734e-05	2.542880530000679e-05	2.5731102092264528e-05
"GACTCCTCCC---TGCAGGTATG"	"GACTCCTCCCTAATGCAGGTATG"	3.1938703820331726e-05	3.3862927655755504e-05	3.0257059470894157e-05	2.2814910521807882e-05
"GACTCCTCCC-----TGCAGGTATG"	"GACTCCTCCCTTTAATGCAGGTATG"	2.386329291121376e-05	3.102624261652991e-05	2.9371879539564807e-05	2.821844196118343e-05
"GACTCCTCCC--TGCAGGTATG"	"GACTCCTCCCGTTGCAGGTATG"	2.3681823003143695e-05	2.6948507872643124e-05	2.398032904874058e-05	3.0105389447949496e-05
"GACTCCTCCC------TGCAGGTATG"	"GACTCCTCCCTTATTATGCAGGTATG"	2.903518529121066e-05	2.7391739910022123e-05	2.2049027380385636e-05	2.230028847996259e-05
"GACTCCTCCC----TGCAGGTATG"	"GACTCCTCCCTTAATGCAGGTATG"	2.223006373858316e-05	2.561881176050613e-05	2.1163847449056286e-05	2.5302250390726785e-05
"GACTCCTCCC------TGCAGGTATG"	"GACTCCTCCCTTTTTATGCAGGTATG"	2.1504184106302895e-05	2.9430607281965516e-05	2.5911630717095528e-05	2.7103427537185303e-05
"GACTCCTCCCTGCAGGTATG"	"GACTCCTCC--------ATG"	2.1050509336127728e-05	2.810091116982852e-05	2.5589747105703036e-05	2.4015695286113558e-05
"GACTCCTCCCTGCAGGTATG"	"GACTCCT-----------TG"	1.9326545209462095e-05	2.5973397390409326e-05	2.6957752454121122e-05	2.392992494580601e-05
"GACTCCTCCC----TGCAGGTATG"	"GACTCCTCCCTTTTTGCAGGTATG"	2.304667832489846e-05	1.737469586525675e-05	2.0278667517726937e-05	2.1442585076887108e-05
"GACTCCTCCCTGCAGGTATG"	"--------------GGTATG"	1.7421111174726395e-05	1.6842817420401954e-05	1.5048058832598956e-05	1.5953283297204005e-05
"GACTCCTCCCTGCAGGTATG"	"GA----------CAGGTATG"	1.587861695613083e-05	1.6665524605450352e-05	1.577229695823206e-05	1.809754180489272e-05
"GACTCCTCCC----TGCAGGTATG"	"GACTCCTCCCTTTGTGCAGGTATG"	1.6876701450516194e-05	1.9856795274579146e-05	1.633559327816892e-05	1.4752498532898328e-05
"GACTCCTCCC----TGCAGGTATG"	"GACTCCTCCCTTTATGCAGGTATG"	1.5515677139990695e-05	2.1009198571764542e-05	1.633559327816892e-05	1.6639446019664393e-05
"GACTCCTCCCTGCAGGTATG"	"GACTC------GCAGGTATG"	1.560641209402573e-05	1.772928149515995e-05	1.3599582581332745e-05	1.5953283297204005e-05
"GACTCCTCCC---TGCAGGTATG"	"GACTCCTCCCTGTTGCAGGTATG"	1.9326545209462095e-05	1.8615745569917948e-05	1.3840995289877114e-05	1.3294402747670006e-05
"GACTCCTCCCTGCAGGTATG"	"-----------------ATG"	1.3882447967360096e-05	1.6399585383022953e-05	1.4726175221206465e-05	1.3980565470130393e-05
"GACTCCTCCCTGCAGGTATG"	"GACTCC--------------"	1.4336122737535263e-05	1.3119668306418363e-05	1.4082407998421482e-05	1.312286206705491e-05
"GACTCCTCCC----TGCAGGTATG"	"GACTCCTCCCTATGTGCAGGTATG"	1.3247303289114863e-05	1.7197403050305152e-05	1.633559327816892e-05	1.6810986700279492e-05
"GACTCCTCCC-TGCAGGTATG"	"GACTCCTCCCGTGCAGGTATG"	1.4971267415780496e-05	1.480395004845856e-05	1.16682809129778e-05	1.7068297721202136e-05
"GACTCCTCCCTGCAGGTATG"	"GACTCCTC------GGTATG"	1.451759264560533e-05	1.2942375491466764e-05	1.1587810010129677e-05	1.36374841089002e-05
"GACTCCTCCCTGCAGGTATG"	"GACTCC----------TATG"	1.3882447967360096e-05	1.8970331199821146e-05	1.110498459304094e-05	1.4580957852283232e-05
"GACTCCTCCC----TGCAGGTATG"	"GACTCCTCCCTTGATGCAGGTATG"	1.4608327599640362e-05	1.4006132381176362e-05	1.2714402650003396e-05	1.1321684920596392e-05
"GACTCCTCCC-----TGCAGGTATG"	"GACTCCTCCCTTTAGTGCAGGTATG"	1.2521423656834597e-05	1.3474253936321562e-05	1.3197228067092133e-05	1.1150144239981296e-05
"GACTCCTCCCTGCAGGTATG"	"GACT--------CAGGTATG"	1.152333916244923e-05	1.4981242863410158e-05	1.4806646124054588e-05	1.1836306962441683e-05
"GACTCCTCCC---TGCAGGTATG"	"GACTCCTCCCATATGCAGGTATG"	1.1069664392274063e-05	1.746334227273255e-05	1.0702630078800327e-05	1.0807062878751102e-05
"GACTCCTCCC------TGCAGGTATG"	"GACTCCTCCCTTATAATGCAGGTATG"	1.0978929438239031e-05	1.108080093447497e-05	1.0461217370255959e-05	1.3723254449207747e-05
"GACTCCTCCCTGCAGGTATG"	"GAC--------GCAGGTATG"	1.0888194484203998e-05	1.8970331199821146e-05	1.52090006382952e-05	1.5438661255358717e-05
"GACTCCTCCCTGCAGGTATG"	"G----------GCAGGTATG"	1.0615989622098897e-05	1.1435386564378169e-05	1.3599582581332745e-05	1.2007847643056779e-05
"GACTCCTCCCTGCAGGTATG"	"GACTCCTC-----------G"	1.0253049805958763e-05	1.2587789861563565e-05	1.3358169872788379e-05	1.1922077302749231e-05
