"ref_align"	"read_align"	"freq_yjl308"	"freq_yjl309"	"freq_yjl310"	"freq_yjl311"
"AGCAGCCGTCCTGTGGATAA"	"AGCAGCCGTCCTGTGGATAA"	0.9132917893724265	0.9038442088087444	0.9066440005956496	0.9152031148032472
"AGCAGCCGTCCTGTGGATAA"	"AGCAGCCGT-CTGTGGATAA"	0.00883954223193534	0.009134699500569702	0.009361216967416841	0.00738436976854295
"AGCAGCCGTCCTGTGGATAA"	"AGCAGCCG--CTGTGGATAA"	0.0023715719680522246	0.002520591493435121	0.0024941548044207025	0.0020728996878308877
"AGCAGCCGTCCTGTGGATAA"	"AGCAGCCGTC--GTGGATAA"	0.0020782600250455925	0.002199046389639997	0.002208406744759537	0.0017901650290398153
"AGCAGCCGTCCTGTGGATAA"	"AGCAGCCGTCCCGTGGATAA"	0.0018255431126933466	0.0018306212751842245	0.0018171406874226334	0.001842360695862874
"AGCAGCCGTCCTGTGGATAA"	"AGCAGCCGTCCAGTGGATAA"	0.0016736457574852868	0.0016873927763559852	0.0016938146086648595	0.0016964079527464336
"AGCAGCCGTCCTGTGGATAA"	"AGCAGCCGTCCGGTGGATAA"	0.0015318200807686953	0.0015040909759814244	0.0015108212237529097	0.0014968936748900696
"AGCAGCCGTCCTGTGGATAA"	"AGCAGCCG---TGTGGATAA"	0.0014525826918205123	0.0015358236621341333	0.0015006890396889931	0.0012833304698888076
"AGCAGCCGTCCTGTGGATAA"	"AGCAGCC---CTGTGGATAA"	0.001363479168839871	0.001409084655808208	0.0013938405531967808	0.0011604023573709502
"AGCAGCCGTC--CTGTGGATAA"	"AGCAGCCGTCTCCTGTGGATAA"	0.0014189761727724504	0.0014363114922655172	0.00148625835329493	0.001073767306644079
"AGCAGCCGTCCTGTGGATAA"	"AGCAGC----CTGTGGATAA"	0.0011347081859622383	0.0012428475627906932	0.0012798278961543245	0.0010603037514635518
"AGCAGCCGTCCTGTGGATAA"	"AGCAGCAGTCCTGTGGATAA"	0.001063075941997409	0.0010576283795670262	0.0010863952912977333	0.001073767306644079
"AGCAGCCGTCCTGTGGATAA"	"AGCAGCC-----GTGGATAA"	0.0009068621531501487	0.001009693808339369	0.0010192567787125884	0.0008313257514005268
"AGCAGCCGTCCTGTGGATAA"	"AGCAG-----CTGTGGATAA"	0.0008997708693143191	0.0009706750673600562	0.0009330820415225091	0.0007943497556511077
"AGCAGCCGTC-CTGTGGATAA"	"AGCAGCCGTCCCTGTGGATAA"	0.0009896965701309986	0.000992533231839868	0.0010595808243811051	0.0007934716977045516
"AGCAGCCGTCCTGTGGATAA"	"AGCAGACGTCCTGTGGATAA"	0.0008079952683665536	0.0008101901228898603	0.0008238796132780737	0.0008214719900002859
"AGCAGCCGTCCTGTGGATAA"	"AGCA------CTGTGGATAA"	0.0008236166472512797	0.0009386547737799813	0.0008995127852299366	0.0007569835119254415
"AGCAGCCGTCCTGTGGATAA"	"AGCAGCTGTCCTGTGGATAA"	0.0007131365005336448	0.0007140333730071801	0.0007189756873637848	0.0007266417317722244
"AGCAGCCGTC-CTGTGGATAA"	"AGCAGCCGTCGCTGTGGATAA"	0.0008374908982344245	0.0008228448496939618	0.0008691162330381866	0.0006402018050334769
"AGCAGCCGTCCTGTGGATAA"	"AGCAGCCG----GTGGATAA"	0.00066935553076461	0.0007245789786772647	0.0007257304767397292	0.0006277138697935676
"AGCAGCCGTCCTGTGGATAA"	"AGCAGCCGTCCTGTTGATAA"	0.0006483899959456355	0.0006670574932040762	0.0006577732018059851	0.0006570800300061669
"AGCAGCCGTCCTGTGGATAA"	"AGCAGCCGT--TGTGGATAA"	0.0006389349508311961	0.0006516225612687705	0.0006649373723562292	0.0005319079916248882
"AGCAGCCGTCCTGTGGATAA"	"AGCAGCCGTC---TGGATAA"	0.0005808686411609974	0.0006333115550598055	0.0006268649231463604	0.0004847855484930428
"AGCAGCCGTCCTGTGGATAA"	"AG--------CTGTGGATAA"	0.0005396569771295819	0.0005817339564188465	0.0005871549492392931	0.0004826391846236834
"AGCAGCCGTCCTGTGGATAA"	"AGCAGTCGTCCTGTGGATAA"	0.0005058449136225104	0.0005170222852615094	0.0005185836025440993	0.0005131760887650241
"AGCAGCCGTC-CTGTGGATAA"	"AGCAGCCGTCACTGTGGATAA"	0.0005706941904400245	0.0005841306849802294	0.0006043489585598789	0.00045161447051203366
"AGCAGCCGTCCTGTGGATAA"	"AGC-------CTGTGGATAA"	0.000451272859755474	0.0005314985257722619	0.000476314996297659	0.0004260532280678442
"AGCAGCCGTCCTGTGGATAA"	"AGCA--------GTGGATAA"	0.0004408928645754916	0.000497944325912902	0.0005159226249111515	0.00046107798393602744
"AGCAGCCGTCCTGTGGATAA"	"AGCAGCGGTCCTGTGGATAA"	0.00043112950277253783	0.00041933162909954427	0.00043189713888614547	0.00042673616202627677
"AGCAGCCGTCCTGTGGATAA"	"A---------CTGTGGATAA"	0.00042270217995314614	0.0004565288563722062	0.0004484770764452819	0.00037522342916165077
"AGCAGCCGTCCTGTGGATAA"	"AGCAGCCGTCCTGTAGATAA"	0.0003802572491676734	0.00037130118872943186	0.00037366266684201826	0.0003922967781224643
"AGCAGCCGTC-CTGTGGATAA"	"AGCAGCCGTCTCTGTGGATAA"	0.000435651480870748	0.00044943453983051294	0.0004412105606014628	0.0003327839617447714
"AGCAGCCGTCCTGTGGATAA"	"AGCAGCCGCCCTGTGGATAA"	0.00034747290795564967	0.00037101358130206595	0.0003700805815668962	0.00036234524594549425
"AGCAGCCGTCCTGTGGATAA"	"AGCAGCCGTCCTGTGGGTAA"	0.00031458579451412114	0.0003107118906976733	0.00031010623953199546	0.00031697891870676115
"AGCAGCCGTCCTGTGGATAA"	"AGCAGCCGT-----------"	0.0003252741063826179	0.0003560579950790369	0.0003473599263932649	0.0002907347423041392
"AGCAGCCGTCCTGTGGATAA"	"AGCA-------TGTGGATAA"	0.0003112970831699683	0.0003409106705710973	0.0003354878723385746	0.00028429565069606095
"AGCAGCCGTCCTGTGGATAA"	"GGCAGCCGTCCTGTGGATAA"	0.0003009170879899859	0.0002964273884718315	0.0002974154231287059	0.00030302755355592493
"AGCAGCCGTCCTGTGGATAA"	"AGCAGCCGTC----GGATAA"	0.0003382234073002198	0.0003571125556460454	0.0003571850745764568	0.0002819541628385779
"AGCAGCCGTCCTGTGGATAA"	"----------CTGTGGATAA"	0.00028437075903971687	0.0003410065397135526	0.00032361581828388436	0.00027785655908798266
"AGCAGCCGTCCTGTGGATAA"	"AGCAGCCGTCCTGTCGATAA"	0.0002798487809415067	0.0002790750736874196	0.0002822683196796183	0.0002919054862328807
"AGCAGCCGTCCTGTGGATAA"	"AGCAGCCGTACTGTGGATAA"	0.0002774850196628968	0.00026862533715979036	0.00027950499675309556	0.00027707606313548833
"AGCAGCCGTCCTGTGGATAA"	"AGCAGCCGTCCTGCGGATAA"	0.0002629941353027233	0.0003092738535608436	0.0003043749030918001	0.00030410073549060464
"AGCAGCCGTCCTGTGGATAA"	"AGCAG-------GTGGATAA"	0.00027111314143360063	0.0002802255033968834	0.0002624133327260846	0.00024663672098820935
"AGCAGCCGTCCTGTGGATAA"	"AGCGGCCGTCCTGTGGATAA"	0.00023904820582811037	0.00023861829557127702	0.00023836218873597934	0.00023688052158203017
"AGCAGCCGTCCTGTGGATAA"	"AGCAGCCGTCATGTGGATAA"	0.00023421791104138586	0.00023833068814391108	0.0002597523550931368	0.0002225389084549468
"AGCAGCCGTCCTGTGGATAA"	"AGCAG------TGTGGATAA"	0.00024007592812315813	0.0002627773194700162	0.00026394851212970834	0.0002176608087518572
"AGCAGCCGTCCTGTGGATAA"	"AGCAGCCATCCTGTGGATAA"	0.00021931593776319325	0.00022347097106333738	0.00022239632293829243	0.00022400233836587368
"AGCAGCCGTCCTGTGGATAA"	"AGCAGGCGTCCTGTGGATAA"	0.0002152050485830022	0.00021052863683186998	0.00021502746180089848	0.00020653874142881296
"AGCAGCCGTCCTGTGGATAA"	"AGCATCCGTCCTGTGGATAA"	0.00019485614714105643	0.00021714360766128665	0.00019435371249876547	0.00019570936008795408
"AGCAGCCGTCCTGTGGATAA"	"AGAAGCCGTCCTGTGGATAA"	0.00017944031271533993	0.00018263071637737355	0.00018473325490272335	0.00017619696127559576
"AGCAGCCGTCCTGTGGATAA"	"AGCAGCCGTCCTGTGTATAA"	0.00017481556238762498	0.00018723243521522861	0.00018094647904045146	0.0001909288223789263
"AGCAGCCGTC--CTGTGGATAA"	"AGCAGCCGTCCCCTGTGGATAA"	0.00022897652733664225	0.0002011334608712492	0.00022945814819496163	0.0001594162982969676
"AGCAGCCGTCCTGTGGATAA"	"AGCAGCCTTCCTGTGGATAA"	0.0001709102176664435	0.00018876634149451364	0.00016467357736203982	0.00018107506097868534
"AGCAGCCGTCCTGTGGATAA"	"AGCAGCCGTCCTGTGGACAA"	0.00015816646120785118	0.00017553639983568028	0.00018923644782001966	0.00018234336690148864
"AGCAGCCGTCCTGTGGATAA"	"AGCAGCCGTCTTGTGGATAA"	0.00015621378884726043	0.0001641279718834979	0.0001581234785732452	0.00014741617302736721
"AGCAGCCGTCCTGTGGATAA"	"AGCAGCCGGCCTGTGGATAA"	0.00015518606655221266	0.0001531988896435921	0.00015976100327044386	0.0001665383238634784
"AGCAGCCGTCCTGTGGATAA"	"AGCAGCC------TGGATAA"	0.000153644483109641	0.0001633610187438554	0.00016416185089416526	0.0001546357605879398
"AGCAGCCGTCCTGTGGATAA"	"A-----------GTGGATAA"	0.00015333616642112667	0.0001770703061149653	0.0001728612008480331	0.00015170890076608603
"AGCAGCCGTCCTGTGGATAA"	"AGCAGCCGTCCTTTGGATAA"	0.00016700487294526198	0.00016067668275510658	0.00014952647391295226	0.00016205047213663598
"AGCAGCCGTCCTGTGGATAA"	"AGCAGCCGTCCTGTGGATGA"	0.00014737537710984963	0.00016173124332211503	0.00015669064446319637	0.00015766018240385534
"AGCAGCCGTCCTGTGGATAA"	"ATCAGCCGTCCTGTGGATAA"	0.000145833793667278	0.0001601014679003747	0.00015014054567440176	0.0001548308845760634
"AGCAGCCGTCCTGTGGATAA"	"AGTAGCCGTCCTGTGGATAA"	0.0001405924099625344	0.00014274915311596285	0.00014318106571130747	0.00014575761912831675
"AGCAGCCGTCCTGTGGATAA"	"AGCCGCCGTCCTGTGGATAA"	0.00015775537228983208	0.00015588322563234088	0.00013458406105101452	0.00014497712317582242
"AGCAGCCGTCCTGTGGATAA"	"AGCAGCCGTTCTGTGGATAA"	0.00013946191543798183	0.00013594244400163554	0.00013918959926188573	0.00012468422841096976
"AGCAGCCGTCCTGTGGATAA"	"AGCAGCCGTCCTGTGGTTAA"	0.0001281569701924564	0.00014217393826123094	0.00013274184576666603	0.00013297699790622205
"AGCAGCCGTCCTGTGGATAA"	"AGCAGCCGTCCTGTGGAAAA"	0.00012712924789740865	0.00020506409571191707	0.00019885690541606175	0.00019961183985042576
"AGCAGCCGTCCTGTGGATAA"	"AGCAGC--------------"	0.00012671815897938955	0.00013948960227248215	0.00013970132572976033	0.0001251720383812787
"AGCAGCCGTCCTGTGGATAA"	"AGCAGCCCTCCTGTGGATAA"	0.00012887637579898984	0.0001290398657448529	0.00012046041053767612	0.000128781832161565
"AGCAGCCGTC--CTGTGGATAA"	"AGCAGCCGTCGGCTGTGGATAA"	0.00012712924789740865	0.00013325810801288672	0.00013581220457391352	0.00011404997105823447
"AGCAGCCGTCCTGTGGATAA"	"AGCAGCCGTCCTGTGGCTAA"	0.00011818806393049309	0.00014006481712721403	0.0001274198905007704	0.00012312323650598108
"AGCAGCCGTCCTGTGGATAA"	"AGCAGCCGTCCTGTGGATAT"	0.00010564985193091034	0.00011197515838780698	0.00011278451351955741	0.00010829381340858875
"AGCAGCCGTCCTGTGGATAA"	"A----------TGTGGATAA"	0.00010236114058675749	0.00011389254123691327	0.00012209793523487478	9.775711804991525e-05
"AGCAGCCGTCCTGTGGATAA"	"AGCAGCCGTCCTGTGGATAG"	0.00010236114058675749	0.00010353867385173932	0.00010920242824443536	0.00010809868942046517
"AGCAGCCGTCCTGTGGATAA"	"CGCAGCCGTCCTGTGGATAA"	9.917520147210942e-05	0.00011159168181798572	0.00011094229823520893	0.00011512315299291417
"AGCAGCCGTCCTGTGGATAA"	"AGCACCCGTCCTGTGGATAA"	9.547540120993745e-05	0.00010497671098856904	0.00010183356710704141	0.00010585476355704396
"AGCAGCCGTCCTGTGGATAA"	"AGCAGCCGTCCTATGGATAA"	9.496154006241357e-05	9.548566588549294e-05	0.00010060542358414241	9.707418409148271e-05
"AGCAGCCGTCCTGTGGATAA"	"AGCAACCGTCCTGTGGATAA"	9.485876783290879e-05	0.00010027912300825864	9.692099301544544e-05	0.000100683977871769
"AGCAGCCGTCCTGTGGATAA"	"AGCAGCCGTC-----GATAA"	0.00010462212963586258	0.00012453401604945315	0.00011135167940950859	8.956191054872475e-05
"AGCAGCCGTCCTGTGGATAA"	"AGCAGCCGTCCTGTGCATAA"	9.79419347180521e-05	0.00010238824414227557	9.241780009814913e-05	0.00010234253177081947
"AGCAGCCGTCCTGTGGATAA"	"AGCAGCC-------GGATAA"	0.00010719143537348199	0.00011523470923128766	0.0001171853611432788	8.77082326615507e-05
"AGCAGCCGTCCTGTGGATAA"	"AGCTGCCGTCCTGTGGATAA"	9.35227288493467e-05	9.443110531848449e-05	9.200841892384947e-05	9.707418409148271e-05
"AGCAGCCGTCCTGTGGATAA"	"AGC---------GTGGATAA"	9.208391763627983e-05	0.00010593540241312219	0.00010521096179501363	9.161071242402238e-05
"AGCAGCCGTCCTGTGGATAA"	"AGCAGCCGT----TGGATAA"	9.917520147210942e-05	0.00010123781443281179	0.0001056203429693133	8.604967876250026e-05
"AGCAGCCGTCCTGTGGATAA"	"AGCAGCCGTCCTGTGGATCA"	9.085065088222251e-05	0.00010171716014508835	8.924509599732674e-05	9.922054796084212e-05
"AGCAGCCGTC--CTGTGGATAA"	"AGCAGCCGTCAGCTGTGGATAA"	0.00011356331360277814	0.00011302971895481543	0.00011339858528100692	8.370819090501725e-05
"AGCAGCCGTCCTGTGGATAA"	"AGCAGCCGTC--------AA"	9.855856809508076e-05	9.260959161183352e-05	9.814913653834443e-05	8.273257096439933e-05
"AGCAGCCGTCCTGTGGATAA"	"AGCAGCCGACCTGTGGATAA"	8.571203940698368e-05	9.308893732411008e-05	8.689115424510367e-05	8.858629060810684e-05
"AGCAGCCGTCCTGTGGATAA"	"AGCAGCCGTGCTGTGGATAA"	8.417045596441204e-05	7.966725738036609e-05	9.446470596964746e-05	8.08788930772253e-05
"AGCAGCCGTCCTGTGGATAA"	"AGCA---------TGGATAA"	8.057342793174485e-05	0.00011053712125097726	9.385063420819797e-05	9.229364638245492e-05
"AGCAGCCGTCCTGTGGATAA"	"AGCAGCCG------GGATAA"	9.403658999687059e-05	9.922456244125019e-05	8.668646365795384e-05	7.2586123581973e-05
"AGCAGCCGTCCTGTGGATAA"	"ACCAGCCGTCCTGTGGATAA"	7.522927199749647e-05	9.404762874866323e-05	7.921525722698497e-05	9.473269623399971e-05
"AGCAGCCGTCCTGTGGATAA"	"AGCA----------GGATAA"	7.348214409591527e-05	7.928378081054483e-05	8.300203308925687e-05	7.112269367104613e-05
"AGCAGCCGTCCTGTGGATAA"	"AGCAGCCATCCCGTGGATAA"	7.358491632542005e-05	6.816296028572839e-05	7.42003378418141e-05	6.936657777793388e-05
"AGCAGCCGTCCTGTGGATAA"	"AGCAGCCGTCCTCTGGATAA"	7.224887734185795e-05	8.053007966246393e-05	7.5530826658288e-05	7.97081491484838e-05
"AGCAGCCGTCCTGTGGATAA"	"AGCAGCCGTC-------TAA"	6.988511606324808e-05	8.10094253747405e-05	8.208092544708263e-05	6.848851983137776e-05
"AGCAGCCGTCCTGTGGATAA"	"AACAGCCGTCCTGTGGATAA"	6.885739376820032e-05	7.420271626041318e-05	7.133466962171644e-05	7.38544295047763e-05
"AGCAGCCGTC--CTGTGGATAA"	"AGCAGCCGTCAACTGTGGATAA"	8.715085062005056e-05	9.145916190236975e-05	9.02685489330759e-05	6.478116405702967e-05
"AGCAGCCGTCCTGTGGATAA"	"AGCAGCCGTCGTGTGGATAA"	7.060452166978153e-05	7.506553854251102e-05	8.433252190573077e-05	6.458604006890609e-05
"AGCAGCCGTCCTGTGGATAA"	"AGCAGCCATCCGGTGGATAA"	6.597977134206658e-05	6.499927858470303e-05	6.713851258514488e-05	6.712265191451267e-05
"AGCAGCCGTCCTGTGGATAA"	"AGC----------------A"	6.392432675197104e-05	7.909204252563421e-05	7.655427959403716e-05	6.575678399764759e-05
"AGCAGCCGTCCTGTGGATAA"	"AGCAGCCGTC---------A"	7.461263862046781e-05	7.506553854251102e-05	7.993167428200938e-05	6.0585998312372625e-05
"AGCAGCCGTCCTGTGGATAA"	"AG----------GTGGATAA"	7.050174944027675e-05	7.822922024353638e-05	6.990183551166762e-05	6.0390874324249044e-05
"AGCAGCCGTCCTGTGGATAA"	"AGCAGCCGTCCTGTGAATAA"	6.207442662088506e-05	5.934299917983949e-05	6.498926142007165e-05	6.429335408672071e-05
"AGCAGCCGTCCTGTGGATAA"	"AGCAGCCATCCAGTGGATAA"	6.197165439138028e-05	6.931338999519217e-05	6.355642731002283e-05	6.243967619954666e-05
"AGCAGCCGTCCTGTGGATAA"	"AGCAGCC-------------"	6.186888216187552e-05	7.842095852844702e-05	7.379095666751442e-05	6.556166000952401e-05
"AGCAGCCGTCCTGTGGATAA"	"AGCAGCCGTC------ATAA"	6.93712549157242e-05	7.439445454532382e-05	7.450737372253883e-05	5.824451045488963e-05
"AGCAGCCGTCCTGTGGATAA"	"AGCAGCCG------------"	6.875462153869554e-05	7.065555798956656e-05	5.915557968630144e-05	6.546409801546221e-05
"AGCAGCCGTCCTGTGGATAA"	"AGCAGCCCTCCCGTGGATAA"	5.899125973574177e-05	5.752148547318852e-05	6.795727493374421e-05	6.468360206296787e-05
"AGCAGCCGTC--CTGTGGATAA"	"AGCAGCCGTCGACTGTGGATAA"	7.214610511235317e-05	7.755813624634918e-05	7.952229310770972e-05	5.482984066272692e-05
"AGCAGCCGTCCTGTGGATAA"	"AGCAG---------------"	5.159165921139785e-05	5.330324320515469e-05	5.7313364401952954e-05	4.887855902495763e-05
"AGCAGCCGTCCTGTGGATAA"	"AGCAGC------GTGGATAA"	5.128334252288352e-05	5.176933692586966e-05	6.15095214385245e-05	5.190298084087317e-05
"AGCAGCCGTC--CTGTGGATAA"	"AGCAGCCGTCTTCTGTGGATAA"	6.700749363711434e-05	6.902578256782623e-05	6.591036906224589e-05	4.848831104871046e-05
"AGCAGCCGTCCTGTGGATAA"	"AG------------------"	5.00500757688262e-05	5.953473746475012e-05	6.611505964939573e-05	4.848831104871046e-05
"AGCAGCCGTCCTGTGGATAA"	"AGCAGCCTTCCCGTGGATAA"	4.9741759080311876e-05	5.033129978903995e-05	5.066092031958341e-05	4.946393098932838e-05
"AGCAGCCGTCCTGTGGATAA"	"AGCAGCCGTCCTGTGGAGAA"	4.881680901476888e-05	6.835469857063901e-05	7.286984902534018e-05	5.7464014502395294e-05
"AGCAGCCGTC--CTGTGGATAA"	"AGCAGCCGTCATCTGTGGATAA"	5.919680419475132e-05	5.359085063252063e-05	6.34540820164479e-05	4.5366327238733126e-05
"AGCAGCCGTC--CTGTGGATAA"	"AGCAGCCGTCCACTGTGGATAA"	5.4880370555550704e-05	5.531649519671629e-05	6.355642731002283e-05	4.4683393280300584e-05
"AGCAGCCGTCCTGTGGATAA"	"AG---------TGTGGATAA"	4.6966908883682905e-05	6.250668088086486e-05	6.222593849354891e-05	5.7951824472704255e-05
"AGCAGCCGTCCTGTGGATAA"	"AGCAGCCTTCCGGTGGATAA"	4.552809767061603e-05	4.850978608238898e-05	4.687414445731152e-05	4.887855902495763e-05
"AGCAGCCGTC--CTGTGGATAA"	"AGCAGCCGTCCGCTGTGGATAA"	6.443818789949492e-05	5.895952261001823e-05	5.70063285212282e-05	4.1658971464385044e-05
"AGCAGCCGTCCTGTGGATAA"	"AGCAGCCTTCCAGTGGATAA"	4.30615641625014e-05	4.1798946110516986e-05	4.779525209948576e-05	4.692731914372179e-05
"AGCAGCCGTCCTGTGGATAA"	"AGCAGCCCTCCGGTGGATAA"	4.2753247473987065e-05	4.496262781154236e-05	4.840932386093526e-05	4.5268765244671335e-05
"AGCAGCCGTCCTGTGGATAA"	"AGGAGCCGTCCTGTGGATAA"	4.234215855596796e-05	4.3045244962436077e-05	4.8818705035234925e-05	4.019554155345817e-05
"AGCAGCCGTCCTGTGGATAA"	"AGCAGCCG-----------A"	4.03894861953772e-05	4.803044037011241e-05	4.472489329223829e-05	3.8829673636593085e-05
"AGCAGCCGTCCTGTGGATAA"	"AGC---------------AA"	4.008116950686287e-05	3.921047926422351e-05	4.533896505368778e-05	4.5073641256547754e-05
"AGCAGCCGTCCTGTGGATAA"	"AGCAGCCCTCCAGTGGATAA"	3.987562504785332e-05	4.227829182279356e-05	4.3189713888614547e-05	4.312240137531192e-05
"AGCAGCCGTC--CTGTGGATAA"	"AGCAGCCGTCTGCTGTGGATAA"	5.169443144090263e-05	4.9180870079576184e-05	5.485707735615497e-05	3.7463805719728e-05
"AGCAGCCGTCCTGTGGATAA"	"AGCAGCCG---------TAA"	4.491146429358737e-05	4.342872153225733e-05	3.9607628613492486e-05	3.5805251820677544e-05
"AGCAGCCGTCCTGTGGATAA"	"AGCAG---------GGATAA"	3.668968593320524e-05	5.042716893149527e-05	4.400847623721387e-05	4.5073641256547754e-05
"AGCAGCCGTCCTGTGGATAA"	"AGCAGCC--------GATAA"	3.812849714627212e-05	3.911461012176819e-05	3.9095902145617905e-05	3.473206988599783e-05
"AGCAGCCGTCCTGTGGATAA"	"-----------TGTGGATAA"	3.812849714627212e-05	4.064851640105322e-05	3.45927092283216e-05	3.814673967816054e-05
"AGCAGCCGTCCTGTGGATAA"	"AGCAGCC------------A"	3.545641917914792e-05	3.6526143275474705e-05	3.45927092283216e-05	3.16100860760205e-05
"AGCAGCCGTC--CTGTGGATAA"	"AGCAGCCGTCGTCTGTGGATAA"	5.169443144090263e-05	5.224868263814624e-05	4.759056151233593e-05	3.092715211758796e-05
"AGCAGCCGTCCTGTGGATAA"	"AGCAGCCGTCCTGTGGATAC"	3.237325229400463e-05	3.585505927828751e-05	3.285283923754803e-05	3.5415003844430375e-05
"AGCAGCCGTCCTGTGGATAA"	"A------------TGGATAA"	3.0831668851432976e-05	3.288311586217277e-05	3.244345806324837e-05	2.8975912236352127e-05
"AGCAGCCGTCCTGTGGATAA"	"AGC----------TGGATAA"	3.227048006449985e-05	3.882700269440225e-05	3.684430568696976e-05	2.8878350242290333e-05
"AGCAGCCGTCCTGTGGATAA"	"------------GTGGATAA"	3.0317807703909094e-05	3.115747129797711e-05	3.3262220411847696e-05	3.2488144022576625e-05
"AGCAGCCGTC--CTGTGGATAA"	"AGCAGCCGTCTACTGTGGATAA"	3.227048006449985e-05	3.710135813020659e-05	3.899355685204299e-05	2.790273030167242e-05
"AGCAGCCGTCCTGTGGATAA"	"AGCAGCCGT-CTTTGGATAA"	3.3298202359547615e-05	3.154094786779837e-05	3.541147157692093e-05	2.7707606313548834e-05
"AGCAGCCGTCCTGTGGATAA"	"A-------------GGATAA"	3.24760245235094e-05	3.125334044043243e-05	3.234111276967345e-05	2.682954836699271e-05
"AGCAGCCGTCCTGTGGATAA"	"AGCA-----------GATAA"	2.9392857638366106e-05	3.326659243199402e-05	3.479739981547143e-05	2.5366118456065832e-05
"AGCAGCCGTCCTGTGGATAA"	"AGC-----------GGATAA"	2.58986018352037e-05	2.4159023898739176e-05	3.080593336604971e-05	2.4097812533262542e-05
"AGCAGCCGTCCTGTGGATAA"	"AGCAGCCG----------AA"	2.178771265501264e-05	2.9431826733781457e-05	2.650743103590324e-05	2.5756366432313002e-05
"AGCAGCCGTCCTGTGGATAA"	"NGCAGCCGTCCTGTGGATAA"	2.24043460320413e-05	2.233751019208821e-05	2.1287821063582525e-05	2.146363869359417e-05
"AGCAGCCGTCCTGTGGATAA"	"NGCAGCCGTCCTGNGGATAA"	2.1890484884517414e-05	1.9749043345794724e-05	2.2106583412181854e-05	2.048801875297625e-05
"AGCAGCCGTCCTGTGGATAA"	"AGCAGCC-----------AA"	2.2198801573031746e-05	2.377554732891792e-05	1.995733224710862e-05	2.273194461639746e-05
"AGCAGCCGTCCTGTGGATAA"	"AGCAG--------------A"	2.0862762589469648e-05	1.850274449387564e-05	2.3948798696530342e-05	1.863434086580221e-05
"AGCAGCCGTCCTGTGGATAA"	"AGCAGC-------TGGATAA"	2.055444590095532e-05	1.7256445641956556e-05	2.579101398087883e-05	1.7366034942998916e-05
"AGCAGCCGTCCTGTGGATAA"	"AGCAGCCGT-CTCTGGATAA"	2.10683070484792e-05	2.3008594189275406e-05	2.1594856944307273e-05	1.7366034942998916e-05
"AGCAGCCGTCCTGTGGATAA"	"AGC-----------------"	1.7985140163335905e-05	2.0899473055258493e-05	2.1697202237882188e-05	1.6292853008319208e-05
"AGCAGCCGTCCTGTGGATAA"	"AGCAGCCGTCCTGTGGATTA"	1.7162962327297692e-05	1.9940781630705353e-05	1.7808081082035383e-05	1.9024588842049376e-05
"AGCAGCCGTCCTGTGGATAA"	"AGCA--------------AA"	1.6649101179773807e-05	1.6968838214590613e-05	1.9547951072808952e-05	1.5609919049886666e-05
"AGCAGCCGTCCTGTGGATAA"	"AGCAGCCGTCCTGAGGATAA"	1.6443556720764254e-05	1.55308010777609e-05	1.657993755913639e-05	1.882946485392579e-05
"AGCAGCCGTCCTGTGGATAA"	"AGCAGCCGT-CTATGGATAA"	1.695741786828814e-05	1.4763847938118386e-05	1.98549869535337e-05	1.7170910954875335e-05
"AGCAGCCGTC---CTGTGGATAA"	"AGCAGCCGTCCAACTGTGGATAA"	1.9115634687888447e-05	1.5626670220216215e-05	1.5761175210537062e-05	1.882946485392579e-05
"AGCAGCCGTC-CTGTGGATAA"	"AGCAGCCGTTTCTGTGGATAA"	2.4973651769660713e-05	2.051599648543724e-05	2.2823000467206265e-05	1.463429910926875e-05
"AGCAGCCGTCCTGTGGATAA"	"AGCAGCCGG-CTGTGGATAA"	1.7676823474821574e-05	2.128294962507975e-05	1.657993755913639e-05	1.4146489138959793e-05
"AGCAGCCGTC-----CTGTGGATAA"	"AGCAGCCGTCGACGGCTGTGGATAA"	1.75740512453168e-05	1.3996894798475872e-05	1.4328341100488238e-05	1.4048927144898e-05
"AGCAGCCGTCCTGTGGATAA"	"AGCAGC--------GGATAA"	1.6032467802745148e-05	1.735231478441187e-05	1.9547951072808952e-05	1.3268431192403667e-05
"AGCAGCCGTCCTGTGGATAA"	"TGCAGCCGTCCTGTGGATAA"	1.3977023212649617e-05	2.080360391280318e-05	1.8729188724209627e-05	1.9219712830172957e-05
"AGCAGCCGTCCTGTGGATAA"	"AGCAGCCGTCCTGCGGAAAA"	1.3360389835620957e-05	2.6843359887487975e-05	2.3641762815805594e-05	2.2049010657964916e-05
"AGCAGCCGTCCTGTGGATAA"	"AGCAGCCGA-CTGTGGATAA"	1.6032467802745148e-05	1.668123078722467e-05	1.72963546141608e-05	1.229281125178575e-05
"AGCAGCCGTCCTGTGGATAA"	"AGCAGCCGT-CGGTGGATAA"	1.7985140163335905e-05	1.5914277647582155e-05	1.1872054054690255e-05	1.1219629317106041e-05
"AGCAGCCGTCCTGTGGATAA"	"------------------AA"	1.1716034163544533e-05	1.8023398781599068e-05	1.4123650513338407e-05	1.4048927144898e-05
"AGCAGCCGTCCTGTGGATAA"	"AGC-------------ATAA"	1.1613261934039756e-05	1.55308010777609e-05	1.6682282852711306e-05	1.6097729020195626e-05
"AGCAGCCGTCCTGTGGATAA"	"AGCAG-------------AA"	1.120217301602065e-05	1.3134072516378044e-05	1.453303168763807e-05	1.1707439287415e-05
"AGCAGCCGTCCTGTGGATAA"	"AGCAGCC---------ATAA"	1.0996628557011096e-05	1.1696035379548332e-05	1.3816614632613659e-05	1.0634257352735292e-05
"AGCAGCCGTCCTGTGGATAA"	"AGCAGCCGTCCTGGGGATAA"	1.0996628557011096e-05	1.4476240510752444e-05	1.4840067568362818e-05	1.2683059228032916e-05
"AGCAGCCGTCCTGTGGATAA"	"AGCAGCCGT----------A"	1.1921578622554086e-05	1.7064707357045928e-05	1.1257982293240759e-05	1.0341571370549916e-05
"AGCAGCCGTCCTGTGGATAA"	"-------------TGGATAA"	1.058553963899199e-05	1.3325810801288673e-05	1.3611924045463826e-05	1.0536695358673501e-05
