"ref_align"	"read_align"	"freq_yll073"	"freq_yll074"	"freq_yll075"	"freq_yll076"
"CCAGCCGGAA-GCCAGAGCAT"	"CCAGCCGGAATGCCAGAGCAT"	0.7245100051055391	0.7848214562064944	0.5070130369845328	0.8084803182907536
"CCAGCCGGAAGCCAGAGCAT"	"CCAGCCGGAAGCCAGAGCAT"	0.08200519326667287	0.08794921953816781	0.07334855580588816	0.09915433655487853
"CCAGCCGGAA------GCCAGAGCAT"	"CCAGCCGGAATGCTTGGCCAGAGCAT"	0.03910013300243954	0.02655873944473415	0.015253727564995063	0.01338562992434329
"CCAGCCGGAA--GCCAGAGCAT"	"CCAGCCGGAATGGCCAGAGCAT"	0.01264262739238202	0.015690924498873413	0.011081689998227983	0.01811888911514544
"CCAGCCGGAA--GCCAGAGCAT"	"CCAGCCGGAATTGCCAGAGCAT"	0.004048558216492201	0.003880662858745831	0.00317342986608612	0.0031184975172694664
"CCAGCCGGAA-GCCAGAGCAT"	"CCAGCCGGAAAGCCAGAGCAT"	0.0032947133782976674	0.003587017547021449	0.0017132875984102473	0.003821619335536724
"CCAGCCGGAA--GCCAGAGCAT"	"CCAGCCGGAAAAGCCAGAGCAT"	0.002704762636634377	0.0025270343704099554	0.0011630509075260106	0.0017029808430319073
"CCAGCCGGAAGCCAGAGCAT"	"CCA-------GCCAGAGCAT"	0.0012157745687706599	0.0008562532738807686	0.011875148722881807	0.0012791779577387573
"CCAGCCGGAAGCCAGAGCAT"	"CCAGCCGGAA-CCAGAGCAT"	0.0015913368708842647	0.0015734217103203691	0.0008845910437181987	0.0015006030607289985
"CCAGCCGGAAGCCAGAGCAT"	"CCAGCCG---GCCAGAGCAT"	0.00048675186552795405	0.0007900410554932829	0.001313925524643698	0.0011076267602324525
"CCAGCCGGAA---GCCAGAGCAT"	"CCAGCCGGAATTTGCCAGAGCAT"	0.0010151573136805497	0.0014972188909335884	0.0005636027643470116	0.000914146081671653
"CCAGCCGGAA--GCCAGAGCAT"	"CCAGCCGGAAGGGCCAGAGCAT"	0.0013851091332365497	0.0015620598503603865	0.0005346429385109992	0.0012924609576917656
"CCAGCCGGAAGCCAGAGCAT"	"CCAGCCGGA-GCCAGAGCAT"	0.0004333672739192298	0.0005933633417032368	0.000706781763410374	0.0005793142337995958
"CCAGCCGGAA-GCCAGAGCAT"	"CCAGCCGGAAGGCCAGAGCAT"	0.001280210110871636	0.0007101162474989216	0.0004392577778902868	0.0014503532212841277
"CCAGCCGGAA---GCCAGAGCAT"	"CCAGCCGGAATGGGCCAGAGCAT"	0.0009614326928259099	0.001089367297197656	0.0004307520947776118	0.0007920928556883508
"CCAGCCGGAA---GCCAGAGCAT"	"CCAGCCGGAAAAAGCCAGAGCAT"	0.0006161329935987795	0.0007065901530285821	0.00040786775687922435	0.0005992387337291083
"CCAGCCGGAA--GCCAGAGCAT"	"CCAGCCGGAACCGCCAGAGCAT"	0.00048692188015091176	0.00016435518114526766	0.0002004911019416247	0.0001917263200764399
"CCAGCCGGAA----GCCAGAGCAT"	"CCAGCCGGAATTTTGCCAGAGCAT"	0.0004796112513637298	0.00015123027395011517	0.00031147001493557453	0.0003299447063799126
"CCAGCCGGAA----GCCAGAGCAT"	"CCAGCCGGAAAAAAGCCAGAGCAT"	0.00011594997285716544	0.00036162057734703704	0.0006328633268359365	0.00019849313137325543
"CCAGCCGGAAGCCAGAGCAT"	"-----------CCAGAGCAT"	0.000169164549842932	8.658520866055816e-05	0.0037597144520669316	0.00017819269748280885
"CCAGCCGGAAGCCAGAGCAT"	"CCAGCCGGAA--CAGAGCAT"	0.00018548595364687316	0.00042939994883245137	0.00028007999392451206	5.225482056985323e-05
"CCAGCCGGAA-------GCCAGAGCAT"	"CCAGCCGGAATGCTTGGGCCAGAGCAT"	0.00012989117193969854	7.424387801437e-05	0.0001281927954838873	0.00010150216945223289
"CCAGCCGGAA---GCCAGAGCAT"	"CCAGCCGGAAGGGGCCAGAGCAT"	0.00033594889496445587	0.00021391639786726136	6.237500949294991e-05	0.00038107172506696325
"CCAGCCGGAA-GCCAGAGCAT"	"CCAGCCGGAACGCCAGAGCAT"	0.0006115425987789209	0.0006503685356403917	5.670455408449991e-05	0.00046302532855061797
"CCAGCCGGAA------GCCAGAGCAT"	"CCAGCCGGAATGCGTGGCCAGAGCAT"	0.00012598083561167096	8.18837493667722e-05	4.840138723641242e-05	4.473614135116931e-05
"CCAGCCGGAA---GCCAGAGCAT"	"CCAGCCGGAATGCGCCAGAGCAT"	0.000284774493454182	0.00024858966015893285	4.718628964888743e-05	3.0450650835669868e-05
"CCAGCCGGAAGCCAGAGCAT"	"CCAGCCG-------GAGCAT"	0.00018361579279433824	3.780756848752879e-05	0.0011298382401336608	0.00013558684857693332
"CCAGCCGGAA------GCCAGAGCAT"	"CCAGCCGGAATTCTTGGCCAGAGCAT"	3.230277836196691e-05	2.7425179213751457e-05	1.2556008404424981e-05	1.2656443351451262e-05
