"ref_align"	"read_align"	"freq_yjl263"	"freq_yjl264"	"freq_yjl265"	"freq_yjl266"
"GACTCCTCCCTGCAGGTATG"	"GACTCCTCCCTGCAGGTATG"	0.8805558383909191	0.8407963087666304	0.8877913178021573	0.8766423944552796
"GACTCCTCCC--TGCAGGTATG"	"GACTCCTCCCTTTGCAGGTATG"	0.009034142253351517	0.016113758674629445	0.009525125701878589	0.010012673159813596
"GACTCCTCCCTGCAGGTATG"	"----------TGCAGGTATG"	0.003282372383868072	0.0056375236114083824	0.0031978144158681453	0.003725496468349398
"GACTCCTCCC--TGCAGGTATG"	"GACTCCTCCCTATGCAGGTATG"	0.0016653563774533657	0.003072279237839078	0.001712509183177141	0.0017529495880945168
"GACTCCTCCCTGCAGGTATG"	"GACTCC----TGCAGGTATG"	0.0016201979042552255	0.0029671562910521913	0.0015634855226941745	0.0018827565363850357
"GACTCCTCCC-TGCAGGTATG"	"GACTCCTCCCTTGCAGGTATG"	0.0012201354411530024	0.0021008698679374645	0.0012441491073735319	0.0014388686466075614
"GACTCCTCCC--TGCAGGTATG"	"GACTCCTCCCTGTGCAGGTATG"	0.0010620195946164247	0.0019147044633369666	0.0011019812569369972	0.0011377560491458245
"GACTCCTCCCTGCAGGTATG"	"GACTCCTCCC--CAGGTATG"	0.0009550588749005045	0.001914093283413787	0.0009646245012698884	0.0011192298433955127
"GACTCCTCCCTGCAGGTATG"	"GACTCCTCC---CAGGTATG"	0.0009365793912882574	0.0017678990457892332	0.0009179568820064575	0.0010773606183998076
"GACTCCTCCCTGCAGGTATG"	"GACTCCTCCCTGCAGGTGTG"	0.0007411374354686642	0.0006864772897152965	0.0007360974997221593	0.0007442594390091987
"GACTCCTCCCTGCAGGTATG"	"GACTCCTCCCTGCAGGGATG"	0.0006716252057219334	0.0006180251383191844	0.0006660960708270128	0.0006639792140911803
"GACTCCTCCCTGCAGGTATG"	"GACTCCTCCCTGCAGCTATG"	0.0006981818146216528	0.0006149692387032865	0.0006883473841356074	0.0006854696127615422
"GACTCCTCCCTGCAGGTATG"	"GACTCCT---TGCAGGTATG"	0.0005261145698612595	0.0009214148521855244	0.0005363167894217497	0.0006044483396135112
"GACTCCTCCCTGCAGGTATG"	"GACTCCTCCC--------TG"	0.0005115512682065746	0.0009676200543779002	0.000520921286159587	0.0006449589761875267
"GACTCCTCCCTGCAGGTATG"	"GACTCCTCCC----GGTATG"	0.0005062888987011003	0.0009648086267312741	0.0005013160749741764	0.0005825874168281432
"GACTCCTCCCTGCAGGTATG"	"-----------GCAGGTATG"	0.000443385226007756	0.0007749761425916987	0.00042337633970947723	0.0004942791694183228
"GACTCCTCCCTGCAGGTATG"	"GACTCGTCCCTGCAGGTATG"	0.0004321262028797644	0.000416580235639197	0.00043444185767915674	0.00044956925954090334
"GACTCCTCCCTGCAGGTATG"	"GACTCCTCCC-GCAGGTATG"	0.0003977372300649205	0.0007011456078716063	0.0004053347343241302	0.00043573635924733706
"GACTCCTCCCTGCAGGTATG"	"GACTCCTCCC------TATG"	0.0003902720082083174	0.0007424613706785454	0.00038452674944636326	0.000480569777163092
"GACTCCTCCCTGCAGGTATG"	"GACTCCTCCCTGCATGTATG"	0.00037130300185137503	0.00036084062664521995	0.00038801479315419705	0.00036447222112780375
"GACTCCTCCCTGCAGGTATG"	"GACTC-----TGCAGGTATG"	0.0003582082684307761	0.0006705866117126276	0.00035241269186044553	0.00041918628211039174
"GACTCCTCCCTGCAGGTATG"	"GACTCCTCC--GCAGGTATG"	0.00033923926207383374	0.0006047014159938696	0.0003324466485673281	0.0003847275394148115
"GACTCCTCCCTGCAGGTATG"	"GACTCCTCGCTGCAGGTATG"	0.00032626690933940865	0.000326370078977892	0.0003328074806750351	0.00033964710542238577
"GACTCCTCCCTGCAGGTATG"	"GACTCCTCCC-----GTATG"	0.0003243088183606275	0.0005787873872510558	0.0003207797437514704	0.0003909029413315822
"GACTCCTCCCTGCAGGTATG"	"GACTCCTCCCGGCAGGTATG"	0.0003271235741426254	0.00031390200854502874	0.0003144050431819811	0.00033890605719237327
"GACTCCTCCCTGCAGGTATG"	"GACTCCTC----CAGGTATG"	0.00031292741454646205	0.0005625300012944791	0.000304903131012365	0.00036521326935781625
"GACTCCTCCCTGCAGGTATG"	"GAC-------TGCAGGTATG"	0.00030876647121655214	0.0005867327262523902	0.00031608892635128015	0.00037385883204129515
"GACTCCTCCCTGCAGGTATG"	"GACTCCTGCCTGCAGGTATG"	0.0002945703116203888	0.00028884363169466625	0.00029431872251962807	0.0002917259865482455
"GACTCCTCCCTGCAGGTATG"	"GACTCATCCCTGCAGGTATG"	0.0002989760163226464	0.00028725456389439935	0.0003053842404893076	0.00030358275822844514
"GACTCCTCCCTGCAGGTATG"	"GACTCCTCC-TGCAGGTATG"	0.00028061891339657317	0.000495300209744726	0.00027218768658026905	0.00032680226943550283
"GACTCCTCCCTGCAGGTATG"	"GACTCCTCCCTGCACGTATG"	0.00026874798683771247	0.0002615850071208573	0.000282772095073006	0.00028419199620978534
"GACTCCTCCCTGCAGGTATG"	"GACTCCTCCCTTCAGGTATG"	0.00028637080564674277	0.0002558399158429693	0.000292634839350329	0.00027776957821634387
"GACTCCTCCCTGCAGGTATG"	"GACTCCTCCC----------"	0.0002490446963637271	0.00044933947952162216	0.00026509132179536587	0.00028950284185820806
"GACTCCTCCCTGCAGGTATG"	"GACTCCTCCCTGCAGGTATT"	0.0002625065718428475	0.00024483867722573696	0.0002733904602726255	0.0002609724850027277
"GACTCCTCCCTGCAGGTATG"	"GACTCCTCCCTGCAGGTAGG"	0.00022309999089487696	0.00022136936817564138	0.000233698928424862	0.0002240435815404392
"GACTCCTCCCTGCAGGTATG"	"GACTCCTCCGTGCAGGTATG"	0.00023607234362930205	0.0002207581882524618	0.0002355030889633967	0.00022935442718886195
"GACTCCTCCCTGCAGGTATG"	"GCCTCCTCCCTGCAGGTATG"	0.00024329280411355752	0.00021745781666729212	0.00023851002319428787	0.00023960559437070122
"GACTCCTCCCTGCAGGTATG"	"GGCTCCTCCCTGCAGGTATG"	0.00022762807628330835	0.0002100014216045013	0.0002308122715632065	0.00022564918603879957
"GACTCCTCCCTGCAGGTATG"	"GA--------TGCAGGTATG"	0.00020511003002732516	0.0003514284558282545	0.00022455784836295284	0.00024849817313085096
"GACTCCTCCCTGCAGGTATG"	"GACTCCTCCCTGCCGGTATG"	0.00020988287678810422	0.0001999780708643563	0.00021481538145486543	0.00020761701244182925
"GACTCCTCCCTGCAGGTATG"	"------------------TG"	0.00022016285442670523	0.0003411606331188377	0.00019593183448486887	0.00022737829857549533
"GACTCCTCCCTGCAGGTATG"	"GACTCCTCCC-------ATG"	0.00020914859267106127	0.00038516558758776694	0.00019364656446939157	0.00023787648183400543
"GACTCCTCCCTGCAGGTATG"	"G---------TGCAGGTATG"	0.00019935813777715553	0.0003538731755209728	0.00019304517762321334	0.00022466112173211625
"GACTCCTCCC--TGCAGGTATG"	"GACTCCTCCCATTGCAGGTATG"	0.00019385100689933357	0.00038003167623305856	0.00020338903137747898	0.00022960144326553277
"GACTCCTCCCTGCAGGTATG"	"-------------AGGTATG"	0.00019152577386203094	0.00033627119373340114	0.000193165454992449	0.0002212028966587247
"GACTCCTCCCTGCAGGTATG"	"GACTCCTCCCTGCGGGTATG"	0.00019372862621315975	0.00018604316861586204	0.00020531346928524932	0.00019230201568823805
"GACTCCTCCCTGCAGGTATG"	"GACTCCTCCCTGCAGGCATG"	0.00019360624552698593	0.00018200938112287687	0.00019148157182314994	0.00018489153338811326
"GACTCCTCCCTGCAGGTATG"	"GACTCCCCCCTGCAGGTATG"	0.0001787981824999535	0.00018042031332260997	0.00018763269600760923	0.00018760871023149235
"GACTCCTCCCTGCAGGTATG"	"GACTCCTCCCCGCAGGTATG"	0.00018944530219707598	0.00017675323378353255	0.0001924437907770351	0.00017921016362468426
"GACTCCTCCC-TGCAGGTATG"	"GACTCCTCCTTTGCAGGTATG"	0.00017696247220734616	0.0003184247399765576	0.00017692801014563666	0.0001774810510879885
"GACTCCTCCCTGCAGGTATG"	"GACTCCTCCCTGCAGGTCTG"	0.0001787981824999535	0.00017345286219836285	0.00017548468171480887	0.00017538141443628646
"GACTCCTCCCTGCAGGTATG"	"GACTCCT-----CAGGTATG"	0.0001855291202395137	0.0003361489577487652	0.00016766665271449185	0.0002137924143585999
"GACTCCTCCCTGCAGGTATG"	"GACTCCTC---GCAGGTATG"	0.00016961963103691687	0.00032306970739272235	0.00018378382019206853	0.00018946133080652354
"GACTCCTCCCTGCAGGTATG"	"GACCCCTCCCTGCAGGTATG"	0.00017059867652630744	0.00016856342281292626	0.0001765671780379297	0.00017130564917121783
"GACTCCTCCCTGCAGGTATG"	"TACTCCTCCCTGCAGGTATG"	0.00018516197818099222	0.00016856342281292626	0.00020483235980830675	0.00018168032439139253
"GACTCCTCCCTGCAGGTATG"	"GACTCTTCCCTGCAGGTATG"	0.0001676615400581357	0.0001622071516118587	0.00015780390843716879	0.0001692060125195158
"GACTCCTCCCTGCAGGTATG"	"GACTCCTCCCTGCAAGTATG"	0.00015640251693014413	0.00015426181261052425	0.0001529928136677429	0.0001588313372993411
"GACTCCTCCCTGCAGGTATG"	"GACT------TGCAGGTATG"	0.00015297585771727713	0.0003234364153466301	0.00016670443376060667	0.0001831624208514175
"GACTCCTCCCTGCAGGTATG"	"GACTGCTCCCTGCAGGTATG"	0.00015933965339831585	0.00014851672133263627	0.00016237444846812338	0.00015796678103099324
"GACTCCTCCCTGCAGGTATG"	"GACTCCTCCC---------G"	0.0001478358688979766	0.0002750309654308079	0.00014288951465194857	0.00016994706074952828
"GACTCCTCCCTGCAGGTATG"	"GACTCCTCCCTGCAGTTATG"	0.00015566823281310118	0.00013751548271540394	0.000164539441114365	0.00015067980676920385
"GACTCCTCCCTGCAGGTATG"	"GAGTCCTCCCTGCAGGTATG"	0.0001448987324298049	0.00013690430279222437	0.00014216785043653468	0.0001491977103091789
"GACTCCTCCCTGCAGGTATG"	"GACTCCTCC---------TG"	0.0001359649423391159	0.00027124164990709453	0.00014108535411341385	0.0001795806877396905
"GACTCCTCCCTGCAGGTATG"	"GACTCCTACCTGCAGGTATG"	0.00013829017537641853	0.00012920343576016175	0.00016177306162194513	0.00014005811547235835
"GACTCCTCCCTGCAGGTATG"	"GACTCC-----GCAGGTATG"	0.00013461875479120385	0.00022882576323843216	0.00012689262454360754	0.0001605604498360369
"GACTCCTCCCTGCAGGTATG"	"GACTCCTCACTGCAGGTATG"	0.00013388447067416094	0.0001347040550687779	0.0001425286825442416	0.0001300539643671899
"GACTCCTCCCTGCAGGTATG"	"GACTCCTCCATGCAGGTATG"	0.00013559780028059445	0.000134581819084142	0.00014108535411341385	0.0001283248518304941
"GACTCCTCCC-----TGCAGGTATG"	"GACTCCTCCCTTATATGCAGGTATG"	0.00013669922645615884	0.00025192836433462004	0.00012232208451265294	0.00013746444666731466
"GACTCCTCCCTGCAGGTATG"	"GACTCCGCCCTGCAGGTATG"	0.00012947876597190335	0.00012174704069737095	0.00012544929611277975	0.0001320300929805565
"GACTCCTCCC---TGCAGGTATG"	"GACTCCTCCCTTATGCAGGTATG"	0.00012397163509408137	0.00022393632385299557	0.00012773456612825705	0.00011893824091700272
"GACTCCTCCCTGCAGGTATG"	"GACTCCTCCCTGCAGGTATA"	0.00011809736215773794	0.00011526853351166748	0.00011618793868163495	0.00011856771680199648
"GACTCCTCCC---TGCAGGTATG"	"GACTCCTCCCTAGTGCAGGTATG"	0.00011442594157252328	0.00018078702127651773	0.00011185795338915165	0.0001274602955621462
"GACTCCTCCCTGCAGGTATG"	"-------------------G"	0.00012030021450886672	0.00018848788830858035	0.00010897129652749613	0.00014759210581081854
"GACTCCTCCCTGCAGGTATG"	"GACTCCTCCCTACAGGTATG"	0.00011589450980660914	0.00010720095852569712	0.00011257961760456553	0.00011646808015029447
"GACTCCTCCCTGCAGGTATG"	"GACTCCTC--TGCAGGTATG"	0.0001065935776573987	0.00017699770575280437	0.0001276142887590214	0.00011189828273188417
"GACTCCTCCCTGCAGGTATG"	"GACGCCTCCCTGCAGGTATG"	0.00010965309481174423	0.00010365611497125559	0.00011474461025080719	0.00012128489364537557
"GACTCCTCCCTGCAGGTATG"	"GACTCCTCCCTCCAGGTATG"	9.912835580079557e-05	0.00010817884640278444	0.00011462433288157153	0.00010708146923680307
"GACTCCTCCCTGCAGGTATG"	"GACTCCTCCCTGCAGGTACG"	0.00010965309481174423	9.681089983164438e-05	0.0001140229460353933	0.00010683445316013225
"GACTCCTCCCTGCAGGTATG"	"CACTCCTCCCTGCAGGTATG"	9.692550344966679e-05	9.693313581628029e-05	0.00010740769072743271	9.547171363327425e-05
"GACTCCTCCCTGCAGGTATG"	"AACTCCTCCCTGCAGGTATG"	9.154075325801863e-05	8.666531310686346e-05	0.00010211548648106425	9.349558501990764e-05
"GACTCCTCCCTGCAGGTATG"	"GACTCC------CAGGTATG"	9.154075325801863e-05	0.00015365063268734467	8.371304898801027e-05	0.00010362324416341152
"GACTCCTCCCTGCAGGTATG"	"GACTACTCCCTGCAGGTATG"	8.554409963550137e-05	8.434282939878109e-05	8.551720952654497e-05	8.472651429809332e-05
"GACTCCTCCCTGCAGGTATG"	"GACTCCTCCCTGGAGGTATG"	8.591124169402283e-05	8.336494152169378e-05	8.419415846495286e-05	8.44794982214225e-05
"GACTCCTCCC-----TGCAGGTATG"	"GACTCCTCCCTTTTTTGCAGGTATG"	8.62783837525443e-05	0.00016404069138139743	8.238999792641815e-05	8.336792587640377e-05
"GACTCCTCCCTGCAGGTATG"	"GACTCCTCCCTGAAGGTATG"	8.334124728437257e-05	7.982009796725225e-05	8.756192480355097e-05	8.336792587640377e-05
"GACTCCTCCCTGCAGGTATG"	"GACTC-------CAGGTATG"	7.905792326828882e-05	0.0001329927512838751	8.082639212635474e-05	7.929216061133514e-05
"GACTCCTCCC--TGCAGGTATG"	"GACTCCTCCCTTTGCCGGTATG"	7.428507650750977e-05	0.00011979126494319632	7.86613994801131e-05	8.188582941637882e-05
"GACTCCTCCCTGCAGGTATG"	"GACTCCTCTCTGCAGGTATG"	7.404031513516212e-05	7.505289456645158e-05	8.154805634176862e-05	7.645147572962064e-05
"GACTCCTCCC---TGCAGGTATG"	"GACTCCTCCCTTGTGCAGGTATG"	7.428507650750977e-05	0.0001321370993914237	6.903920994126134e-05	7.002905773617918e-05
"GACTCCTCCCTGCAGGTATG"	"GACTCCTCCCTGCAGGTATC"	7.404031513516212e-05	6.881885935001993e-05	8.708081532660838e-05	7.472236319292487e-05
"GACTCCTCCCTGCAGGTATG"	"GACTCCTCC----------G"	6.730937739560193e-05	0.0001229694005437301	6.89189325720257e-05	6.867046931448963e-05
"GACTCCTCCC-----TGCAGGTATG"	"GACTCCTCCCTTTTATGCAGGTATG"	7.355079239046684e-05	0.0001612292637347714	6.615255307960582e-05	7.669849180629147e-05
"GACTCCTCCCTGCAGGTATG"	"GACTCCTCC-----GGTATG"	6.596318984768989e-05	0.00013555970696122932	7.084337047979605e-05	7.447534711625404e-05
"GACTCCTCCC---TGCAGGTATG"	"GACTCCTCCCTTTTGCAGGTATG"	6.424986024125639e-05	0.00011282381381894919	6.976087415667522e-05	6.829994519948338e-05
"GACTCCTCCCTGCAGGTATG"	"GACTCCTCCCTGCAGATATG"	6.730937739560193e-05	6.466283587239883e-05	7.529363314151499e-05	6.397716385774393e-05
"GACTCCTCCCTGCAGGTATG"	"GACTCCTCCTTGCAGGTATG"	6.26589113209967e-05	6.466283587239883e-05	6.362672832565723e-05	7.39813149629124e-05
"GACTCCTCCC-----TGCAGGTATG"	"GACTCCTCCCTTATTTGCAGGTATG"	6.229176926247524e-05	0.00014057138233130182	6.5070056756485e-05	8.188582941637882e-05
"GACTCCTCCCTGCAGGTATG"	"G----------GCAGGTATG"	6.0456058969867914e-05	0.0001103790941262309	7.168531206444558e-05	6.545926031776889e-05
"GACTCCTCCCTGCAGGTATG"	"GACTCC------------TG"	6.302605337951817e-05	0.00014093809028520955	5.929674303317394e-05	8.275038568472672e-05
"GACTCCTCCCTGCAGGTATG"	"GACTCCTTCCTGCAGGTATG"	6.37603374965611e-05	5.720644080960804e-05	6.819726835661182e-05	6.286559151272522e-05
"GACTCCTCCCTGCAGGTATG"	"GACTTCTCCCTGCAGGTATG"	5.5927973581436514e-05	5.830656467133127e-05	5.6289808802282766e-05	5.718422174929622e-05
"GACTCCTCCCTGCAGGTATG"	"GAATCCTCCCTGCAGGTATG"	6.0945581714563204e-05	5.6717496871064386e-05	6.086034883323735e-05	5.533160117426503e-05
"GACTCCTCCCTGCAGGTATG"	"GACTCCTC----------TG"	5.8008445246391484e-05	0.00010121139527853731	5.316259720215595e-05	6.274208347438981e-05
"GACTCCTCCC--TGCAGGTATG"	"GACTCCTCCCAATGCAGGTATG"	5.384750191648154e-05	0.00012064691683564774	6.398756043336417e-05	6.187752720604192e-05
"GACTCCTCCC--TGCAGGTATG"	"GACTCCTCCCAGTGCAGGTATG"	5.3725121230307726e-05	9.167698847693596e-05	6.110090357170865e-05	5.8666318209321174e-05
"GACTCCTCCCTGCAGGTATG"	"GACTCCTCCCTGTAGGTATG"	5.776368387404384e-05	4.999451771608908e-05	5.6891195648461e-05	5.656668155761915e-05
"GACTCCTCCCTGCAGGTATG"	"GACTCCT------AGGTATG"	5.690701907082709e-05	9.216593241547962e-05	4.690817400190231e-05	5.8789826247656586e-05
"GACTCCTCCCTGCAGGTATG"	"GACTCCTCT-TGCAGGTATG"	4.7116564176921354e-05	9.754431573945986e-05	4.991510823279348e-05	6.051893878435237e-05
"GACTCCTCCCTGCAGGTATG"	"GACTCCTCCCTGCAGGAATG"	4.589275731518313e-05	4.8283213931186275e-05	5.3282874571391594e-05	5.051478767918392e-05
"GACTCCTCCCTGCAGGTATG"	"GACTCCTCC-------TATG"	5.0298462017440716e-05	9.412170816965425e-05	4.486345872489631e-05	6.471821208775641e-05
"GACTCCTCCCTGCAGGTATG"	"GACTCCT-----------TG"	4.3689904964054344e-05	9.497736006210566e-05	5.063677244820736e-05	5.533160117426503e-05
"GACTCCTCCCTGCAGGTATG"	"GACTCCTCCCAGCAGGTATG"	4.479133113961874e-05	4.2415886668662374e-05	4.474318135566066e-05	4.4956925954090334e-05
"GACTCCTCCCTGCAGGTATG"	"GACTCCTCC------GTATG"	4.7361325549268996e-05	8.226481765997054e-05	4.113486027859125e-05	5.100881983252557e-05
"GACTCCTCCCTGCAGGTATG"	"GACTCCTCC-----------"	4.136467192675173e-05	8.776543696858669e-05	4.871233454043701e-05	5.422002882924631e-05
"GACTCCTCCC----TGCAGGTATG"	"GACTCCTCCCTTATTGCAGGTATG"	4.6627041432226064e-05	8.959897673812542e-05	4.2337633970947724e-05	4.174571695736959e-05
"GACTCCTCCCTGCAGGTATG"	"GATTCCTCCCTGCAGGTATG"	4.515847319814021e-05	4.0949054853031396e-05	5.015566297126478e-05	4.3104305379059137e-05
"GACTCCTCCC-----TGCAGGTATG"	"GACTCCTCCCTTATGTGCAGGTATG"	4.06303878097088e-05	8.287599758315011e-05	4.32998529248329e-05	4.359833753240079e-05
"GACTCCTCCC-----TGCAGGTATG"	"GACTCCTCCCTTTATTGCAGGTATG"	4.014086506501352e-05	9.742207975482395e-05	4.101458290935561e-05	4.532745006909657e-05
"GACTCCTCCCTGCAGGTATG"	"GACTCCTCCCTGCAGCTGTG"	4.479133113961874e-05	3.862657114494902e-05	4.738928347884489e-05	4.3845353609071614e-05
"GACTCCTCCC-----TGCAGGTATG"	"GACTCCTCCCTTGCATGCAGGTATG"	3.830515477240619e-05	6.894109533465585e-05	3.8248203416935725e-05	4.55744661457674e-05
"GACTCCTCCCTGCAGGTATG"	"--------------GGTATG"	4.479133113961874e-05	7.053016313492273e-05	3.656432024763667e-05	4.952672337250061e-05
"GACTCCTCCCTGCAGGTATG"	"GACTCCTCC--------ATG"	3.769325134153708e-05	7.493065858181566e-05	3.632376550916538e-05	5.743123782596705e-05
"GACTCCTCCCTGCAGGTATG"	"GACTCCTNCCTGCANGTATG"	3.769325134153708e-05	3.520396357514341e-05	3.596293340145843e-05	3.6928903462288485e-05
"GACTCCTCCCTGCAGGTATG"	"GACTCCTCA-TGCAGGTATG"	3.5000876245713e-05	6.050681239477774e-05	4.077402817088431e-05	4.347482949406538e-05
"GACTCCTCCCTGCAGGTATG"	"-----------------ATG"	3.4878495559539185e-05	6.111799231795731e-05	3.6804874986107964e-05	3.754644365396555e-05
"GACTCCTCCCTGCAGGTATG"	"GAC--------GCAGGTATG"	3.634706379362504e-05	7.688643433599029e-05	3.307627653980291e-05	4.3968861647407026e-05
"GACTCCTCCCTGCAGGTATG"	"GACTC------GCAGGTATG"	3.585754104892976e-05	6.344047602603969e-05	3.548182392451585e-05	3.2235598005542795e-05
"GACTCCTCCCTGCAGGTATG"	"GA----------CAGGTATG"	3.0595171543455426e-05	5.9406688533054505e-05	3.307627653980291e-05	3.581733111726977e-05
"GACTCCTCCCTGCAGGTATG"	"GACTCCTCCCTGCANGTATG"	3.292040458075804e-05	3.544843554441524e-05	3.560210129375149e-05	3.0259469392176186e-05
"GACTCCTCCCTGCAGGTATG"	"GACTCCA---TGCAGGTATG"	2.9860887426412495e-05	7.053016313492273e-05	4.209707923247643e-05	4.569797418410281e-05
"GACTCCTCCC------TGCAGGTATG"	"GACTCCTCCCTTTTTATGCAGGTATG"	2.973850674023867e-05	6.172917224113689e-05	3.2354612324389024e-05	3.766995169230096e-05
"GACTCCTCCC--TGCAGGTATG"	"GACTCCTCCCTTTGCAGGTGTG"	2.961612605406485e-05	4.706085408482713e-05	3.295599917056726e-05	3.581733111726977e-05
"GACTCCTCCCTGCAGGTATG"	"GACNCCTCCNTGCANGTATG"	3.267564320841039e-05	2.9214400327983594e-05	3.692515235534361e-05	3.334717035056151e-05
"GACTCCTCCCTGCAGGTATG"	"GTCTCCTCCCTGCAGGTATG"	3.035041017110778e-05	2.9214400327983594e-05	3.1272116001268204e-05	3.371769446556775e-05
"GACTCCTCCC----TGCAGGTATG"	"GACTCCTCCCTTAGTGCAGGTATG"	2.8392319192326635e-05	6.784097147293262e-05	3.307627653980291e-05	3.98930963823384e-05
"GACTCCTCCCTGCAGGTATG"	"GACTCC--------------"	2.7413273702936058e-05	5.1461349531720056e-05	2.802462703190574e-05	3.1124025660524075e-05
"GACTCCTCCC------TGCAGGTATG"	"GACTCCTCCCTTATTATGCAGGTATG"	2.7290893016762237e-05	5.011675370072499e-05	3.1632948108975144e-05	3.161805781386573e-05
"GACTCCTCCC---TGCAGGTATG"	"GACTCCTCCCTAATGCAGGTATG"	2.692375095824077e-05	4.1193526822303226e-05	3.1632948108975144e-05	3.272963015888444e-05
"GACTCCTCCCTGCAGGTATG"	"GA---------GCAGGTATG"	2.9004222623195742e-05	4.6816382115555296e-05	2.6220466493371035e-05	2.9394913123828293e-05
"GACTCCTCCCTGCAGGTATG"	"GACTCCTC-----------G"	2.6311847527371664e-05	4.486060636138066e-05	2.862601387808397e-05	2.8036324702138753e-05
"GACTCCTCCCTGCAGGTATG"	"GACA------TGCAGGTATG"	2.5822324782676377e-05	4.6205202192375726e-05	2.5378524908721503e-05	3.087700958385325e-05
"GACTCCTCCCTGCAGGTATG"	"GACTCCACCCTGCAGGTATG"	2.9983268112586315e-05	2.6402972681357556e-05	2.8505736508848323e-05	2.5566163935430493e-05
"GACTCCTCCC-----TGCAGGTATG"	"GACTCCTCCCTTTAATGCAGGTATG"	2.521042135180727e-05	5.977339648696225e-05	3.9090145001585256e-05	3.742293561563014e-05
"GACTCCTCCCTGCAGGTATG"	"GACTCCTCCCTGCAGGTAAG"	2.447613723476434e-05	2.3836017004003352e-05	2.634074386260668e-05	2.433108355207636e-05
"GACTCCTCCC---TGCAGGTATG"	"GACTCCTCCCTGGTGCAGGTATG"	2.7658035075283703e-05	4.314930257647786e-05	2.321353226247986e-05	2.6924752357120033e-05
"GACTCCTCCCTGCAGGTATG"	"GACTCCTCCCTGCTGGTATG"	2.2885188314504658e-05	2.3713781019367437e-05	2.5017692801014563e-05	3.0382977430511598e-05
"GACTCCTCCCTGCAGGTATG"	"GACNCCTCCCTGCANGTATG"	2.3374711059199944e-05	2.273589314228012e-05	2.4536583324071975e-05	2.2972495130386818e-05
"GACTCCTCCCTGCAGGTATG"	"GAC---------CAGGTATG"	3.0472790857281602e-05	5.402830520907426e-05	2.201075857012339e-05	3.1988581928871965e-05
"GACTCCTCCC----TGCAGGTATG"	"GACTCCTCCCTATGTGCAGGTATG"	2.2762807628330837e-05	4.547178628456024e-05	2.35743643701868e-05	2.2478462977045167e-05
"GACTCCTCCCTGCAGGTATG"	"GACTCA----TGCAGGTATG"	2.1906142825114084e-05	4.0949054853031396e-05	2.6821853339549267e-05	2.5195639820424254e-05
"GACTCCTCCCTGCAGGTATG"	"GACT--------CAGGTATG"	2.814755781997899e-05	4.107129083766731e-05	2.441630595483633e-05	2.173741474703269e-05
"GACTCCTCCCTGCAGGTATG"	"GACTCCTCCC--CAGGGATG"	2.2028523511287905e-05	3.899327909885676e-05	2.1168816985473862e-05	2.47016076670826e-05
"GACTCCTCCCTGCAGGTATG"	"GACTCC----TGCAGGTAGG"	2.5577563410328736e-05	3.361489577487652e-05	2.0687707508531274e-05	2.1490398670361862e-05
"GACTCCTCCC---TGCAGGTATG"	"GACTCCTCCCTGATGCAGGTATG"	2.2640426942157013e-05	5.243923740880737e-05	2.7663794924198795e-05	2.1243382593691035e-05
"GACTCCTCCC--TGCAGGTATG"	"GACTCCTCCCTTTGCGGGTATG"	2.0804716649549687e-05	3.337042380560469e-05	2.3333809631715507e-05	2.3096003168722233e-05
"GACTCCTCCC----TGCAGGTATG"	"GACTCCTCCCTTTTTGCAGGTATG"	2.0804716649549687e-05	4.0093402960579994e-05	2.7423240185727503e-05	2.9394913123828293e-05
"GACTCCTCCC----TGCAGGTATG"	"GACTCCTCCCTTAATGCAGGTATG"	2.019281321868058e-05	4.376048249965743e-05	2.0687707508531274e-05	2.260197101538058e-05
"GACTCCTCCCTGCAGGTATG"	"GACTCC-------------G"	1.9458529101637648e-05	3.129241206679414e-05	2.3093254893244214e-05	2.717176843379086e-05
"GACTCCTCCCTGCAGGTATG"	"GACTCC----------TATG"	1.9213767729290006e-05	4.2660358637934205e-05	2.4656860693307623e-05	3.384120250390316e-05
"GACTCCTCCCTGCAGGTATG"	"G------------AGGTATG"	2.3497091745373765e-05	4.0093402960579994e-05	1.8282160123818334e-05	2.3466527283728472e-05
"GACTCCTCCCTGCAGGTATG"	"GACTCCTC------GGTATG"	1.7989960867551788e-05	3.923775106812859e-05	2.0928262247002566e-05	2.5566163935430493e-05
"GACTCCTCCCTGCAGGTATG"	"GACACCTCCCTGCAGGTATG"	2.0682335963375866e-05	1.7601981787571705e-05	2.0928262247002566e-05	2.3343019245393057e-05
"GACTCCTCCC----TGCAGGTATG"	"GACTCCTCCCTTTATGCAGGTATG"	1.8357102926073254e-05	3.227029994388146e-05	2.2131035939359038e-05	1.7785157520299474e-05
"GACTCCTCCCTGCAGGTATG"	"GACTCCT-------GGTATG"	1.8234722239899433e-05	3.899327909885676e-05	1.7199663800697514e-05	1.9143745941989014e-05
"GACTCCTCCCTGCAGGTATG"	"GAC---------------TG"	1.737805743668268e-05	3.17813560053378e-05	1.7319941169933158e-05	2.4084067475405534e-05
"GACTCCTCCC--TGCAGGTATG"	"GACTCCTCCCTTTGGAGGTATG"	1.9458529101637648e-05	2.8725456389439936e-05	1.6959109062226218e-05	2.0502334363678558e-05
"GACTCCTCCC--TGCAGGTATG"	"GACTCCTCCCGTTGCAGGTATG"	2.0682335963375866e-05	3.17813560053378e-05	1.6598276954519278e-05	2.136689063202645e-05
"GACTCCTCCCTGCAGGTATG"	"----------TGCAGGTCTG"	1.664377331963975e-05	3.043676017434274e-05	1.647799958528363e-05	2.2354954938709752e-05
"GACTCCTCCC---TGCAGGTATG"	"GACTCCTCCCTATTGCAGGTATG"	1.872424498459472e-05	3.6548559406138473e-05	1.6237444846812338e-05	1.8279189673641125e-05
"GACTCCTCCC--TGCAGGTATG"	"GACTCCTCCCTTTGCAGGTAGG"	1.725567675050886e-05	2.4691668896454753e-05	1.5876612739105397e-05	1.7538141443628647e-05
"GACTCCTCCCTGCAGGTATG"	"GACTCCTC------------"	1.6276631261118286e-05	2.432496094254701e-05	1.575633536986975e-05	2.0255318287007734e-05
"GACTCCTCCCTGCAGGTATG"	"GACTCCTCCCTGCAGGGAGG"	2.178376213894026e-05	1.6746329895120304e-05	1.960521118541045e-05	1.6056044983603692e-05
"GACTCCTCCC-----TGCAGGTATG"	"GACTCCTCCCTTTGATGCAGGTATG"	1.7622818809030325e-05	2.8358748435532193e-05	1.924437907770351e-05	1.5932536945268277e-05
"GACTCCTCCC--TGCAGGTATG"	"GACTCCTCCCTTTGCAGGTCTG"	1.5787108516423e-05	2.9703344266527253e-05	1.7560495908404454e-05	1.8279189673641125e-05
"GACTCCTCCC--TGCAGGTATG"	"GACTCCTCCCTTTTCAGGTATG"	1.6399011947292107e-05	3.4226075698056094e-05	1.7801050646875746e-05	1.5438504791926626e-05
"GACTCCTCCC--TGCAGGTATG"	"GACTCCTCCCTTTGCATGTATG"	1.517520508555389e-05	2.9458872297255422e-05	1.8402437493053982e-05	1.679709321361617e-05
"GACTCCTCCC----TGCAGGTATG"	"GACTCCTCCCTTTGTGCAGGTATG"	1.7867580181377967e-05	3.5326199559779326e-05	1.4433284308277633e-05	1.7044109290286993e-05
"GACTCCTCCCTGCAGGTATG"	"G----------------ATG"	1.737805743668268e-05	2.224694920373646e-05	1.3471065354392457e-05	2.5195639820424254e-05
"GACTCCTCCCTGCAGGTATG"	"GACTCCTCCC--AAGGTATG"	1.5664727830249176e-05	2.2858129126916035e-05	1.3471065354392457e-05	1.6056044983603692e-05
"GACTCCTCCC------TGCAGGTATG"	"GACTCCTCCCTTTGCATGCAGGTATG"	1.3706636851468029e-05	1.6257385956576645e-05	1.3952174831335045e-05	1.4450440485243321e-05
"GACTCCTCCCTGCAGGTATG"	"GACTCCTCCC-ACAGGTATG"	1.3461875479120386e-05	3.5081727590507495e-05	1.5154948523691514e-05	1.5191488715255799e-05
"GACTCCTCCCTGCAGGTATG"	"GACTCCT-------------"	1.444092096851096e-05	3.0314524189706827e-05	1.3110233246685517e-05	1.9143745941989014e-05
"GACTCCTCCC--TGCAGGTATG"	"GACTCCTCCCTTTGCAGGGATG"	1.4318540282337138e-05	2.224694920373646e-05	1.3110233246685517e-05	1.4079916370237082e-05
"GACTCCTCCC------TGCAGGTATG"	"GACTCCTCCCTTTTAATGCAGGTATG"	1.3217114106772742e-05	2.7380860558444876e-05	1.5154948523691514e-05	1.4079916370237082e-05
"GACTCCTCCC--TGCAGGTATG"	"GACTCCTCCCTTTGCAGGTATT"	1.3339494792946565e-05	1.7357509818299874e-05	1.2749401138978575e-05	1.3462376178560017e-05
"GACTCCTCCCTGCAGGTATG"	"GACTCCTTT-TGCAGGTATG"	1.2727591362077456e-05	2.7625332527716704e-05	1.527522589292716e-05	1.5067980676920387e-05
"GACTCCTCCC------TGCAGGTATG"	"GACTCCTCCCTTTATATGCAGGTATG"	1.2727591362077456e-05	2.1024589357377314e-05	1.2148014292800341e-05	1.2597819910212127e-05
"GACTCCTCCCTGCAGGTATG"	"GAA-------TGCAGGTATG"	1.4073778909989495e-05	2.4691668896454753e-05	1.6357722216047985e-05	1.2103787756870475e-05
"GACTCCTCCC-----TGCAGGTATG"	"GACTCCTCCCTTTAGTGCAGGTATG"	1.2972352734425099e-05	2.5058376850362496e-05	1.1907459554329047e-05	1.2103787756870475e-05
"GACTCCTCCCTGCAGGTATG"	"GACTCC--------GGTATG"	1.1870926558860705e-05	2.249142117300829e-05	1.2749401138978575e-05	1.3215360101889191e-05
"GACTCCTCCC--TGCAGGTATG"	"GACTCCTCCCTATGCCGGTATG"	1.1748545872686883e-05	2.2613657157644204e-05	1.4313006939041986e-05	1.3091852063553778e-05
"GACTCCTCCC------TGCAGGTATG"	"GACTCCTCCCTTATGATGCAGGTATG"	1.1748545872686883e-05	2.2369185188372377e-05	1.2508846400507281e-05	1.2103787756870475e-05
"GACTCCTCCCTGCAGGTATG"	"GACTCCTC--------TATG"	1.150378450033924e-05	2.4691668896454753e-05	1.6357722216047985e-05	1.2968344025218366e-05
"GACTCCTCCCTGCAGGTATG"	"GACTCC----TTCAGGTATG"	1.4685682340858604e-05	2.1880241249828715e-05	1.1065517969679519e-05	1.7538141443628647e-05
"GACTCCTCCC------TGCAGGTATG"	"GACTCCTCCCTTATAATGCAGGTATG"	1.1259023127991596e-05	2.725862457380896e-05	1.611716747757669e-05	1.4450440485243321e-05
"GACTCCTCCC---TGCAGGTATG"	"GACTCCTCCCATATGCAGGTATG"	1.1626165186513062e-05	2.2980365111551947e-05	1.17871821850934e-05	1.1239231488522584e-05
"GACTCCTCCCTGCAGGTATG"	"A---------TGCAGGTATG"	4.601513800135696e-05	1.1001238617232315e-05	5.135843666362124e-05	5.014426356417768e-05
"GACTCCTCCCTGCAGGTATG"	"GACTCCTGCGTGCAGGTATG"	1.2482829989729812e-05	1.1490182555775974e-05	1.455356167751328e-05	1.111572345018717e-05
"GACTCCTCCC-TGCAGGTATG"	"GACTCCTCCCATGCAGGTATG"	1.1381403814165418e-05	1.7601981787571705e-05	1.3471065354392457e-05	1.0992215411851757e-05
"GACTCCTCCCTGCAGGTATG"	"GACTCCTTA-TGCAGGTATG"	1.089188106947013e-05	2.994781623579908e-05	1.262912376974293e-05	1.2474311871876714e-05
"GACTCCTCCCTGCAGGTATG"	"GACTCCTC---------ATG"	1.076950038329631e-05	2.4569432911818838e-05	1.262912376974293e-05	1.2968344025218366e-05
"GACTCCTCCC----TGCAGGTATG"	"GACTCCTCCCTAGATGCAGGTATG"	1.076950038329631e-05	1.540173406412524e-05	1.4433284308277633e-05	1.0992215411851757e-05
