"ref_align"	"read_align"	"freq_yjl237"	"freq_yjl238"	"freq_yjl239"	"freq_yjl240"
"AGCAGCCGTC-GGGAGGAGTC"	"AGCAGCCGTCAGGGAGGAGTC"	0.2406368708578472	0.26183102997006125	0.2543611889928587	0.23562919046112984
"AGCAGCCGTCGGGAGGAGTC"	"AGCAGCCGTCGGGAGGAGTC"	0.061142328878588684	0.06813422477145398	0.0648194649195306	0.0628563298780029
"AGCAGCCGTCGGGAGGAGTC"	"AGCAGCCGTC-GGAGGAGTC"	0.006524347728534649	0.007317550979982332	0.006899573742790192	0.0065571971490287805
"AGCAGCCGTCGGGAGGAGTC"	"AGCAGCCGT-GGGAGGAGTC"	0.004867415609073081	0.005137779405842243	0.005002656458279483	0.005137232858908403
"AGCAGCCGTCGGGAGGAGTC"	"AGCAGCCG--GGGAGGAGTC"	0.004066688156987265	0.004475427433679232	0.004223345011847103	0.00425004155308537
"AGCAGCCGTCGGGAGGAGTC"	"AGCAGCC---GGGAGGAGTC"	0.003720665594044057	0.00419887090654465	0.004030975380976076	0.0039845141874433046
"AGCAGCCGTC--GGGAGGAGTC"	"AGCAGCCGTCAAGGGAGGAGTC"	0.0037167840823940784	0.004140428085471442	0.0039331691793097305	0.0036011146650947326
"AGCAGCCGTCGGGAGGAGTC"	"AGCAGCCGTAGGGAGGAGTC"	0.0033955653256043917	0.0036736137763384133	0.0036852539943372825	0.003474536693121272
"AGCAGCCGTCGGGAGGAGTC"	"AGCA------GGGAGGAGTC"	0.0025171129695031524	0.0025312477924635344	0.002619846332335431	0.0025496583712084028
"AGCAGCCGTCGGGAGGAGTC"	"AGCAGCCGA-GGGAGGAGTC"	0.0024108920897159348	0.002500751927884836	0.00251241641884737	0.0025104822025071145
"AGCAGCCGTC--GGGAGGAGTC"	"AGCAGCCGTCCAGGGAGGAGTC"	0.0020396870365557928	0.0024054409720224565	0.0022879328800495327	0.002030402310615012
"AGCAGCCGTC-GGGAGGAGTC"	"AGCAGCCGTCTGGGAGGAGTC"	0.002002860011388923	0.0020824579047829896	0.002092843504533239	0.0019948917483419144
"AGCAGCCGTCGGGAGGAGTC"	"AGCAGCCGT--GGAGGAGTC"	0.0017543485947744439	0.0020090857649309574	0.0018200321955002662	0.0017840048285200675
"AGCAGCCGTCGGGAGGAGTC"	"AGCAGCCGTC--GAGGAGTC"	0.001764857077534142	0.0020096319595204267	0.0018823771112148565	0.0017471196638363985
"AGCAGCCGTC--GGGAGGAGTC"	"AGCAGCCGTCTAGGGAGGAGTC"	0.0014762998212137866	0.0016131857199973491	0.0015727446439074949	0.0016103467239845326
"AGCAGCCGTCGGGAGGAGTC"	"AGCAGCC----GGAGGAGTC"	0.0015134108594282154	0.0015534684448820476	0.0015142701340342464	0.001503700486964359
"AGCAGCCGTCGGGAGGAGTC"	"AGCAGCCGTC----GGAGTC"	0.0012795734502709722	0.0014325773757461928	0.001329641314845904	0.0013568471294349686
"AGCAGCCGTCGGGAGGAGTC"	"AGCAGCCGTC---AGGAGTC"	0.0011298985742071658	0.001280826312305327	0.0011809968094257145	0.0012204178401857455
"AGCAGCCGTCGGGAGGAGTC"	"AGCAGCCA--GGGAGGAGTC"	0.0011561224455984842	0.001297303182420982	0.0012838240781294769	0.0012006006554333393
"AGCAGCCGTCGGGAGGAGTC"	"AGCAG-----GGGAGGAGTC"	0.001062114126856321	0.0010911147248963504	0.0010929189251443635	0.0011110223983444288
"AGCAGCCGTCGGGAGGAGTC"	"A---------GGGAGGAGTC"	0.001115319237765783	0.0011163307084435129	0.001170954675350881	0.0010597039083497589
"AGCAGCCGTCGGGAGGAGTC"	"AGCAGCCG------------"	0.0009497396310386499	0.0010419572118441204	0.0010240884645064433	0.0009542031733383949
"AGCAGCCGTCGGGAGGAGTC"	"AGCA-------GGAGGAGTC"	0.000820040339319855	0.000886746916003283	0.0009063026002537103	0.0008426312776803401
"AGCAGCCGTCGGGAGGAGTC"	"AGCAGC-------------C"	0.0008226911277637428	0.0009329913912450105	0.0008556735076264255	0.0007980712495376468
"AGCAGCCGTCGGGAGGAGTC"	"AGCA----------------"	0.0008314955322380844	0.0007637621009411297	0.000896051255052318	0.0007663408438936209
"AGCAGCCGTCGGGAGGAGTC"	"AGCAGCCGT-----------"	0.0007334163598142365	0.0008129196139933597	0.0007997095312718854	0.0007658826430900971
"AGCAGCCGTCGGGAGGAGTC"	"AGCAGCC-----GAGGAGTC"	0.0007837813402481043	0.0008020867546355535	0.0007843325134697968	0.0007184588599253797
"AGCAGCCGTCGGGAGGAGTC"	"AGCAA-----GGGAGGAGTC"	0.0007425047773361375	0.0007350868849939955	0.0007217783866286475	0.0006793972414249724
"AGCAGCCGTCGGGAGGAGTC"	"AGC-------GGGAGGAGTC"	0.0006227459422819217	0.0007257105445414405	0.0006581782041547028	0.0006588927554672806
"AGCAGCCGTCGGGAGGAGTC"	"AGCAGC----GGGAGGAGTC"	0.0005957647027637783	0.0006680870153524376	0.0006493913368392236	0.0006429702775448273
"AGCAGCCGTCGGGAGGAGTC"	"----------GGGAGGAGTC"	0.0006302249525343194	0.0005897080917636041	0.0006421735529729372	0.0006199456871677543
"AGCAGCCGTCGGGAGGAGTC"	"AGCAGCCGT---GAGGAGTC"	0.0004655920559657177	0.0005006783736801208	0.0004763737351749073	0.0005081446911079376
"AGCAGCCGTC--GGGAGGAGTC"	"AGCAGCCGTCGAGGGAGGAGTC"	0.00048045540545465994	0.0005304459788061934	0.0005211449162585394	0.0004909621609757936
"AGCAGCCGTCGGGAGGAGTC"	"AGCAGA----GGGAGGAGTC"	0.0004611425182206204	0.0005255302275009704	0.0005134041045758553	0.0004892439079625792
"AGCAGCCGTCGGGAGGAGTC"	"AGCAG---------------"	0.0005829841156236051	0.0005217978978062641	0.0005667529418484075	0.000487067454145841
"AGCAGCCGTC-GGGAGGAGTC"	"AGCAGCCGTCAGGGAGGAGTA"	0.00046862152847301807	0.0004972191412801491	0.0004907046973442007	0.000475497883856864
"AGCAGCCGTC-GGGAGGAGTC"	"AGCAGCCGTCAGGGAGGAGAC"	0.0004091681305172493	0.0004020902502809261	0.0004733401738398014	0.00044285107660579047
"AGCAGCCGTC-GGGAGGAGTC"	"AGCAGCCGTCCGGGAGGAGTC"	0.00044334436724023104	0.00044979124442790484	0.0004747000461624351	0.00044193467499874283
"AGCAGCCGTCGGGAGGAGTC"	"AGCAGCCG------GGAGTC"	0.0003340940149457133	0.0004224815149544437	0.00039886101278478736	0.00039760374725781136
"AGCAGCCGTCGGGAGGAGTC"	"AGCA--------GAGGAGTC"	0.0003877724809344408	0.00042047880145972325	0.00035137008705588794	0.0003974891970569304
"AGCAGCCGTC-GGGAGGAGTC"	"AGCAGCCGTCAGGTAGGAGTC"	0.00041958194226109416	0.00044451136339636907	0.0004029406297526884	0.0003839722733529772
"AGCAGCCGTC-GGGAGGAGTC"	"AGCAGCCGTCAGGGAGGAGGC"	0.00033863822370666375	0.0003437384616392975	0.0004215604200164419	0.00036598789181466646
"AGCAGCCGTCGGGAGGAGTC"	"AGCAGCC-------GGAGTC"	0.0003740451836357362	0.0003834286018073943	0.0003397588695318619	0.00036312413679264247
"AGCAGCCGTCGGGAGGAGTC"	"AGCAGCCGTC-----GAGTC"	0.0003146864566958206	0.0003644938560391279	0.00036570104922518135	0.00036209318498471387
"AGCAGCCGTC-GGGAGGAGTC"	"AGCAGCCGTCAGGGGGGAGTC"	0.0003430877614517611	0.00034155368328142057	0.0004362051988755739	0.00035957308056533275
"AGCAGCCGTC-GGGAGGAGTC"	"AGCAGCCGTCGGGGAGGAGTC"	0.0003909912954734474	0.00041856712039658095	0.00041444724171343494	0.0003590003295609279
"AGCAGCCGTCGGGAGGAGTC"	"AG--------GGGAGGAGTC"	0.0003704476850333171	0.0003441025913656103	0.0003401772917849799	0.00035842757855652314
"AGCAGCCGTCGGGAGGAGTC"	"AGCAGCCGTC-------GTC"	0.0003317272395493849	0.00036303733713387667	0.00034697665339814834	0.0003552201729318563
"AGCAGCCGTCGGGAGGAGTC"	"AGCAGCCGTCGGGAGGAGGC"	0.00031203566825193285	0.0003278077861131118	0.00037668463336953034	0.0003533873697177609
"AGCAGCCGTC-GGGAGGAGTC"	"AGCAGCCGTCAGGGAGAAGTC"	0.00032727770180428754	0.0003534789318181653	0.0003394450528420233	0.00034708710866930814
"AGCAGCCGTCGGGAGGAGTC"	"A----------GGAGGAGTC"	0.0002850544287337894	0.0002989505053028212	0.00031078312850343643	0.0003725172532648812
"AGCAGCCGTCGGGAGGAGTC"	"AGCAGCCGT-----GGAGTC"	0.00030105383041296915	0.0003791500775232187	0.0003673747382376536	0.00033700669099178364
"AGCAGCCGTCGGGAGGAGTC"	"AGCAGCCGT----AGGAGTC"	0.0003280350699311126	0.0004073701313124619	0.00032940291876718995	0.0003354029881794502
"AGCAGCCGTCGGGAGGAGTC"	"AGCAGCC----------GTC"	0.0003235855321860153	0.00034109852112352955	0.0002977074330934972	0.0003429633014375936
"AGCAGCCGTCGGGAGGAGTC"	"AGC----------AGGAGTC"	0.00029887639704834706	0.00031460808353427224	0.0003335871412983705	0.00031970961065875875
"AGCAGCCGTC-GGGAGGAGTC"	"AGCAGCCGTAAGGGAGGAGTC"	0.00029404817523983717	0.00032717055909206437	0.00030419297801682703	0.00030298528133013863
"AGCAGCCGTCGGGAGGAGTC"	"AGCAGCA---GGGAGGAGTC"	0.0003447918397371175	0.0003375482562919796	0.000329821341020308	0.00030035062670987655
"AGCAGCCGTCGGGAGGAGTC"	"AGCAGCC------AGGAGTC"	0.0002612920037546525	0.0002887548729660624	0.00027542644811496067	0.00029611226927728104
"AGCAGCCGTC-GGGAGGAGTC"	"AGCAGCCGTCATGGAGGAGTC"	0.00029991777822273156	0.0003204341591552773	0.0003030423168207524	0.00028236624517156587
"AGCAGCCGTCGGGAGGAGTC"	"AG-----------------C"	0.00023109194969750244	0.00024842750577691813	0.0002474967627193304	0.00024800118490727794
"AGCAGCCGTC-GGGAGGAGTC"	"AGCAGCCGTCAGGGAGGAGTG"	0.00020922294503542826	0.00022703488435604023	0.00022333287760176263	0.00021627077926325206
"AGCAGCCGTC--GGGAGGAGTC"	"AGCAGCCGTCTCGGGAGGAGTC"	0.000217459323414651	0.00022066261414556597	0.00023651317857498143	0.00020882501620598967
"AGCAGCCGTCGGGAGGAGTC"	"AGCAG--------------C"	0.0001532723746662255	0.0002139262142087789	0.00019059133629527471	0.0001870604780386073
"AGCAGCCGTCGGGAGGAGTC"	"AGCAGCCGTCGGGAGGAGAC"	0.00017419466916976834	0.00016349424711445398	0.00019435713657333723	0.0001811038675927974
"AGCAGCCGTC-GGGAGGAGTC"	"AGCAGCCGTCAGGGAGGTGTC"	0.00016501158063201424	0.00015138693371455288	0.0002133953490902088	0.00017789646196813053
"AGCAGCCGTCGGGAGGAGTC"	"AGC--------GGAGGAGTC"	0.00019275018827698279	0.0002046409061878021	0.0001836873691188268	0.0001762927591557971
"AGCAGCCGTCGGGAGGAGTC"	"AGCA---------AGGAGTC"	0.00017286927494782444	0.00018898332795635103	0.0001725991794111983	0.0001699924981073443
"AGCAGCCGTC-GGGAGGAGTC"	"AGCAGCCGTCAGGGAGGAGCC"	0.00014683474558821233	0.00014528776079881324	0.00016831035131673823	0.00015280996797520033
"AGCAGCCGTCGGGAGGAGTC"	"AGCAG---------GGAGTC"	0.00012666981921149458	0.00016285702009340657	0.0001393346102883128	0.00015017531335493827
"AGCAGCCGTCGGGAGGAGTC"	"AGCAGC-----GGAGGAGTC"	0.00012903659460782296	0.00014155543110410686	0.00013881158247191523	0.00013654383945010406
"AGCAGCCGTC-GGGAGGAGTC"	"GGCAGCCGTCAGGGAGGAGTC"	0.000123451004672488	0.0001276274690726417	0.00013567341557352983	0.00012634887157169863
"AGCAGCCGTCGGGAGGAGTC"	"A-----------GAGGAGTC"	0.0001296992917187949	0.00011124163138856502	0.00011433388066450893	0.00012222506433998408
"AGCAGCCGTCGGGAGGAGTC"	"AGCAGCC--------GAGTC"	0.00011852811184812497	0.00012453236639898278	0.00010941741919037177	0.00014857161054260482
"AGCAGCCGTCGGGAGGAGTC"	"AGCAGCCGTC------AGTC"	0.00012203093943469096	0.0001400989121988556	0.00013745171014928155	0.00011901765871531721
"AGCAGCCGTC-GGGAGGAGTC"	"AGCAGCCGTCAGGGAGTAGTC"	0.00011502528426155897	0.0001324521879462865	0.00012542207037213743	0.00011878855831355529
"AGCAGCCGTCGGGAGGAGTC"	"AGCAGCCGTC--------TC"	0.00011729738864203422	0.00013336251226206853	0.0001304431374095541	0.00011695575509945994
"AGCAGCCGTC-GGGAGGAGTC"	"AGCAGCCGTCAGGGAGGAATC"	0.00012524975397369754	0.00012362204208320074	0.00012793260389084576	0.0001153520522871265
"AGCAGCCGTCGGGAGGAGTC"	"AGC-------------AGTC"	0.00013670494689192687	0.00011888835564113413	0.00011799507537929193	0.00011523750208624554
"AGCAGCCGTC-GGGAGGAGTC"	"AGCAGACGTCAGGGAGGAGTC"	0.00010508482759697981	0.00011843319348324311	0.00011517072517074505	0.00010584438561400683
"AGCAGCCGTCGGGAGGAGTC"	"AGCAGCCGCAGGGAGGAGTC"	8.463588817270265e-05	0.00010168322607285362	0.00010230424088736481	0.00010733353822545932
"AGCAGCCGTCGGGAGGAGTC"	"AGCAGCCGT-AGGAGGAGTC"	9.760581734458214e-05	0.00010341284227283949	9.55048792741964e-05	0.00010229332938669708
"AGCAGCCGTCGGGAGGAGTC"	"AGCAGCCG-----------C"	9.675377820190393e-05	0.00011597531783063162	9.288974019220854e-05	0.00011466475108184074
"AGCAGCCGTC-GGGAGGAGTC"	"AGCAGCCGTCAGGGAGGGGTC"	9.47656868689881e-05	9.740470178867804e-05	0.00011600756967698115	9.851317275762541e-05
"AGCAGCCGTC-GGGAGGAGTC"	"AGCAGCCGTCAGGGAGGCGTC"	8.832805779097491e-05	9.303514507292426e-05	0.00010858057468413565	9.839862255674445e-05
"AGCAGCCGTCGGGAGGAGTC"	"AGCAGCCG---------GTC"	9.410298975801615e-05	0.00010213838823074463	8.975157329382311e-05	0.00010343883139550667
"AGCAGCCGTCGGGAGGAGTC"	"-------------AGGAGTC"	8.018635042760532e-05	0.00010204735579916644	9.895686286242036e-05	0.00010744808842634027
"AGCAGCCGTCGGGAGGAGTC"	"AGCAGCCGTCGGGAGGGGTC"	8.103838957028352e-05	8.902971808348329e-05	0.00010910360250053323	9.633671894088718e-05
"AGCAGCCGTC-GGGAGGAGTC"	"AGCAGCCGTCAGGGAGGATTC"	9.173621436168777e-05	9.831502610446007e-05	9.885225729914084e-05	9.610761853912525e-05
"AGCAGCCGTCGGGAGGAGTC"	"AGCAGCCGTCGTGAGGAGTC"	9.864719851896663e-05	0.00010459626388335614	9.466803476796028e-05	9.461846592767278e-05
"AGCAGCCGTCGGGAGGAGTC"	"AGCAGCCGAAGGGAGGAGTC"	9.91205535982323e-05	0.00010750930169385866	0.00011130031932940303	9.358751411974414e-05
"AGCAGCCGTC--GGGAGGAGTC"	"AGCAGCCGTCTGGGGAGGAGTC"	0.00010735693197745504	0.00010350387470441769	9.885225729914084e-05	8.419439764750543e-05
"AGCAGCCGTC-GGGAGGAGTC"	"AGCAGCCGGCAGGGAGGAGTC"	8.681332153732476e-05	9.603921531500498e-05	9.142526230629534e-05	8.396529724574351e-05
"AGCAGCCGTC-GGGAGGAGTC"	"AGCAGCCGTCAGGGAGGAGTT"	8.539325629952773e-05	9.321720993608067e-05	9.759699053978667e-05	8.327799604045775e-05
"AGCAGCCGTC-GGGAGGAGTC"	"AGCAGCCGTCAGGGCGGAGTC"	8.198509972881487e-05	8.748216674665382e-05	9.309895131876757e-05	8.281979523693392e-05
"AGCAGCCGTCGGGAGGAGTC"	"AGCAGCCGTCGGGAGGATTC"	8.406786207758385e-05	8.074576680986676e-05	8.870551766102797e-05	8.224704423252911e-05
"AGCAGCCGTCGGGAGGAGTC"	"AGCAGCCGT--------GTC"	7.980766636419276e-05	8.393190191510389e-05	8.870551766102797e-05	8.190339362988623e-05
"AGCAGCCGTC-GGGAGGAGTC"	"CGCAGCCGTCAGGGAGGAGTC"	7.564214166665484e-05	7.510175605201812e-05	8.326602837049324e-05	7.858143780433841e-05
"AGCAGCCGTC-GGGAGGAGTC"	"AGCAGTCGTCAGGGAGGAGTC"	7.971299534833964e-05	9.030417212557815e-05	8.629958970559915e-05	7.766503619729073e-05
"AGCAGCCGTC-GGGAGGAGTC"	"AGCAGCTGTCAGGGAGGAGTC"	7.535812861909543e-05	8.902971808348329e-05	8.211536717441858e-05	7.720683539376689e-05
"AGCAGCCGTC-GGGAGGAGTC"	"AGCAGCCGTCAGTGAGGAGTC"	7.602082573006738e-05	7.938028033619369e-05	7.678048344716336e-05	7.354122896557617e-05
"AGCAGCCGTCGGGAGGAGTC"	"AGCAGCCGTCGGGAGGAGTA"	6.920451258864165e-05	7.583001550464375e-05	7.688508901044288e-05	7.285392776029042e-05
"AGCAGCCGTC-GGGAGGAGTC"	"AGCAGCCGTCAGGGATGAGTC"	6.920451258864165e-05	7.537485334675273e-05	7.887259471275365e-05	7.170842575148082e-05
"AGCAGCCGTCGGGAGGAGTC"	"AGC---------GAGGAGTC"	6.589102703378193e-05	6.918464799943487e-05	7.793114464323802e-05	7.056292374267122e-05
"AGCAGCCGTC-GGGAGGAGTC"	"AGCAGCCTTCAGGGAGGAGTC"	6.920451258864165e-05	7.391833444150146e-05	7.709430013700191e-05	6.930287153298067e-05
"AGCAGCCGTC-GGGAGGAGTC"	"AGCAGCAGTCAGGGAGGAGTC"	6.570168500207566e-05	6.827432368365283e-05	7.175941640974669e-05	6.884467072945682e-05
"AGCAGCCGTC-GGGAGGAGTC"	"AGCAGGCGTCAGGGAGGAGTC"	6.503898789110372e-05	7.191562094678098e-05	6.80982216949637e-05	6.884467072945682e-05
"AGCAGCCGTCGGGAGGAGTC"	"AGCAGCCGT------GAGTC"	7.185530103252944e-05	8.43870640729949e-05	6.21357045880314e-05	8.946370688802958e-05
"AGCAGCCGTC-----GGGAGGAGTC"	"AGCAGCCGTCTTCCAGGGAGGAGTC"	5.5855899353349625e-05	7.601208036780016e-05	6.182188789819284e-05	7.640498398760016e-05
"AGCAGCCGTC-GGGAGGAGTC"	"AGCAGCGGTCAGGGAGGAGTC"	5.8317345765531133e-05	6.24482480626478e-05	6.129886008179528e-05	6.506451410038515e-05
"AGCAGCCGTCGGGAGGAGTC"	"AGCAGCC-----------TC"	5.3773137004580656e-05	6.772812909418361e-05	5.8474509873248395e-05	7.09065743453141e-05
"AGCAGCCGTC-GGGAGGAGTC"	"AGCAGCCGTCAGGGAGCAGTC"	6.106280522527205e-05	6.827432368365283e-05	6.757519387856612e-05	6.368991168981363e-05
"AGCAGCCGTC-GGGAGGAGTC"	"TGCAGCCGTCAGGGAGGAGTC"	6.920451258864165e-05	7.592104793622195e-05	7.311928873238037e-05	6.265895988188499e-05
"AGCAGCCGTCGGGAGGAGTC"	"-----------GGAGGAGTC"	5.074366449728034e-05	5.0431967094324895e-05	6.652913824577098e-05	6.57518153056709e-05
"AGCAGCCGTCGGGAGGAGTC"	"AGCAGCC------------C"	6.238819944721594e-05	6.736399936787079e-05	5.8265298746689366e-05	6.139890767219444e-05
"AGCAGCCGTCGGGAGGAGTC"	"AGCA-----------GAGTC"	7.0151222747173e-05	6.372270210474264e-05	5.868372099980742e-05	6.0367955864265804e-05
"AGCAGCCGTC-GGGAGGAGTC"	"ATCAGCCGTCAGGGAGGAGTC"	6.068412116185951e-05	6.709090207313618e-05	6.119425451851576e-05	5.899335345369429e-05
"AGCAGCCGTC-GGGAGGAGTC"	"AGCAGCCGCCAGGGAGGAGTC"	5.3583794972874386e-05	6.381373453632085e-05	5.8579115436527907e-05	5.8420602449289484e-05
"AGCAGCCGTCGGGAGGAGTC"	"A------------AGGAGTC"	6.60803690654882e-05	7.391833444150146e-05	6.862124951136126e-05	5.8191502047527566e-05
"AGCAGCCGTC---GGGAGGAGTC"	"AGCAGCCGTCGAAGGGAGGAGTC"	4.790353402168629e-05	5.7714561620581194e-05	5.7742270930291796e-05	5.464044582021781e-05
"AGCAGCCGTCGGGAGGAGTC"	"AGCAGCCGTCGGGAGGAGTT"	5.282642684604931e-05	6.126482645213114e-05	5.2407387203036576e-05	5.38385944140511e-05
"AGCAGCCGTCGGGAGGAGTC"	"AGCAGCC---GGGAGGAGGC"	4.326465424488267e-05	4.524311849436728e-05	5.104751488040289e-05	5.189124099907478e-05
"AGCAGCCGTC---GGGAGGAGTC"	"AGCAGCCGTCTCAGGGAGGAGTC"	4.5631429641211054e-05	6.117379402055294e-05	5.3453442835831716e-05	5.131848999466998e-05
"AGCAGCCGTCGGGAGGAGTC"	"AGCAGCCAA-GGGAGGAGTC"	6.873115750937597e-05	4.5152086062789074e-05	5.8788326563086936e-05	5.086028919114614e-05
"AGCAGCCGTC---GGGAGGAGTC"	"AGCAGCCGTCTAAGGGAGGAGTC"	5.4341163099699464e-05	6.590748046261954e-05	5.659160973421714e-05	5.017298798586038e-05
"AGCAGCCGTC-GGGAGGAGTC"	"AGCGGCCGTCAGGGAGGAGTC"	5.216372973507736e-05	5.0067837368012075e-05	5.2616598329595605e-05	4.9371136579693666e-05
"AGCAGCCGTCGGGAGGAGTC"	"AGCAGCCGTC-TGAGGAGTC"	4.449537745097343e-05	4.460589147331985e-05	4.8327770235135526e-05	4.788198396824119e-05
"AGCAGCCGTCGGGAGGAGTC"	"AGCAGCCGTCGGGTGGAGTC"	3.9572484626610414e-05	4.35135022943814e-05	5.460410403190637e-05	4.8111084370003104e-05
"AGCAGCCGTCGGGAGGAGTC"	"AGCAGCCG--AGGAGGAGTC"	4.023518173758236e-05	5.2343648157467175e-05	4.9373825867930666e-05	4.7767433767360225e-05
"AGCAGCCGTC-GGGAGGAGTC"	"AGTAGCCGTCAGGGAGGAGTC"	5.1027677544839743e-05	5.7259399462690175e-05	5.177975382335949e-05	4.765288356647927e-05
"AGCAGCCGTCGGGAGGAGTC"	"AGCAGCCGTC-AGAGGAGTC"	4.118189189611371e-05	4.524311849436728e-05	4.59218422797067e-05	4.719468276295543e-05
"AGCAGCCGTCGGGAGGAGTC"	"AGC-----------GGAGTC"	4.761952097412688e-05	5.434636165218765e-05	4.194683087508516e-05	5.7046000038717966e-05
"AGCAGCCGTC-GGGAGGAGTC"	"AGCAGCCGACAGGGAGGAGTC"	4.799820503753943e-05	4.952164277854286e-05	5.0106064810887266e-05	4.5590979950621994e-05
"AGCAGCCGTCGGGAGGAGTC"	"AGCAGCCGGCGGGAGGAGTC"	4.231794408635133e-05	5.252571302062358e-05	4.801395354529698e-05	4.490367874533623e-05
"AGCAGCCGTC---GGGAGGAGTC"	"AGCAGCCGTCGCAGGGAGGAGTC"	4.724083691071434e-05	4.123769150492631e-05	4.822316467185601e-05	4.4445477941812394e-05
"AGCAGCCGTCGGGAGGAGTC"	"AGCAGCCGTCAGGAGGAGTC"	4.8566231132658235e-05	5.516565353639149e-05	4.110998636884905e-05	4.3758176736526635e-05
"AGCAGCCGTC-GGGAGGAGTC"	"AGCAGCCATCAGGGAGGAGTC"	4.156057595952625e-05	4.1055626641769906e-05	4.9060009178092125e-05	4.352907633476471e-05
"AGCAGCCGTCGGGAGGAGTC"	"AGCAGCCGTGGGGAGGAGTC"	4.610478472047673e-05	5.1706421136419746e-05	3.975011404621537e-05	5.2578542204360535e-05
"AGCAGCCGTCGGGAGGAGTC"	"AGCAGCCGT-------AGTC"	4.2696628149763865e-05	3.522955102076486e-05	4.1214591932128566e-05	4.318542573212183e-05
"AGCAGCCGTC---GGGAGGAGTC"	"AGCAGCCGTCAAAGGGAGGAGTC"	5.1690374655811686e-05	4.924854548380824e-05	4.675868678594281e-05	4.318542573212183e-05
"AGCAGCCGTC-GGGAGGAGTC"	"AGCCGCCGTCAGGGAGGAGTC"	3.9383142594904145e-05	4.0873561778613496e-05	5.209357051319803e-05	4.318542573212183e-05
"AGCAGCCGTCGGGAGGAGTC"	"AGCAGCCGTCGGGAGGAGCC"	4.193926002293879e-05	4.251214554702116e-05	4.66540812226633e-05	4.203992372331224e-05
"AGCAGCCGTCGGGAGGAGTC"	"AGCAG------------GTC"	4.08978788485543e-05	3.295374023130977e-05	3.755339721734557e-05	4.1810823321550315e-05
"AGCAGCCGTC-GGGAGGAGTC"	"AGCAGCCGTCAGGAAGGAGTC"	4.2791299165617e-05	4.8247188736448e-05	4.3515914324277876e-05	4.10089719153836e-05
"AGCAGCCGTCGGGAGGAGTC"	"AGCAGCCGTTGGGAGGAGTC"	3.9761826658316684e-05	4.1510788799660925e-05	5.3139626145993175e-05	4.066532131274072e-05
"AGCAGCCGTC--GGGAGGAGTC"	"AGCAGCCGTCATGGGAGGAGTC"	3.8720445483932196e-05	4.223904825228655e-05	3.7030369400948e-05	4.3414526133883756e-05
"AGCAGCCGTCGGGAGGAGTC"	"----------------AGTC"	3.644834110345696e-05	4.9612675210121056e-05	4.9060009178092125e-05	3.974891970569304e-05
"AGCAGCCGTC-GGGAGGAGTC"	"AGCATCCGTCAGGGAGGAGTC"	3.9761826658316684e-05	4.1055626641769906e-05	4.341130876099836e-05	3.974891970569304e-05
"AGCAGCCGTC----GGGAGGAGTC"	"AGCAGCCGTCTCCAGGGAGGAGTC"	4.193926002293879e-05	4.9612675210121056e-05	4.257446425476225e-05	3.9290718902169204e-05
"AGCAGCCGTC-GGGAGGAGTC"	"AGCAGCCGTCAGGGAAGAGTC"	3.966715564246355e-05	4.078252934703529e-05	3.661194714782994e-05	3.87179678977644e-05
"AGCAGCCGTCGGGAGGAGTC"	"AGCAGCCGT---------TC"	4.383268034000149e-05	4.160182123123912e-05	4.309749207115982e-05	3.8603417696883445e-05
"AGCAGCCGTCGGGAGGAGTC"	"AGCA---------------C"	3.171479031080021e-05	3.313580509446617e-05	4.309749207115982e-05	4.089442171450264e-05
"AGCAGCCGTCGGGAGGAGTC"	"AGCAGCCG--GGGAGGAGGC"	3.0484067104709455e-05	3.249857807341875e-05	3.546128595175529e-05	3.516691167045465e-05
"AGCAGCCGTC--GGGAGGAGTC"	"AGCAGCCGTCTTGGGAGGAGTC"	3.5596301960778745e-05	3.741432937864175e-05	3.797181947046363e-05	3.493781126869273e-05
"AGCAGCCGTCGGGAGGAGTC"	"AGCAGC------GAGGAGTC"	5.282642684604931e-05	4.369556715753781e-05	4.59218422797067e-05	3.482326106781177e-05
"AGCAGCCGTCGGGAGGAGTC"	"AGCAGCCGTCGGGAGGAGTG"	3.550163094492561e-05	3.85067185575802e-05	3.493825813535772e-05	3.482326106781177e-05
"AGCAGCCGTCGGGAGGAGTC"	"AGCAGCCGTCGGGAGGCGTC"	2.9442685930324974e-05	3.085999430501108e-05	3.514746926191675e-05	3.470871086693081e-05
"AGCAGCCGTCGGGAGGAGTC"	"GGCAGCCGTCGGGAGGAGTC"	3.5785643992485014e-05	3.477438886287384e-05	4.037774742589245e-05	3.470871086693081e-05
"AGCAGCCGTCGGGAGGAGTC"	"AGCAGC-------AGGAGTC"	4.023518173758236e-05	3.832465369442379e-05	3.859945285014071e-05	3.459416066604985e-05
"AGCAGCCGTC-GGGAGGAGTC"	"AGCAGCCGTCAGGGAGGACTC"	3.11467642156814e-05	3.313580509446617e-05	3.671655271110946e-05	3.356320885812121e-05
"AGCAGCCGTCGGGAGGAGTC"	"AGCA--------------TC"	3.5596301960778745e-05	3.167928618921492e-05	3.232311905336986e-05	3.2646807251073535e-05
"AGCAGCCGTCGGGAGGAGTC"	"AG------------GGAGTC"	2.859064678764676e-05	3.586677804181229e-05	3.619352489471189e-05	3.10431044387401e-05
"AGCAGCCGTC-GGGAGGAGTC"	"AGCAGCCGTGAGGGAGGAGTC"	2.5277161232787035e-05	2.940347539975982e-05	6.067122670211819e-05	5.8191502047527566e-05
"AGCAGCCGTC-GGGAGGAGTC"	"AACAGCCGTCAGGGAGGAGTC"	3.550163094492561e-05	3.359096725235719e-05	3.9959325172774396e-05	3.024125303257338e-05
"AGCAGCCGTCGGGAGGAGTC"	"AGCAGCCGTCGGGCGGAGTC"	2.745459459740914e-05	3.0040702420807246e-05	2.9498768844822983e-05	3.024125303257338e-05
"AGCAGCCGTCGGGAGGAGTC"	"AGCAGCCGT--AGAGGAGTC"	3.294551351689097e-05	3.495645372603025e-05	3.514746926191675e-05	3.0012152630811463e-05
"AGCAGCCGTCGGGAGGAGTC"	"AGCAGCCGTC-GGAGGAGGC"	2.4709135137668224e-05	2.558011327347526e-05	2.970797997138201e-05	3.058490363521626e-05
"AGCAGCCGTC-GGGAGGAGTC"	"AGCAGCCGTCAGCGAGGAGTC"	3.427090773883485e-05	3.37730321155136e-05	3.044021891433861e-05	2.98976024299305e-05
"AGCAGCCGTCGGGAGGAGTC"	"AGCAGCCGTCTGGAGGAGTC"	3.68270251668695e-05	3.2407545641840545e-05	2.7197446452673673e-05	4.10089719153836e-05
"AGCAGCCGTC-GGGAGGAGTC"	"AGCTGCCGTCAGGGAGGAGTC"	2.7738607644968543e-05	2.7400761905039336e-05	3.023100778777958e-05	2.9668502028168583e-05
"AGCAGCCGTCGGGAGGAGTC"	"AGCAGC--------GGAGTC"	4.1655246975379384e-05	2.3304302484020168e-05	2.845271321202784e-05	3.8488867496002483e-05
"AGCAGCCGTCGGGAGGAGTC"	"AGCAGCCG--GGGAGGAGAC"	2.6223871391318385e-05	2.5944242999788078e-05	2.7197446452673673e-05	2.8179349416716104e-05
"AGCAGCCGTC-GGGAGGAGTC"	"AGCAGCCGTCAGGGTGGAGTC"	2.51824902169339e-05	2.7036632178726522e-05	3.054482447761812e-05	2.691929720702555e-05
"AGCAGCCGTCGGGAGGAGTC"	"AGCAAA----GGGAGGAGTC"	3.067340913641573e-05	3.468335643129564e-05	3.577510264159383e-05	2.657564660438267e-05
"AGCAGCCGTCGGGAGGAGTC"	"AGCA------GGGAGGAGGC"	2.4519793105961954e-05	2.676353488399191e-05	2.9289557718263953e-05	2.634654620262075e-05
"AGCAGCCGTC-GGGAGGAGTC"	"AGAAGCCGTCAGGGAGGAGTC"	2.7170581549849732e-05	3.359096725235719e-05	3.221851349009035e-05	2.600289559997787e-05
"AGCAGCCGTCGGGAGGAGTC"	"AGCAGACGTCGGGAGGAGTC"	2.92533438986187e-05	3.0677929441854675e-05	3.0335613351059094e-05	2.508649399293019e-05
"AGCAGCCGTC-GGGAGGAGTC"	"AGCAGCCGTCAGGGACGAGTC"	2.51824902169339e-05	2.476082138927143e-05	2.3640857301170193e-05	2.508649399293019e-05
"AGCAGCCGTC-GGGAGGAGTC"	"AGCAGCCGTCATGTAGGAGTC"	3.0294725073003186e-05	3.12241240313239e-05	2.8348107648748328e-05	2.4628293189406352e-05
"AGCAGCCGTCGGGAGGAGTC"	"AGCAGCCGTC--TAGGAGTC"	2.764393662911541e-05	2.8037988926086765e-05	2.4059279554288248e-05	2.4513742988525393e-05
"AGCAGCCGTC-GGGAGGAGTC"	"AGCAGCCGTCAAGGAGGAGTC"	3.266150046933156e-05	3.668606992601612e-05	2.2385590541816023e-05	2.6804747006144587e-05
"AGCAGCCGTCGGGAGGAGTC"	"AGCAGCC---------AGTC"	2.4898477169374493e-05	1.9389907926157403e-05	2.4477701807406304e-05	3.0355803233454342e-05
"AGCAGCCGTC-GGGAGGAGTC"	"AGCAGCCGTCAGGCAGGAGTC"	2.7549265613262274e-05	2.7309729473461134e-05	2.3536251737890678e-05	2.4284642586763473e-05
"AGCAGCCGTCGGGAGGAGTC"	"AGCAGCCGT-GGGAGGAGGC"	2.5466503264493304e-05	1.9207843063000996e-05	2.970797997138201e-05	2.8064799215835145e-05
"AGCAGCCGTCGGGAGGAGTC"	"AGCAGCCGTC---TGGAGTC"	3.531228891321934e-05	2.7582826768195746e-05	2.4686912933965333e-05	2.3940991984120593e-05
"AGCAGCCGTCGGGAGGAGTC"	"AGCAGCCGT-GGGAGGAGAC"	1.9691571297452073e-05	2.0027134947204832e-05	2.5000729623803874e-05	2.4055542185001552e-05
"AGCAGCCGTC-----GGGAGGAGTC"	"AGCAGCCGTCTAAAAGGGAGGAGTC"	2.764393662911541e-05	2.102849169456507e-05	2.154874603557991e-05	2.543014459557307e-05
"AGCAGCCGTCGGGAGGAGTC"	"AGCAGCCGCCGGGAGGAGTC"	1.9407558249892665e-05	2.3759464641911186e-05	2.1444140472300394e-05	2.600289559997787e-05
"AGCAGCCGTC-GGGAGGAGTC"	"AGCAGCCGTCAGAGAGGAGTC"	4.156057595952625e-05	4.56982806522583e-05	4.66540812226633e-05	2.3253690778834835e-05
"AGCAGCCGTCGGGAGGAGTC"	"AGCAGCCGTCGGGAGGTGTC"	2.215301770963358e-05	2.1847783578768907e-05	2.4791518497244848e-05	2.3253690778834835e-05
"AGCAGCCGTC-GGGAGGAGTC"	"AGCAGCCCTCAGGGAGGAGTC"	2.044893942427715e-05	2.221191330508172e-05	2.1234929345741368e-05	2.2910040176191956e-05
"AGCAGCCGTCGGGAGGAGTC"	"AGCAGCCGACGGGAGGAGTC"	2.1679662630367907e-05	2.6854567315570115e-05	2.0921112655902824e-05	2.8064799215835145e-05
"AGCAGCCGTCGGGAGGAGTC"	"AGCAGCCGTC-GGAGGAGAC"	2.499314818522763e-05	2.5033918684006037e-05	3.180009123697229e-05	2.2680939774430035e-05
"AGCAGCCGTCGGGAGGAGTC"	"AGCAGCCGTCGGGAGTAGTC"	2.0827623487689692e-05	2.476082138927143e-05	2.0711901529343794e-05	2.600289559997787e-05
"AGCAGCCGTC-GGGAGGAGTC"	"AGCAGCCGTTAGGGAGGAGTC"	7.905029823736769e-05	8.229331814669621e-05	8.420747844000887e-05	2.2566389573549076e-05
"AGCAGCCGTCGGGAGGAGTC"	"AGCAGCTGTCGGGAGGAGTC"	2.2437030757192985e-05	2.1574686284034295e-05	2.5732968566760473e-05	2.2566389573549076e-05
"AGCAGCCGTCGGGAGGAGTC"	"A--------------GAGTC"	3.417623672298172e-05	3.0040702420807246e-05	2.050269040278477e-05	3.253225705019257e-05
"AGCAGCCGTCGGGAGGAGTC"	"AGCAGTCGTCGGGAGGAGTC"	2.120630755110223e-05	2.4214626799802205e-05	2.4163885117567763e-05	2.2222738970906197e-05
"AGCAGCCGTCGGGAGGAGTC"	"AGCAGCC---AGGAGGAGTC"	2.461446412181509e-05	3.1133091599745694e-05	2.9289557718263953e-05	2.1420887564739476e-05
"AGCAGCCGTCGGGAGGAGTC"	"AGCAGCCGTCGGGGGGAGTC"	2.5087819201080766e-05	2.6126307862944485e-05	3.420601919240112e-05	2.119178716297756e-05
"AGCAGCCGTC---GGGAGGAGTC"	"AGCAGCCGTCTGAGGGAGGAGTC"	2.423578005840255e-05	2.312223762086376e-05	2.0711901529343794e-05	2.119178716297756e-05
"AGCAGCCGTC-GGGAGGAGTC"	"AGCAACCGTCAGGGAGGAGTC"	2.1300978566955365e-05	2.1847783578768907e-05	2.0607295966064283e-05	2.1077236962096597e-05
"AGCAGCCGTCGGGAGGAGTC"	"AGCAGCCGTCGGTAGGAGTC"	2.2058346693780446e-05	2.1483653852456093e-05	2.133953490902088e-05	2.0962686761215638e-05
"AGCAGCCGTC----GGGAGGAGTC"	"AGCAGCCGTCTAAAGGGAGGAGTC"	2.4709135137668224e-05	2.6581470020835504e-05	1.9142818080151084e-05	2.1993638569144276e-05
"AGCAGCCGTC-GGGAGGAGTC"	"AGCAGCGGTCAGGTAGGAGTC"	2.1490320598661635e-05	2.3031205189285556e-05	2.1444140472300394e-05	2.0962686761215638e-05
"AGCAGCCGTC-GGGAGGAGTC"	"AGCAGCCGTCAGGTAGGAGAC"	2.3005056852311796e-05	2.0027134947204832e-05	2.029347927622574e-05	2.061903615857276e-05
"AGCAGCCGTC----GGGAGGAGTC"	"AGCAGCCGTCTGCAGGGAGGAGTC"	2.2058346693780446e-05	2.020919981036124e-05	1.872439582703303e-05	2.1649987966501397e-05
"AGCAGCCGTCGGGAGGAGTC"	"AGCAGCAA--GGGAGGAGTC"	3.417623672298172e-05	2.5489080841897056e-05	2.311782948477262e-05	2.016083535504892e-05
"AGCAGCCGTCGGGAGGAGTC"	"AGCAGCCGTAGGGAGGAGGC"	1.6662098790151753e-05	1.9389907926157403e-05	2.2280984978536508e-05	2.1649987966501397e-05
"AGCAGCCGTCGGGAGGAGTC"	"CGCAGCCGTCGGGAGGAGTC"	2.0638281455983423e-05	2.048229710509585e-05	2.008426814966671e-05	1.9931734953287e-05
"AGCAGCCGTC---GGGAGGAGTC"	"AGCAGCCGTCACAGGGAGGAGTC"	2.101696551939596e-05	1.5748610663029254e-05	2.688362976283513e-05	1.8900783145358362e-05
"AGCAGCCGTC-GGGAGGAGTC"	"AGCAGCCGTCAGGGAGAAGAC"	1.6567427774298618e-05	1.492931877882542e-05	1.9142818080151084e-05	2.2108188770025235e-05
"AGCAGCCGTC-GGGAGGAGTC"	"AGCAGCAGTCAGGTAGGAGTC"	2.0543610440130288e-05	2.266707546297274e-05	2.1234929345741368e-05	1.8671682743596442e-05
"AGCAGCCGTCGGGAGGAGTC"	"AGCAGGCGTCGGGAGGAGTC"	1.73247959011237e-05	1.829751874721896e-05	1.77829457575174e-05	1.8671682743596442e-05
"AGCAGCCGTCGGGAGGAGTC"	"------------GAGGAGTC"	1.5336704568207864e-05	1.9663005220892015e-05	2.2699407231654564e-05	2.2451839372668114e-05
"AGCAGCCGTCGGGAGGAGTC"	"AGCAGCAGTCGGGAGGAGTC"	1.6851440821858022e-05	1.6567902547233086e-05	2.280401279493408e-05	1.8557132542715483e-05
"AGCAGCCGTCGGGAGGAGTC"	"AGCAGAA---GGGAGGAGTC"	1.5147362536501593e-05	2.221191330508172e-05	1.6632284561442744e-05	2.016083535504892e-05
"AGCAGCCGTC-GGGAGGAGTC"	"AGCAGCCGTCAGGGGGGAGAC"	1.8934203170626992e-05	1.4474156620934401e-05	2.207177385197748e-05	2.1306337363858518e-05
"AGCAGCCGTC---GGGAGGAGTC"	"AGCAGCCGTCGGAGGGAGGAGTC"	1.7608808948683103e-05	1.4474156620934401e-05	2.0607295966064283e-05	2.061903615857276e-05
"AGCAGCCGTCGGGAGGAGTC"	"AGCAGCCGTC-------TTC"	2.234235974133985e-05	1.7023064705124108e-05	1.7050706814560803e-05	1.8098931739191645e-05
"AGCAGCCGTC--GGGAGGAGTC"	"AGCAGCCGTCGTGGGAGGAGTC"	2.6981239518143463e-05	2.940347539975982e-05	3.274154130648792e-05	1.7869831337429724e-05
"AGCAGCCGTCGGGAGGAGTC"	"AGCAGCCGT-TGGAGGAGTC"	1.4674007457235918e-05	1.4201059326199789e-05	1.621386230832469e-05	1.7755281136548766e-05
"AGCAGCCGTCGGGAGGAGTC"	"AGC----------------C"	1.817683504380191e-05	1.4656221484090808e-05	1.6109256745045174e-05	2.474284339028731e-05
"AGCAGCCGTC-GGGAGGAGTC"	"AGGAGCCGTCAGGGAGGAGTC"	1.5999401679179807e-05	1.6203772820920272e-05	1.956124033326914e-05	1.7526180734786845e-05
"AGCAGCCGTCGGGAGGAGTC"	"AGCA------AGGAGGAGTC"	1.7798150980389372e-05	1.4474156620934401e-05	1.5900045618486145e-05	2.4170092385882514e-05
"AGCAGCCGTCGGGAGGAGTC"	"AGCAGCC----GGAGGAGGC"	1.5336704568207864e-05	1.492931877882542e-05	1.8829001390312543e-05	1.7411630533905886e-05
"AGCAGCCGTC-GGGAGGAGTC"	"AGCAGCCGTCAGGTGGGAGTC"	1.4200652377970245e-05	1.4747253915669011e-05	1.7887551320796914e-05	1.8671682743596442e-05
"AGCAGCCGTC-GGGAGGAGTC"	"AGCAGCTGTCAGGTAGGAGTC"	1.6851440821858022e-05	1.8843713336688183e-05	1.9142818080151084e-05	1.7182530132143966e-05
"AGCAGCCGTCGGGAGGAGTC"	"AGCAGCCTTCGGGAGGAGTC"	1.5999401679179807e-05	1.4474156620934401e-05	1.548162336536809e-05	1.7067979931263007e-05
"AGCAGCCGTCGGGAGGAGTC"	"TGCAGCCGTCGGGAGGAGTC"	1.7703479964536238e-05	1.711409713670231e-05	1.8829001390312543e-05	1.6838879529501086e-05
"AGCAGCCGTC-GGGAGGAGTC"	"AGCAGCCGTCCGGGAGGAGAC"	1.7798150980389372e-05	1.3108670147261343e-05	2.1757957162138938e-05	1.8671682743596442e-05
"AGCAGCCGTCGGGAGGAGTC"	"AGCAGCCGTCGGGATGAGTC"	1.3821968314557704e-05	1.374589716830877e-05	1.4121751042734406e-05	1.7526180734786845e-05
"AGCAGCCGTCGGGAGGAGTC"	"AGCAGCCGTC------TGTC"	1.4768678473089054e-05	1.2198345831479306e-05	1.4644778859131977e-05	1.6266128525096286e-05
"AGCAGCCGTC--GGGAGGAGTC"	"AGCAGCCGTCAAGGGAGGAGAC"	1.609407269503294e-05	1.5566545799872847e-05	1.8933606953592054e-05	1.534972691804861e-05
"AGCAGCCGTCGGGAGGAGTC"	"AGCAGCCGT-GGGAGGGGTC"	1.315927120358576e-05	1.301763771568314e-05	1.7573734630958373e-05	1.523517671716765e-05
"AGCAGCCGTCGGGAGGAGTC"	"A-----------------TC"	1.2401903076760679e-05	2.0300232241939444e-05	1.9142818080151084e-05	2.1535437765620438e-05
"AGCAGCCGTCGGGAGGAGTC"	"AGCAGCCGTCGGGAGAAGTC"	1.2401903076760679e-05	1.738719443143692e-05	1.4853989985691004e-05	1.6838879529501086e-05
"AGCAGCCGTCGGGAGGAGTC"	"AGCAGCGGTCGGGAGGAGTC"	1.5715388631620403e-05	1.6567902547233086e-05	1.6318467871604204e-05	1.5006076315405731e-05
"AGCAGCCGTC--GGGAGGAGTC"	"AGCAGCCGTCAAGGGAGGAGGC"	1.259124510846695e-05	1.2653507989370325e-05	1.4644778859131977e-05	1.477697591364381e-05
"AGCAGCCGTC--GGGAGGAGTC"	"AGCAGCCGTCAGGGGAGGAGTC"	1.3443284251145164e-05	1.6294805252498477e-05	1.3284906536498294e-05	1.7411630533905886e-05
"AGCAGCCGTCGGGAGGAGTC"	"AGC--------------GTC"	1.16445349499356e-05	1.8115453884062552e-05	1.872439582703303e-05	3.883251809864536e-05
"AGCAGCCGTCGGGAGGAGTC"	"AGCAGCCGTC-GGAGGGGTC"	1.3916639330410839e-05	1.4656221484090808e-05	1.621386230832469e-05	1.4089674708358052e-05
"AGCAGCCGTCGGGAGGAGTC"	"AGTAGCCGTCGGGAGGAGTC"	1.3253942219438895e-05	1.6567902547233086e-05	1.569083449192712e-05	1.3975124507477093e-05
"AGCAGCCGTC-GGGAGGAGTC"	"ACCAGCCGTCAGGGAGGAGTC"	1.2307232060907544e-05	1.228937826305751e-05	1.318030097321878e-05	1.3631473904834214e-05
"AGCAGCCGTCGGGAGGAGTC"	"AGC---------------TC"	1.1171179870669925e-05	1.6567902547233086e-05	1.4017145479454892e-05	2.4170092385882514e-05
"AGCAGCCGTCGGGAGGAGTC"	"AGCAGCCGTC-GTAGGAGTC"	1.2875258156026354e-05	1.2926605284104937e-05	1.2343456466982667e-05	1.534972691804861e-05
"AGCAGCCGTCGGGAGGAGTC"	"AGCAGCC---GAGAGGAGTC"	1.637808574259235e-05	2.5671145705053466e-05	1.3598723226336836e-05	1.3287823302191335e-05
"AGCAGCCGTCGGGAGGAGTC"	"AGCAGCCGTCGGGAGGAATC"	1.0981837838963656e-05	1.2835572852526733e-05	1.2343456466982667e-05	1.569337752069149e-05
"AGCAGCCGTC--GGGAGGAGTC"	"AGCAGCCGTAAAGGGAGGAGTC"	1.069782479140425e-05	1.3199702578839548e-05	1.2343456466982667e-05	1.5922477922453407e-05
"AGCAGCCGTCGGGAGGAGTC"	"AGCAGCCGTC-GGAGGAGCC"	1.069782479140425e-05	1.2198345831479306e-05	1.621386230832469e-05	1.534972691804861e-05
"AGCAGCCGTC-GGGAGGAGTC"	"AGCAGCCGTCAGGGGGGTGTC"	1.126585088652306e-05	1.2653507989370325e-05	2.0921112655902824e-05	1.2944172699548455e-05
"AGCAGCCGTCGGGAGGAGTC"	"AGCAGCCGA-GGGAGGAGGC"	1.183387698164187e-05	1.0195632336758823e-05	1.3598723226336836e-05	1.603702812333437e-05
"AGCAGCCGTCGGGAGGAGTC"	"AGCAGCCGTC----GGAGGC"	1.1360521902376194e-05	1.1014924220962657e-05	1.318030097321878e-05	1.2600522096905576e-05
"AGCAGCCGTC-GGGAGGAGTC"	"AGCAGCCGTCCTGGAGGAGTC"	1.145519291822933e-05	1.1743183673588287e-05	1.422635660601392e-05	1.2600522096905576e-05
"AGCAGCCGTCGGGAGGAGTC"	"AGCA------------AGTC"	1.2875258156026354e-05	1.3654864736730567e-05	1.2552667593541694e-05	1.2371421695143655e-05
"AGCAGCCGTCGGGAGGAGTC"	"AGCAGCCGTCGGGAAGAGTC"	1.2117890029201275e-05	1.4292091757777993e-05	1.1297400834187525e-05	1.3402373503072293e-05
"AGCAGCCGTC--GGGAGGAGTC"	"AGCAGCCGTCGGGGGAGGAGTC"	1.0224469712138575e-05	1.4838286347247216e-05	1.370332878961635e-05	1.901533334623932e-05
"AGCAGCCGTC--GGGAGGAGTC"	"AGCAGCCGTCAAGGGAGGAGCC"	1.334861323529203e-05	1.4110026894621586e-05	1.7155312377840314e-05	1.2256871494262697e-05
"AGCAGCCGTC-GGGAGGAGTC"	"AGCAGCCGTCAGGTAGGTGTC"	1.202321901334814e-05	1.2744540420948528e-05	1.527241223880906e-05	1.2142321293381736e-05
"AGCAGCCGTC-GGGAGGAGTC"	"AGCAGCCGTCATGGAGGAGAC"	1.221256104505441e-05	1.0286664768337026e-05	1.1506611960746554e-05	1.2027771092500776e-05
"AGCAGCCGTCGGGAGGAGTC"	"AGCGGCCGTCGGGAGGAGTC"	1.372729729870457e-05	1.4201059326199789e-05	1.527241223880906e-05	1.2027771092500776e-05
"AGCAGCCGTCGGGAGGAGTC"	"AGCAGCCG--GGGAGGGGTC"	1.183387698164187e-05	1.1470086378853675e-05	1.5900045618486145e-05	1.1684120489857897e-05
"AGCAGCCGTCGGGAGGAGTC"	"ATCAGCCGTCGGGAGGAGTC"	1.2307232060907544e-05	1.2653507989370325e-05	1.3284906536498294e-05	1.1569570288976938e-05
"AGCAGCCGTCGGGAGGAGTC"	"AGCAGCCGTC-GGATGAGTC"	1.2969929171879489e-05	1.2744540420948528e-05	1.0460556327951412e-05	1.580792772157245e-05
"AGCAGCCGTCGGGAGGAGTC"	"AGCAGCCGTCCGGAGGAGTC"	1.145519291822933e-05	1.0559762063071638e-05	1.014673963811287e-05	1.1569570288976938e-05
"AGCAGCCGTC-GGGAGGAGTC"	"AGCAGCCGTCCGGGGGGAGTC"	1.183387698164187e-05	1.1014924220962657e-05	1.694610125128129e-05	1.0882269083691178e-05
"AGCAGCCGTC-----GGGAGGAGTC"	"AGCAGCCGTCTATAAGGGAGGAGTC"	1.7798150980389372e-05	1.3836929599886974e-05	1.6632284561442744e-05	1.0882269083691178e-05
"AGCAGCCGTCGGGAGGAGTC"	"AGCATCCGTCGGGAGGAGTC"	1.012979869628544e-05	1.2653507989370325e-05	1.066976745451044e-05	1.0767718882810219e-05
"AGCAGCCGTCGGGAGGAGTC"	"AGCAGCCGTC---------C"	1.3064600187732625e-05	1.3563832305152362e-05	1.2134245340423637e-05	1.0538618481048298e-05
"AGCAGCCGTCGGGAGGAGTC"	"AGCAGCCGT--GGAGGAGGC"	1.1549863934082465e-05	1.1288021515697269e-05	1.2343456466982667e-05	1.042406828016734e-05
"AGCAGCCGTCGGGAGGAGTC"	"AGCAGCCGTAGGGAGGAGAC"	1.1171179870669925e-05	1.0195632336758823e-05	1.192503421386461e-05	1.042406828016734e-05
"AGCAGCCGTC-GGGAGGAGTC"	"AGCAGCCGTCAGGGGGAAGTC"	1.278058714017322e-05	1.2198345831479306e-05	1.422635660601392e-05	1.042406828016734e-05
