"ref_align"	"read_align"	"freq_yjl217"	"freq_yjl218"	"freq_yjl219"	"freq_yjl220"
"AGCAGCCGTC-GGGAGGAGTC"	"AGCAGCCGTCAGGGAGGAGTC"	0.2361130650179057	0.26461168383147377	0.26285145529429643	0.2641855701908492
"AGCAGCCGTCGGGAGGAGTC"	"AGCAGCCGTCGGGAGGAGTC"	0.05897897114220418	0.06730652469257621	0.06747819099954216	0.06726983691693304
"AGCAGCCGTCGGGAGGAGTC"	"AGCAGCCGT-GGGAGGAGTC"	0.012823366627905113	0.013653905831952088	0.01391974298488086	0.013474563440712777
"AGCAGCCGTCGGGAGGAGTC"	"AGCAGCCGTC-GGAGGAGTC"	0.009732425483031392	0.010870163126581192	0.01064631155517032	0.010447999954294464
"AGCAGCCGTCGGGAGGAGTC"	"AGCAGCCG--GGGAGGAGTC"	0.009451224793320731	0.010462721051781766	0.010156109404062044	0.009904818220512073
"AGCAGCCGTCGGGAGGAGTC"	"AGCAGCC---GGGAGGAGTC"	0.007832013913363314	0.008410832087753652	0.008397109565642264	0.00807888204258042
"AGCAGCCGTCGGGAGGAGTC"	"AGCA------GGGAGGAGTC"	0.004294583705609914	0.00460833592679802	0.004500668499862863	0.004374591149694201
"AGCAGCCGTC--GGGAGGAGTC"	"AGCAGCCGTCAAGGGAGGAGTC"	0.003476560052698013	0.003908063394309778	0.003949324286972332	0.004080076099718054
"AGCAGCCGTCGGGAGGAGTC"	"AGCAGCCGT--GGAGGAGTC"	0.0034155280089323715	0.0037055285055994374	0.0035933948989937134	0.00351175632093285
"AGCAGCCGTCGGGAGGAGTC"	"AGCAGCC----GGAGGAGTC"	0.0031871030387644137	0.0033772618558156205	0.0032948777738215267	0.0032616613391150836
"AGCAGCCGTCGGGAGGAGTC"	"AGCAG-----GGGAGGAGTC"	0.002827548213290966	0.0031558968566614927	0.003038187680021079	0.0030335621466747796
"AGCAGCCGTCGGGAGGAGTC"	"AGCAGCCGTC--GAGGAGTC"	0.0025874672559847425	0.002787152882852842	0.002737139619829583	0.0026921989219206607
"AGCAGCCGTC-GGGAGGAGTC"	"AGCAGCCGTCTGGGAGGAGTC"	0.0025751637140054616	0.0027901182545762727	0.0028542286662491955	0.002812890103894397
"AGCAGCCGTCGGGAGGAGTC"	"AGCAGCCG------------"	0.002420883773133694	0.002587879903038275	0.002595407258748277	0.002437819046068324
"AGCAGCCGTCGGGAGGAGTC"	"AGCAGC-------------C"	0.0022458820773494544	0.002530796497362228	0.0024189078429280413	0.002276992689970777
"AGCAGCCGTCGGGAGGAGTC"	"AGCA----------------"	0.00210050601554164	0.0024560691299317654	0.0022485359539966593	0.002072174755118306
"AGCAGCCGTCGGGAGGAGTC"	"AGCAGCCGTC----GGAGTC"	0.0020022395684176496	0.002221656495194541	0.002136641984721944	0.0020934563954900062
"AGCAGCCGTC--GGGAGGAGTC"	"AGCAGCCGTCTAGGGAGGAGTC"	0.0018984689051450337	0.0021193511707361698	0.0020901527046304257	0.0021004550557464714
"AGCAGCCGTCGGGAGGAGTC"	"A---------GGGAGGAGTC"	0.0018555683969278057	0.002044772071891879	0.0019717315871480186	0.0018967797593032192
"AGCAGCCGTC--GGGAGGAGTC"	"AGCAGCCGTCCAGGGAGGAGTC"	0.001776242928903497	0.0020542612614068583	0.0020846912132729692	0.002170727317913428
"AGCAGCCGTCGGGAGGAGTC"	"AGCA-------GGAGGAGTC"	0.0017700911579138568	0.0020031085991776727	0.0018814171690905697	0.0017669474700557322
"AGCAGCCGTCGGGAGGAGTC"	"AGCAGC----GGGAGGAGTC"	0.0017351231964990595	0.0019337189008493863	0.0018884771457233793	0.0018497887547240957
"AGCAGCCGTCGGGAGGAGTC"	"AGCAGCCGTC---AGGAGTC"	0.0017095447802789763	0.0018769320323456817	0.0019239102359937057	0.001777516875341006
"AGCAGCCGTCGGGAGGAGTC"	"AGCAG---------------"	0.001660978167202869	0.0018545434758337773	0.001777249211980061	0.0016029788583328333
"AGCAGCCGTCGGGAGGAGTC"	"AGCAGCC-----GAGGAGTC"	0.0015716155991428316	0.0017010854891462205	0.0017042517177389372	0.0015941234106613877
"AGCAGCCGTCGGGAGGAGTC"	"AGCAGCCGT-----------"	0.0014312580873528816	0.0015458482794246053	0.0014552876361026957	0.001406159392344894
"AGCAGCCGTCGGGAGGAGTC"	"AGC-------GGGAGGAGTC"	0.0009455919565918088	0.0012780752127987817	0.0010057136524096433	0.0009219663664384246
"AGCAGCCGTCGGGAGGAGTC"	"AGCA--------GAGGAGTC"	0.0008892546854235244	0.0009369091960180396	0.0009359131287192256	0.0008736898936489301
"AGCAGCCGTCGGGAGGAGTC"	"AGCAGCCGT---GAGGAGTC"	0.0008688567079315593	0.0009419503279478723	0.0008882249846711922	0.0008361256559458618
"AGCAGCCGTCGGGAGGAGTC"	"AGCAGCCG------GGAGTC"	0.000844411512683252	0.0008863496081335402	0.0008942193044537663	0.0008429814864011747
"AGCAGCCGTCGGGAGGAGTC"	"AGCAGCC-------GGAGTC"	0.0008068533319043956	0.0009077002845422437	0.0009103373643135765	0.0008564074877094956
"AGCAGCCGTCGGGAGGAGTC"	"----------GGGAGGAGTC"	0.0007916357931405487	0.000864554125966322	0.0008269497157826576	0.0008362684857470142
"AGCAGCCGTCGGGAGGAGTC"	"A----------GGAGGAGTC"	0.0007830556914971031	0.0008123635836339355	0.0007682053819134322	0.0008141298665683997
"AGCAGCCGTCGGGAGGAGTC"	"AGC----------AGGAGTC"	0.000705025333154824	0.0007505355832003982	0.0007596801271115491	0.0006860115349347411
"AGCAGCCGTCGGGAGGAGTC"	"AG-----------------C"	0.0006687622620579973	0.000765510710403725	0.0006696321232666592	0.000645305041606321
"AGCAGCCGTCGGGAGGAGTC"	"AGCAGCCGT----AGGAGTC"	0.000611291769917937	0.0007013104125914428	0.0006869490470829842	0.0006735853422344865
"AGCAGCCGTC-GGGAGGAGTC"	"AGCAGCCGTCCGGGAGGAGTC"	0.0006062732199000726	0.0006534196592580313	0.0006876150826143813	0.0006735853422344865
"AGCAGCCGTCGGGAGGAGTC"	"AGCAGCC------AGGAGTC"	0.0005970455634156122	0.0007149511225192256	0.0007446277241019743	0.0006350212959233518
"AGCAGCCGTC--GGGAGGAGTC"	"AGCAGCCGTCGAGGGAGGAGTC"	0.0005905700150054645	0.0006675051749443289	0.0006860165973390282	0.0006665866819780213
"AGCAGCCGTCGGGAGGAGTC"	"AGCAGCCGT-----GGAGTC"	0.0005706577036442606	0.0006107183064406243	0.0006969395800539409	0.0006361639343325707
"AGCAGCCGTCGGGAGGAGTC"	"AGCAGCCGTC-------GTC"	0.0005282428615577936	0.0005563037353156645	0.0005449502717891193	0.0005179008589784242
"AGCAGCCGTCGGGAGGAGTC"	"AG--------GGGAGGAGTC"	0.0005143204324759761	0.0006378514577100184	0.0005988991498322856	0.000620452656205812
"AGCAGCCGTCGGGAGGAGTC"	"AGCAGCCGTC-----GAGTC"	0.0005015312243659345	0.0005696479080711043	0.0005324288037988536	0.0005366115629293821
"AGCAGCCGTC-GGGAGGAGTC"	"AGCAGCCGTCGGGGAGGAGTC"	0.0004685059274741816	0.0005076716390513954	0.0004983277845913213	0.0005358974139236203
"AGCAGCCGTCGGGAGGAGTC"	"AGCA---------AGGAGTC"	0.000435804408002936	0.0004734215956457668	0.000465159215127745	0.00045734102328982737
"AGCAGCCGTCGGGAGGAGTC"	"AGC--------GGAGGAGTC"	0.000398084338513826	0.00039602539366421645	0.00040668129547107826	0.00039906646441966825
"AGCAGCCGTCGGGAGGAGTC"	"AGCAG--------------C"	0.0003809241352269348	0.00042938582555281573	0.00038989720007987096	0.00037007201478574104
"AGCAGCCGTCGGGAGGAGTC"	"AGCAGCC----------GTC"	0.0003241011979278893	0.00035925478429367144	0.000355263352447221	0.00034207737375988023
"AGCAGCCGTCGGGAGGAGTC"	"AGCAG---------GGAGTC"	0.000320053980171547	0.00036207188743093093	0.00032142874745224757	0.0003107976473075154
"AGCAGCCGTCGGGAGGAGTC"	"A-----------GAGGAGTC"	0.0003059696623794759	0.0003589582471213283	0.0003364811504618224	0.0003096550088982966
"AGCAGCCGTC--GGGAGGAGTC"	"AGCAGCCGTCTCGGGAGGAGTC"	0.00029625633976425444	0.00031432940268369104	0.00029865033227846627	0.00034064907574835675
"AGCAGCCGTCGGGAGGAGTC"	"AGCAGCC--------GAGTC"	0.00027391569774924506	0.0002904581603100711	0.0002959861901528778	0.0002542370460511845
"AGCAGCCGTCGGGAGGAGTC"	"AGC-------------AGTC"	0.0002557841622008317	0.00028882720586218403	0.00025802216486324226	0.00027523302682058004
"AGCAGCCGTCGGGAGGAGTC"	"AGCAGC-----GGAGGAGTC"	0.00025497471864956324	0.0003082503906506574	0.0002577557506506834	0.0002618070255122591
"AGCAGCCGTCGGGAGGAGTC"	"-------------AGGAGTC"	0.0002512512783137283	0.0002685144095566814	0.0002235215243368717	0.00023395521428755067
"AGCAGCCGTCGGGAGGAGTC"	"AGCAGCCG-----------C"	0.000208998324937515	0.0002229959536020148	0.00021699437612918	0.00021610148914350682
"AGCAGCCGTCGGGAGGAGTC"	"AGCAGCCGTC------AGTC"	0.00020478921847091904	0.00025146352214695285	0.0002275177375252544	0.0002419536831520823
"AGCAGCCGTCGGGAGGAGTC"	"A------------AGGAGTC"	0.00019879933619153248	0.00022180980491264237	0.00021859286140453305	0.00018525025209459902
"AGCAGCCGTCGGGAGGAGTC"	"AGCAGCCG---------GTC"	0.00019426645230442914	0.00022121673056795617	0.00025282708771834475	0.00019910474280637706
"AGCAGCCGTCGGGAGGAGTC"	"AGCAGCCGTC--------TC"	0.0002017133329760989	0.00022121673056795617	0.00021592871927894462	0.00015754127067104298
"AGCAGCCGTCGGGAGGAGTC"	"AGCA-----------GAGTC"	0.00016739292640231644	0.00015434759820458604	0.00016371153361741082	0.00015425618524453891
"AGCAGCCGTCGGGAGGAGTC"	"AGCAGCC------------C"	0.00015168972150770841	0.00016932272540791282	0.00015864966357879274	0.0001455435673742455
"AGCAGCCGTCGGGAGGAGTC"	"AGC---------GAGGAGTC"	0.00015055650053593257	0.00016680215944299642	0.00016064777017298407	0.00013640246010049504
"AGCAGCCGTCGGGAGGAGTC"	"AGCAGCC-----------TC"	0.00014958516827441042	0.00016027834165144813	0.00014839271639527718	0.00017182425078627806
"AGCAGCCGTCGGGAGGAGTC"	"AGCAGCCGT--------GTC"	0.00014230017631299433	0.00015153049506732655	0.00014239839661270314	0.00014111584353852262
"AGCAGCCGTCGGGAGGAGTC"	"AGCAGCCGT------GAGTC"	0.00014068128921045743	0.00016398505630573694	0.00014785988797015947	0.00014625771638000727
"AGCAGCCGTC--GGGAGGAGTC"	"AGCAGCCGTCTGGGGAGGAGTC"	0.00014165262147197957	0.00012869713279690747	0.0001364040768301291	0.00013811641771432326
"AGCAGCCGTCGGGAGGAGTC"	"AGC-----------GGAGTC"	0.00013355818595929504	0.00014218957413851874	0.0001393346331682764	0.00013254605546938157
"AGCAGCCGTCGGGAGGAGTC"	"AGCA---------------C"	0.00010652277134692864	0.00011994928621278588	0.00010829737740517086	9.755275418705563e-05
"AGCAGCCGTCGGGAGGAGTC"	"AGCA--------------TC"	0.00011364587459809104	0.00012232158359153073	9.484345967094914e-05	9.169673233980924e-05
"AGCAGCCGTCGGGAGGAGTC"	"-----------GGAGGAGTC"	9.195278742409646e-05	0.00010764299356054704	0.00011216038348727413	8.4269582679887e-05
"AGCAGCCGTCGGGAGGAGTC"	"AG------------GGAGTC"	8.984823419079848e-05	0.00010467762183711598	9.630873784002279e-05	7.941336944070706e-05
"AGCAGCCGTCGGGAGGAGTC"	"AGCAG------------GTC"	0.00011040810039301723	0.00010942221659460566	0.0001120271763809947	7.75565820257265e-05
"AGCAGCCGTCGGGAGGAGTC"	"----------------AGTC"	8.725801482673942e-05	0.00010467762183711598	9.87064657530524e-05	9.49818177663133e-05
"AGCAGCCGTCGGGAGGAGTC"	"AGCAGC------GAGGAGTC"	7.997302286532332e-05	0.0001117945139733505	8.498613380627184e-05	8.041317804877352e-05
"AGCAGCCGTC-----GGGAGGAGTC"	"AGCAGCCGTCTTCCAGGGAGGAGTC"	6.426981797071531e-05	6.686913236337013e-05	7.07329734343736e-05	7.027226216695661e-05
"AGCAGCCGTCGGGAGGAGTC"	"AGCAGCCGT-------AGTC"	6.378415183995424e-05	7.205853287937446e-05	7.632767189810935e-05	6.71300065416049e-05
"AGCAGCCGTCGGGAGGAGTC"	"A--------------GAGTC"	6.167959860665624e-05	7.887888784326587e-05	7.672729321694762e-05	7.741375222457415e-05
"AGCAGCCGTCGGGAGGAGTC"	"AGCAGC-------AGGAGTC"	6.054637763488041e-05	6.968623550062963e-05	6.433903233296128e-05	7.241470918424188e-05
"AGCAGCCGTCGGGAGGAGTC"	"AGCAGC--------GGAGTC"	5.9413156663104576e-05	6.16797318473658e-05	7.273108002856493e-05	5.827455887015914e-05
"AGCAGCCGTC----GGGAGGAGTC"	"AGCAGCCGTCTCCAGGGAGGAGTC"	5.8765601822089814e-05	5.8121285779248534e-05	6.020961203829918e-05	5.4132494636740966e-05
"AGCAGCCGTCGGGAGGAGTC"	"AGCAGCCGT---------TC"	5.747049214006028e-05	7.176199570703136e-05	7.912502112997723e-05	6.85583045531284e-05
"AGCAGCCGTCGGGAGGAGTC"	"AGCAGCC---------AGTC"	5.730860342980659e-05	5.4859376883474385e-05	5.275001408665149e-05	6.727283634275724e-05
"AGCAGCCGTC---GGGAGGAGTC"	"AGCAGCCGTCAAAGGGAGGAGTC"	5.504216148625492e-05	7.250333863788911e-05	6.074244046341687e-05	6.82726449508237e-05
"AGCAGCCGTC---GGGAGGAGTC"	"AGCAGCCGTCGCAGGGAGGAGTC"	5.342327438371801e-05	5.589725698667525e-05	6.633713892715263e-05	9.083975353289513e-05
"AGCAGCCGTC---GGGAGGAGTC"	"AGCAGCCGTCTAAGGGAGGAGTC"	5.1480609860673716e-05	5.471110829730283e-05	5.767867701899014e-05	5.6846260858635634e-05
"AGCAGCCGTC---GGGAGGAGTC"	"AGCAGCCGTCTCAGGGAGGAGTC"	5.067116630940526e-05	6.360722346759598e-05	4.009533899010631e-05	6.15596442966632e-05
"AGCAGCCGTCGGGAGGAGTC"	"A-----------------TC"	4.710961468382406e-05	5.57489884005037e-05	4.502400192244496e-05	4.641968537451402e-05
"AGCAGCCGTC--GGGAGGAGTC"	"AGCAGCCGTCTTGGGAGGAGTC"	4.257673079672072e-05	3.454658057797171e-05	4.169382426545938e-05	3.7992727106525323e-05
"AGCAGCCGTC--GGGAGGAGTC"	"AGCAGCCGTCATGGGAGGAGTC"	3.7072514648095224e-05	4.922517060895539e-05	4.076137452150342e-05	5.384683503443626e-05
"AGCAGCCGTC---GGGAGGAGTC"	"AGCAGCCGTCGAAGGGAGGAGTC"	3.658684851733415e-05	4.759421616106832e-05	6.20745115262111e-05	5.95600270805303e-05
"AGCAGCCGTCGGGAGGAGTC"	"AG---------------GTC"	3.3996629153275096e-05	4.299788998975019e-05	3.569950448288535e-05	3.770706750422062e-05
"AGCAGCCGTCGGGAGGAGTC"	"AGCA------------AGTC"	3.480607270454355e-05	3.0691597337511345e-05	3.303536235729689e-05	3.45648118788689e-05
"AGCAGCCGTCGGGAGGAGTC"	"AGC------------GAGTC"	3.270151947124557e-05	4.1070398369520014e-05	2.7573870999840552e-05	3.256519466273599e-05
"AGCAGCCGTC---GGGAGGAGTC"	"AGCAGCCGTCACAGGGAGGAGTC"	3.561551625581201e-05	3.454658057797171e-05	2.61085928307669e-05	2.7566151622403712e-05
"AGCAGCCGTCGGGAGGAGTC"	"AGC----------------C"	3.0111300107186515e-05	3.929117533546138e-05	3.809723239591496e-05	4.056366352726764e-05
"AGCAGCCGTC--GGGAGGAGTC"	"AGCAGCCGTCGTGGGAGGAGTC"	2.8330524294395915e-05	2.5798733993850114e-05	3.6365540014282465e-05	2.713766221894666e-05
"AGCAGCCGTC---GGGAGGAGTC"	"AGCAGCCGTCGGAGGGAGGAGTC"	2.8006746873888533e-05	2.935718006196737e-05	2.9438770487752472e-05	2.7566151622403712e-05
"AGCAGCCGTCGGGAGGAGTC"	"AGC--------------GTC"	2.6064082350844243e-05	5.6193794159018355e-05	3.3701397888694006e-05	4.24204509422482e-05
"AGCAGCCGTC----GGGAGGAGTC"	"AGCAGCCGTCTAAAGGGAGGAGTC"	2.6064082350844243e-05	2.4612585304477697e-05	2.530935019309036e-05	3.685008869730651e-05
"AGCAGCCGTC---GGGAGGAGTC"	"AGCAGCCGTCTGAGGGAGGAGTC"	2.4768972668814714e-05	3.3953506233285494e-05	2.4510107555413822e-05	2.8137470827013114e-05
"AGCAGCCGTC-----GGGAGGAGTC"	"AGCAGCCGTCTAAAAGGGAGGAGTC"	2.4121417827799952e-05	2.5650465407678562e-05	2.3311243598899015e-05	2.1281640371700276e-05
"AGCAGCCGTCGGGAGGAGTC"	"------------GAGGAGTC"	3.092074365845497e-05	2.8171031372594953e-05	2.8106699424958243e-05	2.1138810570547924e-05
"AGCAGCCGTCGGGAGGAGTC"	"A---------------AGTC"	2.2988196856024114e-05	2.4316048132134592e-05	3.130366997566439e-05	3.585028008924006e-05
"AGCAGCCGTCGGGAGGAGTC"	"AGC---------------TC"	4.273861950697441e-05	3.4843117750314814e-05	4.6222865878959766e-05	1.8996363553262662e-05
"AGCAGCCGTCGGGAGGAGTC"	"AGCAGC-----------GTC"	2.6387859771351624e-05	1.9126647616130257e-05	2.171275832354594e-05	1.7568065541739152e-05
"AGCAGCCGTC--GGGAGGAGTC"	"AGCAGCCGTCGGGGGAGGAGTC"	2.0236088781711367e-05	2.001625913315957e-05	1.6384474072369022e-05	2.213861917861438e-05
"AGCAGCCGTC----GGGAGGAGTC"	"AGCAGCCGTCAAAAGGGAGGAGTC"	1.6998314576637548e-05	1.794049892675784e-05	1.398674615933941e-05	2.1424470172852627e-05
"AGCAGCCGTC----GGGAGGAGTC"	"AGCAGCCGTCTGCAGGGAGGAGTC"	1.554131618435433e-05	2.2536825098075962e-05	3.0637634444267276e-05	2.028183176363382e-05
"AGCAGCCGTC--GGGAGGAGTC"	"AGCAGCCGTCAGGGGAGGAGTC"	1.7969646838159695e-05	1.8237036099100944e-05	1.3453917734221718e-05	1.2426192700254522e-05
"AGCAGCCGTC-----GGGAGGAGTC"	"AGCAGCCGTCTTCAAGGGAGGAGTC"	1.4084317792071112e-05	1.5568201548013e-05	1.172222535258922e-05	1.6139767530215646e-05
"AGCAGCCGTCGGGAGGAGTC"	"AGCAGCCGTC---------C"	2.4607083958561024e-05	1.2009755479895744e-05	2.6375007043325745e-05	1.4997129120996837e-05
"AGCAGCCGTCGGGAGGAGTC"	"AGCAGC------------TC"	1.3274874240802657e-05	1.1564949721381085e-05	1.4519574584457102e-05	1.3997320512930382e-05
"AGCAGCCGTC---GGGAGGAGTC"	"AGCAGCCGTCGTAGGGAGGAGTC"	1.376054037156373e-05	1.541993296184145e-05	1.0256947183515567e-05	1.3997320512930382e-05
"AGCAGCCGTC-----GGGAGGAGTC"	"AGCAGCCGTCTGAAAGGGAGGAGTC"	1.1170321007504674e-05	1.0675338204351772e-05	1.0123740077236144e-05	1.3997320512930382e-05
"AGCAGCCGTCGGGAGGAGTC"	"AGCAGC---------GAGTC"	1.0846543586997293e-05	1.5568201548013e-05	1.3453917734221718e-05	1.0997894688731014e-05
"AGCAGCCGTC------GGGAGGAGTC"	"AGCAGCCGTCTCGTCAGGGAGGAGTC"	1.0846543586997293e-05	1.4085515686297477e-05	1.1589018246309796e-05	1.2140533097949821e-05
