"ref_align"	"read_align"	"freq_yjl233"	"freq_yjl234"	"freq_yjl235"	"freq_yjl236"
"AGCAGCCGTC-GGGAGGAGTC"	"AGCAGCCGTCAGGGAGGAGTC"	0.08422898458260984	0.09268592098059511	0.08980378174848014	0.09291971428882528
"AGCAGCCGTCGGGAGGAGTC"	"AGCAGCCGTCGGGAGGAGTC"	0.029557934924543082	0.03265637091349474	0.03139178428567059	0.03143423776535464
"AGCAGCCGTCGGGAGGAGTC"	"AGCAGCCGT-GGGAGGAGTC"	0.0030046636463725786	0.003090977436929419	0.002972362482084105	0.00329929629265502
"AGCAGCCGTCGGGAGGAGTC"	"AGCAGCCG--GGGAGGAGTC"	0.0023025257330580836	0.0024129548297107365	0.0022460716339203703	0.002473121091215703
"AGCAGCCGTCGGGAGGAGTC"	"AGCAGCCGTC-GGAGGAGTC"	0.0021740173245350116	0.0022571818822431115	0.0021140679053750313	0.0023248943715731512
"AGCAGCCGTCGGGAGGAGTC"	"AGCAGCC---GGGAGGAGTC"	0.0017055660618301768	0.0017401540409313257	0.001720219449053976	0.0019156614603455374
"AGCAGCCGTCGGGAGGAGTC"	"AGCA------GGGAGGAGTC"	0.0012224083245729713	0.0012823294138725812	0.0012153766346757807	0.001403265931372062
"AGCAGCCGTC--GGGAGGAGTC"	"AGCAGCCGTCAAGGGAGGAGTC"	0.0010994437179754006	0.001131981732315888	0.0010897838537426495	0.0010952086845438952
"AGCAGCCGTCGGGAGGAGTC"	"AGCAG-----GGGAGGAGTC"	0.0008633701526478161	0.0008851999491923848	0.0008612297093508074	0.0009496842214524677
"AGCAGCCGTC-GGGAGGAGTC"	"AGCAGCCGTCTGGGAGGAGTC"	0.00071792234935238	0.0007317327397369058	0.0007501581109609902	0.000795894032439954
"AGCAGCCGTC--GGGAGGAGTC"	"AGCAGCCGTCCAGGGAGGAGTC"	0.0006968251031358901	0.0008226737595688975	0.0007941078602543185	0.0007510683649448338
"AGCAGCCGTCGGGAGGAGTC"	"AGCAGC----GGGAGGAGTC"	0.0005776333617376185	0.0005693138415283896	0.0005914292273093392	0.0006165118843256165
"AGCAGCCGTCGGGAGGAGTC"	"AGCAGCCGTC--GAGGAGTC"	0.0005744764745300415	0.0006047815174211053	0.0005904251029845356	0.0006688084964032568
"AGCAGCCGTCGGGAGGAGTC"	"AGCAGCCGT--GGAGGAGTC"	0.0005882589820948288	0.0005621253641964053	0.000562000660559325	0.0006015699951605764
"AGCAGCCGTC--GGGAGGAGTC"	"AGCAGCCGTCTAGGGAGGAGTC"	0.0005581530577493997	0.0005770448454514673	0.0005829327907148469	0.0005955296569874751
"AGCAGCCGTCGGGAGGAGTC"	"A---------GGGAGGAGTC"	0.0005318969958522352	0.0005818597689474191	0.0005684116081715329	0.0006568867763247674
"AGCAGCCGTCGGGAGGAGTC"	"AGCAGCC----GGAGGAGTC"	0.000542676610707376	0.0005579885989393198	0.0005222218892305658	0.0005927479223024943
"AGCAGCCGTCGGGAGGAGTC"	"AGCAGCCGTC----GGAGTC"	0.00041863404262429106	0.0004424982508603624	0.00040172697025412995	0.000452469016045602
"AGCAGCCGTCGGGAGGAGTC"	"AGCAGCCGTC---AGGAGTC"	0.0003884511210298967	0.00040208001982392166	0.0003977104729549154	0.0004382424300852713
"AGCAGCCGTCGGGAGGAGTC"	"AGCA-------GGAGGAGTC"	0.0003580372076886065	0.00036084799890084113	0.00034673185338796183	0.00036424828746478024
"AGCAGCCGTCGGGAGGAGTC"	"AGC-------GGGAGGAGTC"	0.00034456268911968045	0.00035847444506480853	0.00041130477150610307	0.0003752162699369905
"AGCAGCCGTCGGGAGGAGTC"	"AGCAGC-------------C"	0.00033593899723556776	0.00035630433870043586	0.00034611393072654417	0.0003531213487248568
"AGCAGCCGTCGGGAGGAGTC"	"----------GGGAGGAGTC"	0.0003159197125045919	0.0003426055422753335	0.0003465001323899302	0.00038928389962960804
"AGCAGCCGTCGGGAGGAGTC"	"AGCAGCCG------------"	0.00035634326821137007	0.00036803647623282555	0.0003140591926655052	0.0004076433485504818
"AGCAGCCGTCGGGAGGAGTC"	"AGCA----------------"	0.0003234654429031905	0.00032605848124699196	0.00030703032239187976	0.00034406084146520484
"AGCAGCCGTCGGGAGGAGTC"	"AGCAGCC-----GAGGAGTC"	0.00028681475239571163	0.00028245290648787883	0.00027821967830328324	0.00031139532845014383
"AGCAGCCGTC--GGGAGGAGTC"	"AGCAGCCGTCGAGGGAGGAGTC"	0.000272647258586098	0.0002811644058340326	0.0002902691702009268	0.0002951817891433982
"AGCAGCCGTCGGGAGGAGTC"	"AGCAGCCGT-----------"	0.0003076810068653057	0.0002932356224858555	0.0002707273660335946	0.00033134434004814943
"AGCAGCCGTCGGGAGGAGTC"	"AGCAG---------------"	0.00022644890920692294	0.00021979108521661832	0.00023179823836428457	0.0002727689553958381
"AGCAGCCGTC-GGGAGGAGTC"	"AGCAGCCGTCCGGGAGGAGTC"	0.00022144408802417899	0.0002470530464190498	0.00022191147578160266	0.0002515482936561269
"AGCAGCCGTC-GGGAGGAGTC"	"AGCAGCCGTCGGGGAGGAGTC"	0.00020581364648422477	0.00020955089580973485	0.00020615444791545335	0.00021935964944420544
"AGCAGCCGTCGGGAGGAGTC"	"AG--------GGGAGGAGTC"	0.00019949987206907086	0.00019422451961135294	0.000326958328222598	0.00022325407800317864
"AGCAGCCGTCGGGAGGAGTC"	"AGCA--------GAGGAGTC"	0.00016654504951192598	0.00015760397471256433	0.00016096885329928992	0.00017636197902778691
"AGCAGCCGTCGGGAGGAGTC"	"AGCAGCCGT---GAGGAGTC"	0.00014159794084717147	0.0001611303975546699	0.00013926431981699602	0.00015816148637462637
"AGCAGCCGTCGGGAGGAGTC"	"AGCAGCC-------GGAGTC"	0.00013004835350237772	0.00012518801089474773	0.00013092236388785816	0.00013423856808379093
"AGCAGCCGTCGGGAGGAGTC"	"AGC----------AGGAGTC"	0.00012866240302100246	0.00012213629881984868	0.00013123132521856697	0.00019027065245269125
"AGCAGCCGTCGGGAGGAGTC"	"AGCAGCCGTC-------GTC"	0.00012704546079273134	0.00012790064385021356	0.00012682862625596644	0.00012700605790284068
"AGCAGCCGTCGGGAGGAGTC"	"AGCAGCCG------GGAGTC"	0.00013443719669339933	0.00013352935723280515	0.0001231210902874607	0.00014870358844569143
"AGCAGCCGTCGGGAGGAGTC"	"A----------GGAGGAGTC"	0.0001209626781244733	0.00012573053748584091	0.00012157628363391666	0.00015490288288650593
"AGCAGCCGTCGGGAGGAGTC"	"AGCAGCCGTC-----GAGTC"	0.00010756515680451253	0.0001242385893603347	0.00012157628363391666	0.00013845090917819053
"AGCAGCCGTCGGGAGGAGTC"	"AGCAGCCGT-----GGAGTC"	0.00011695882117827813	9.921455034616248e-05	0.00010473789111028652	0.00011889928824946787
"AGCAGCCGTCGGGAGGAGTC"	"AG-----------------C"	0.0001014053768872892	8.938125588259887e-05	0.00010504685244099534	0.0001059443524308427
"AGCAGCCGTCGGGAGGAGTC"	"AGCAGCCGT----AGGAGTC"	0.0001208086836265427	0.00010090994594332862	9.987175015162278e-05	0.0001225552824068713
"AGCAGCCGTCGGGAGGAGTC"	"AGCAGCC------AGGAGTC"	9.747851719005931e-05	8.795712358097931e-05	9.886762582681915e-05	0.00010030140492702437
"AGCAGCCGTCGGGAGGAGTC"	"AGCAGCC----------GTC"	8.708388857974493e-05	0.0001004352351761221	0.00010002623081697718	0.0001123026031393704
"AGCAGCCGTC--GGGAGGAGTC"	"AGCAGCCGTCTCGGGAGGAGTC"	9.478361347627411e-05	8.761804446154609e-05	8.071614764767656e-05	0.00010284470521043545
"AGCAGCCGTCGGGAGGAGTC"	"AGC--------GGAGGAGTC"	8.069311691562572e-05	8.395598997166723e-05	7.160178839176667e-05	8.74259472422558e-05
"AGCAGCCGTCGGGAGGAGTC"	"AGCAG--------------C"	8.877782805698135e-05	6.645950740891267e-05	6.943905907680501e-05	8.559795016355408e-05
"AGCAGCCGTCGGGAGGAGTC"	"AGCA---------AGGAGTC"	8.377300687423738e-05	7.968359306680856e-05	6.61949651043625e-05	8.583638456512387e-05
"AGCAGCCGTCGGGAGGAGTC"	"AGCAGC-----GGAGGAGTC"	5.751694497707291e-05	5.337105339879007e-05	5.947505616144589e-05	6.525154789626546e-05
"AGCAGCCGTCGGGAGGAGTC"	"A-----------GAGGAGTC"	6.275275790671276e-05	5.398139581376988e-05	6.271915013388839e-05	5.6826865707466265e-05
"AGCAGCCGTCGGGAGGAGTC"	"AGCAGCCGTC------AGTC"	5.043319807226608e-05	5.4117027461543175e-05	5.0437937238213205e-05	5.6985821975179454e-05
"AGCAGCCGTCGGGAGGAGTC"	"AGC-------------AGTC"	4.6352343877105616e-05	5.0726236267210896e-05	4.974277424411838e-05	5.992651292787352e-05
"AGCAGCCGTCGGGAGGAGTC"	"AGCAGCCGTC--------TC"	4.7661297109515576e-05	4.564004947571248e-05	4.487663328545462e-05	5.786008144760201e-05
"AGCAGCCGTCGGGAGGAGTC"	"AGCAG---------GGAGTC"	4.565936863641799e-05	4.611476024291899e-05	4.340906696458778e-05	5.897277532159436e-05
"AGCAGCCGTCGGGAGGAGTC"	"-------------AGGAGTC"	5.374407977777362e-05	4.625039189069229e-05	4.255942330513855e-05	4.546149256597301e-05
"AGCAGCCGTC--GGGAGGAGTC"	"AGCAGCCGTCTGGGGAGGAGTC"	4.073154470263932e-05	3.729870313765507e-05	3.939256966537325e-05	4.180549840856959e-05
"AGCAGCCGTCGGGAGGAGTC"	"AGCAGCC--------GAGTC"	3.8652618980576445e-05	3.777341390486159e-05	4.39497492933282e-05	4.673314270767855e-05
"AGCAGCCGTCGGGAGGAGTC"	"-----------GGAGGAGTC"	3.418677854058952e-05	3.404354359109608e-05	2.865616342324211e-05	3.52882914323287e-05
"AGCAGCCGTC---GGGAGGAGTC"	"AGCAGCCGTCGAAGGGAGGAGTC"	3.2492839063353106e-05	3.614583413158209e-05	2.7497558433084074e-05	2.8373693786804832e-05
"AGCAGCCGTCGGGAGGAGTC"	"AGCAGCCG-----------C"	2.733402338267856e-05	3.790904555263488e-05	4.016497299214528e-05	3.926219812515851e-05
"AGCAGCCGTCGGGAGGAGTC"	"AGCAGCCG---------GTC"	2.6641048141990934e-05	3.1466542283403545e-05	3.0278210409463362e-05	4.2202889077852565e-05
"AGCAGCCGTCGGGAGGAGTC"	"A------------AGGAGTC"	3.3801792295763065e-05	2.8550461856277787e-05	2.6647914773634847e-05	3.409611942447976e-05
"AGCAGCCGTC---GGGAGGAGTC"	"AGCAGCCGTCGCAGGGAGGAGTC"	2.78730041254356e-05	2.251485353036633e-05	2.4098983795287167e-05	3.083751593635931e-05
"AGCAGCCGTCGGGAGGAGTC"	"AGCAGCCGT------GAGTC"	2.3638155432344556e-05	2.699069790688494e-05	2.3094859470483535e-05	2.9565865794653777e-05
"AGCAGCCGTCGGGAGGAGTC"	"AGCAGCC------------C"	2.8411984868192645e-05	2.271830100202627e-05	2.2785898139774723e-05	2.455874336168822e-05
"AGCAGCCGTCGGGAGGAGTC"	"AGC---------GAGGAGTC"	2.7103031635782686e-05	2.8211382736844562e-05	2.239969647638871e-05	3.0440125267076334e-05
"AGCAGCCGTCGGGAGGAGTC"	"AGCAGCCGT--------GTC"	2.2021213204073433e-05	2.2921748473686207e-05	2.7188597102375263e-05	3.433455382604955e-05
"AGCAGCCGTCGGGAGGAGTC"	"AGC-----------GGAGTC"	2.3176171938552808e-05	1.8039009153847725e-05	2.015972682874984e-05	2.996325646393676e-05
"AGCAGCCGTCGGGAGGAGTC"	"AGCA-----------GAGTC"	1.971129573511468e-05	2.6583802963565067e-05	2.5643790448831215e-05	2.598934977110695e-05
"AGCAGCCGTCGGGAGGAGTC"	"AGCAGC------GAGGAGTC"	2.1174243465455222e-05	2.0209115518220382e-05	1.9310083169300612e-05	2.3684483889265658e-05
"AGCAGCCGTCGGGAGGAGTC"	"AGCAG------------GTC"	1.917231499235764e-05	1.7903377506074433e-05	2.1163851153553472e-05	2.153857427513756e-05
"AGCAGCCGTC---GGGAGGAGTC"	"AGCAGCCGTCTAAGGGAGGAGTC"	1.8941323245461763e-05	2.298956429757285e-05	2.0932130155521864e-05	2.2969180684556292e-05
"AGCAGCCGTC---GGGAGGAGTC"	"AGCAGCCGTCAAAGGGAGGAGTC"	2.1174243465455222e-05	1.9870036398787153e-05	1.8769400840560196e-05	2.885056258994441e-05
"AGCAGCCGTC--GGGAGGAGTC"	"AGCAGCCGTCATGGGAGGAGTC"	2.009628197994114e-05	2.3803354184212597e-05	1.8383199177174184e-05	2.0823271070428196e-05
"AGCAGCCGTCGGGAGGAGTC"	"----------------AGTC"	1.8248348004774136e-05	2.0751642109313547e-05	2.0623168824813056e-05	2.70225655112427e-05
"AGCAGCCGTCGGGAGGAGTC"	"AGCAGCC-----------TC"	1.7632370013051804e-05	2.5702197253038673e-05	2.0314207494104244e-05	2.598934977110695e-05
"AGCAGCCGTC--GGGAGGAGTC"	"AGCAGCCGTCTTGGGAGGAGTC"	1.4860469050301302e-05	2.2040142763159813e-05	2.0854889822844664e-05	2.0982227338141388e-05
"AGCAGCCGTC---GGGAGGAGTC"	"AGCAGCCGTCTCAGGGAGGAGTC"	1.4860469050301302e-05	1.6547061028341522e-05	1.4212221212605251e-05	1.8438927054730313e-05
"AGCAGCCGTC--GGGAGGAGTC"	"AGCAGCCGTCGTGGGAGGAGTC"	1.3782507564787219e-05	1.2071216651822913e-05	1.6915632856307337e-05	1.645197370831541e-05
"AGCAGCCGTCGGGAGGAGTC"	"AGCA--------------TC"	1.4706474552370718e-05	1.3834428072875698e-05	1.3285337220478821e-05	1.9472142794866063e-05
"AGCAGCCGTC-----GGGAGGAGTC"	"AGCAGCCGTCTTCCAGGGAGGAGTC"	1.6862397523398885e-05	1.641142938056823e-05	1.2049491897643583e-05	1.7008320645311582e-05
"AGCAGCCGTC----GGGAGGAGTC"	"AGCAGCCGTCTCCAGGGAGGAGTC"	1.3320524070995467e-05	1.5529823670041836e-05	1.3748779216542037e-05	1.2319110747772406e-05
"AGCAGCCGTCGGGAGGAGTC"	"AGCAGC-------AGGAGTC"	1.4090496560648384e-05	1.688614014777475e-05	1.0968127240162748e-05	1.7962058251590734e-05
"AGCAGCCGTCGGGAGGAGTC"	"A--------------GAGTC"	2.0635262722698182e-05	1.45804021356288e-05	1.0504685244099534e-05	1.4306064094187311e-05
"AGCAGCCGTCGGGAGGAGTC"	"AGCA---------------C"	2.2329202199934597e-05	2.0141299694333737e-05	1.0427444911422332e-05	1.4147107826474119e-05
"AGCAGCCGTCGGGAGGAGTC"	"------------GAGGAGTC"	1.0625620357210257e-05	1.3563164777329116e-05	1.0195723913390724e-05	1.494188916504008e-05
