"ref_align"	"read_align"	"freq_yjl229"	"freq_yjl230"	"freq_yjl231"	"freq_yjl232"
"GACTCCTCCC-GACGGCTGCT"	"GACTCCTCCCTGACGGCTGCT"	0.24078263618711845	0.2479350172834386	0.2550168522976544	0.2540679502511898
"GACTCCTCCCGACGGCTGCT"	"GACTCCTCCCGACGGCTGCT"	0.06455513616923056	0.06735405145242258	0.07014217941237501	0.06940188854694586
"GACTCCTCCCGACGGCTGCT"	"GACTCCTCCC-ACGGCTGCT"	0.006929547072485875	0.00702987500574886	0.006850430598723331	0.007050878707384848
"GACTCCTCCCGACGGCTGCT"	"GACTCCTCC-GACGGCTGCT"	0.005503639456494403	0.005759997769361962	0.00581811037643011	0.005696604827369346
"GACTCCTCCCGACGGCTGCT"	"GACTCCTCCC--CGGCTGCT"	0.004936350476820433	0.004892019972543281	0.00497889523097655	0.005165152497649653
"GACTCCTCCCGACGGCTGCT"	"GACTCCTCC---CGGCTGCT"	0.00397685298426069	0.004007216242249855	0.004054406675452121	0.004041505849982354
"GACTCCTCCC--GACGGCTGCT"	"GACTCCTCCCTTGACGGCTGCT"	0.003801154170717942	0.004144628032293613	0.004123841309543599	0.004095917208830314
"GACTCCTCCCGACGGCTGCT"	"GACTCCTCC------CTGCT"	0.0026093349689488344	0.0024761364195407098	0.002455090270623886	0.00260805903544287
"GACTCCTCCC--GACGGCTGCT"	"GACTCCTCCCTGGACGGCTGCT"	0.0021458399087885536	0.0023263856116154708	0.002455090270623886	0.0023077147453660594
"GACTCCTCCCGACGGCTGCT"	"GACTCCTCCC-----CTGCT"	0.0017493913038715838	0.0017648801745153771	0.0017193071319448433	0.0017142382746326392
"GACTCCTCCC-GACGGCTGCT"	"GACTCCTCCCAGACGGCTGCT"	0.001742147813318288	0.0017098353350051367	0.0016753105320020869	0.001701817419520071
"GACTCCTCCC--GACGGCTGCT"	"GACTCCTCCCTAGACGGCTGCT"	0.00156671400552749	0.0015318009341437771	0.001574438327406058	0.0015919529526856773
"GACTCCTCCCGACGGCTGCT"	"GACTCCTC--GACGGCTGCT"	0.0014966641517620807	0.001590611577812651	0.0015814777833968992	0.001556613616526693
"GACTCCTCCCGACGGCTGCT"	"GACTCCTCC--ACGGCTGCT"	0.0014428679841162618	0.0016252249266749856	0.0015167627845720083	0.0015732816027422684
"GACTCCTCCCGACGGCTGCT"	"GACTCCTC----CGGCTGCT"	0.0014072688781043327	0.0013371809702858821	0.0013033392779406008	0.0013505876907562873
"GACTCCTCCCGACGGCTGCT"	"GACTCCTCCC----GCTGCT"	0.0011942925887873062	0.00111059173282597	0.0010902357465815042	0.0011853502504845736
"GACTCCTCCCGACGGCTGCT"	"GACTCCTCC---------CT"	0.00108475687798137	0.0010968906155679626	0.0010176013597669171	0.0011313395643821802
"GACTCCTCCCGACGGCTGCT"	"GACTCC----GACGGCTGCT"	0.0010409425936589954	0.0010550661523593084	0.0010617579473458291	0.0010350178363479417
"GACTCCTCCCGACGGCTGCT"	"GACTCCT---GACGGCTGCT"	0.000960557515567542	0.0009885636533876934	0.0009913633874374188	0.0009623358003021393
"GACTCCTCCCGACGGCTGCT"	"------------CGGCTGCT"	0.0008519934925187552	0.0008308806196815027	0.0008067376553139974	0.0008496666242487787
"GACTCCTCCCGACGGCTGCT"	"GACTCCTC-------CTGCT"	0.0007877737652962425	0.0007898573914002173	0.0007591413335577427	0.000820096975625955
"GACTCCTCCCGACGGCTGCT"	"----------------TGCT"	0.0007651599411298555	0.000696994263318167	0.0006778676143907599	0.0007400425610617251
"GACTCCTCCCGACGGCTGCT"	"-------------GGCTGCT"	0.0007353909616608229	0.0007825661535611607	0.0007061054321722017	0.0007580728346122274
"GACTCCTCCCGACGGCTGCT"	"GACTCCT-----CGGCTGCT"	0.0007273524538516775	0.0006897831489718474	0.0006751478245761168	0.0006869934895486918
"GACTCCTCCCGACGGCTGCT"	"GACTCCTCCC-------GCT"	0.0006462606937550246	0.0006284886770281299	0.0006271515337294734	0.0006847497221735183
"GACTCCTCCCGACGGCTGCT"	"GACTCCTCCC----------"	0.000628328637873085	0.0006084578038439085	0.0005965139014056993	0.000664155143051389
"GACTCCTCCCGACGGCTGCT"	"GACTCCTC---ACGGCTGCT"	0.00039733195742346924	0.00042385327657812436	0.0004143679776426878	0.00043513060168545395
"GACTCCTCCCGACGGCTGCT"	"GACTCCT--------CTGCT"	0.00038973512586757363	0.0003610364582724061	0.0003241349508509982	0.00034113277557550227
"GACTCCTCCC-GACGGCTGCT"	"GACTCCTCCCCGACGGCTGCT"	0.00035130929183484596	0.00039605042459842505	0.00040324883692988205	0.00039249902155715535
"GACTCCTCCCGACGGCTGCT"	"GACTCCTCCC--------CT"	0.0003405323912555522	0.00035126139215850604	0.0002960571207057119	0.0003594835873224579
"GACTCCTCCCGACGGCTGCT"	"GACTCC------CGGCTGCT"	0.0003207452951099637	0.0003113598927755371	0.0003351740977457262	0.0003439374847944693
"GACTCCTCCCGACGGCTGCT"	"GACTC-------CGGCTGCT"	0.00031650520307876617	0.00031480520296322314	0.00027549870945973293	0.0003115631269526786
"GACTCCTCCCGACGGCTGCT"	"GACTCCT----ACGGCTGCT"	0.0003028132392280241	0.000304389148907428	0.0002951771887068567	0.0003003442900768106
"GACTCCTCCCGACGGCTGCT"	"GACTC-----GACGGCTGCT"	0.0002946863961682288	0.0003075940886169035	0.00029053754725834785	0.00029545608258089664
"GACTCCTCCCGACGGCTGCT"	"GACTCC-----ACGGCTGCT"	0.0002928313559045799	0.00031352322707943296	0.0002700591298304467	0.0002698130268646268
"GACTCCTCCCGACGGCTGCT"	"GACTCCTC----------CT"	0.0002922130091500303	0.00030430902541469113	0.0002902975658041147	0.00032863178591382075
"GACTCCTCCCGACGGCTGCT"	"----------GACGGCTGCT"	0.0002653590929524459	0.0002382071439067606	0.0002598199211164961	0.0002387208218086496
"GACTCCTCCCGACGGCTGCT"	"GACTC----------CTGCT"	0.0002619140181770979	0.00028924580878015666	0.0002590999767537965	0.00026308172473910594
"GACTCCTCCCGACGGCTGCT"	"GAC-------GACGGCTGCT"	0.0002568789088900508	0.00027450308611656976	0.0002737388454620227	0.0002503403314300844
"GACTCCTCCCGACGGCTGCT"	"GACTCCT------GGCTGCT"	0.0002546705276238021	0.00024790208652792375	0.00023046218988196593	0.0002851988602943887
"GACTCCTCCC--GACGGCTGCT"	"GACTCCTCCCGAGACGGCTGCT"	0.00021253461306377654	0.00023412084577717945	0.00021590331499181744	0.00021764543539184032
"GACTCCTCCCGACGGCTGCT"	"-----------------GCT"	0.0002062628102676302	0.00020527638839190068	0.0001998245575581919	0.00023920162910332965
"GACTCCTCCC-----GACGGCTGCT"	"GACTCCTCCCGACGAGACGGCTGCT"	0.0001957509154402863	0.00018925168984452355	0.00018750550957422012	0.00017998219730856898
"GACTCCTCCCGACGGCTGCT"	"GACTCCTCC--------GCT"	0.00017967389982199563	0.00017763378339767517	0.00018734552193806463	0.00018326771382221605
"GACTCCTCCCGACGGCTGCT"	"GACTCCT---------TGCT"	0.0001823239573414941	0.00016521464202345792	0.00014566874271956264	0.00017509398981265504
"GACTCCTCCC-GACGGCTGCT"	"GACTCCTCCCGGACGGCTGCT"	0.00014928657359841328	0.0001554395759095579	0.00015310816780079236	0.0001440819193057912
"GACTCCTCCCGACGGCTGCT"	"GACTCCTCC-----GCTGCT"	0.00013621295650222088	0.00013508820875438897	0.00013814932382025518	0.00014888999225259178
"GACTCCTCCCGACGGCTGCT"	"GACTCC---------CTGCT"	0.00011916425312678078	0.00010063510687752819	0.00010991150603881332	0.00012829541313046257
"GACTCCTCCCGACGGCTGCT"	"GACT------GACGGCTGCT"	0.00010944737555528642	0.00012395104326396188	0.0001310298740113364	0.00013767115537672374
"GACTCCTCCCGACGGCTGCT"	"GACT--------CGGCTGCT"	0.00010573729502798858	0.00010688473931100527	0.00010655176567954828	0.00011034527412907368
"GACTCCTCCCGACGGCTGCT"	"GACTCCT-----------CT"	0.0001046772720201892	0.00010936856758584872	0.00010287205004797229	0.00011859913268774803
"GACTCCTCCCGACGGCTGCT"	"GACTCC--------------"	0.00010432393101758941	0.00011401573016458808	0.00011511110421386635	0.00016171152011072671
"GACTCCTCCCGACGGCTGCT"	"GA--------GACGGCTGCT"	0.0001039705900149896	0.00011481696509195693	0.00011207133912691227	0.0001089028522450335
"GACTCCTCCCGACGGCTGCT"	"GA-------------CTGCT"	0.0001172208776124819	0.00010488165199258313	0.00010591181513492638	9.335674971704491e-05
"GACTCCTCCC--GACGGCTGCT"	"GACTCCTCCCCAGACGGCTGCT"	0.00010017217423704182	0.00010095560084847574	8.839316897590154e-05	9.680253532891867e-05
"GACTCCTCCCGACGGCTGCT"	"GACTC-------------CT"	9.610875270714418e-05	9.470596841499867e-05	8.29535893466153e-05	0.00010529679753493305
"GACTCCTCCCGACGGCTGCT"	"G-----------CGGCTGCT"	8.03850780914533e-05	8.781534803962651e-05	8.359353989123721e-05	8.686585123886411e-05
"GACTCCTCCCGACGGCTGCT"	"GAC---------CGGCTGCT"	7.322992278880747e-05	6.97074386810904e-05	6.871468972877776e-05	7.083894141619545e-05
"GACTCCTCCC-----GACGGCTGCT"	"GACTCCTCCCTGGAAGACGGCTGCT"	7.102154152255875e-05	6.0573360509085445e-05	5.775553665212753e-05	5.801741355806053e-05
"GACTCCTCCCGACGGCTGCT"	"GACTCCTCC-----------"	7.049153001865906e-05	5.592619793034608e-05	6.1595239919859e-05	5.4812031593526795e-05
"GACTCCTCCC---GACGGCTGCT"	"GACTCCTCCCTTAGACGGCTGCT"	5.980296469001526e-05	6.63422519861412e-05	6.231518428255864e-05	6.48288502326947e-05
"GACTCCTCCC---GACGGCTGCT"	"GACTCCTCCCTTTGACGGCTGCT"	5.8831276932865826e-05	6.225595385656004e-05	7.199443626996506e-05	6.394737019244793e-05
"GACTCCTCCCGACGGCTGCT"	"GACTCCTC---------GCT"	5.7064571919866854e-05	6.658262246435185e-05	6.767477009376716e-05	6.803423219722844e-05
"GACTCCTCCCGACGGCTGCT"	"GACT-----------CTGCT"	5.724124242116675e-05	5.8009408741505106e-05	6.431502973450212e-05	5.104570778519966e-05
"GACTCCTCCCGACGGCTGCT"	"G------------GGCTGCT"	6.0509646695214855e-05	6.073360749455922e-05	5.863546865098265e-05	5.0084093195839545e-05
"GACTCCTCCCGACGGCTGCT"	"GAC--------ACGGCTGCT"	6.863648975501013e-05	6.938694471014285e-05	4.863624139126528e-05	7.92530690730965e-05
"GACTCCTCCC---GACGGCTGCT"	"GACTCCTCCCTGAGACGGCTGCT"	5.4856190653618135e-05	4.9676565496869014e-05	4.831626611895433e-05	5.072516958874629e-05
"GACTCCTCCCGACGGCTGCT"	"GACTC------ACGGCTGCT"	5.02627576198208e-05	6.369817672582398e-05	6.287514100910282e-05	5.320934061125993e-05
"GACTCCTCCCGACGGCTGCT"	"GA-----------GGCTGCT"	4.955607561462122e-05	5.119891185886984e-05	4.583645775854442e-05	4.6237634838399065e-05
"GACTCCTCCCGACGGCTGCT"	"GACTCCT------------T"	4.8761058358771675e-05	5.688767984318871e-05	6.79947453660781e-05	7.188069055466892e-05
"GACTCCTCCC----GACGGCTGCT"	"GACTCCTCCCTGGAGACGGCTGCT"	4.71710238470726e-05	4.294619210697063e-05	5.3755845748240575e-05	5.0965573236086315e-05
"GACTCCTCCC--GACGGCTGCT"	"GACTCCTCCCATGACGGCTGCT"	4.240092031197537e-05	4.350705655612883e-05	5.439579629286249e-05	4.4554809307018856e-05
"GACTCCTCCCGACGGCTGCT"	"GA--------------TGCT"	3.771915202752809e-05	3.5013966326018964e-05	3.487730468189418e-05	3.5900278002777786e-05
"GACTCCTCCCGACGGCTGCT"	"GACTCC-----------GCT"	4.4874307330173935e-05	5.512496300297723e-05	3.351740977457262e-05	4.5997231191059034e-05
"GACTCCTCCC------GACGGCTGCT"	"GACTCCTCCCGACGAAGACGGCTGCT"	4.293093181587506e-05	3.7658041586336186e-05	3.1597558140706886e-05	4.2551445579185277e-05
"GACTCCTCCCGACGGCTGCT"	"GACTCCTC------GCTGCT"	4.999775186787096e-05	3.637606570254602e-05	3.063763232377402e-05	5.168678417810641e-05
"GACTCCTCCC--GACGGCTGCT"	"GACTCCTCCCAAGACGGCTGCT"	3.233070173788122e-05	4.2785945121496864e-05	4.263670503543486e-05	4.615750028928572e-05
"GACTCCTCCCGACGGCTGCT"	"GACT-------ACGGCTGCT"	3.188902548463148e-05	3.236989106570174e-05	5.17560002962971e-05	3.0691532310410474e-05
"GACTCCTCCCGACGGCTGCT"	"GACTCCT-------GCTGCT"	4.019253904572665e-05	2.780285197969927e-05	2.89577621441415e-05	3.726256533770462e-05
"GACTCCTCCCGACGGCTGCT"	"GAC------------CTGCT"	4.743602959902245e-05	4.25455746432862e-05	3.615720577113801e-05	2.6444401207403278e-05
"GACTCCTCCCGACGGCTGCT"	"GA----------------CT"	2.8620621210583374e-05	3.7738165079073075e-05	4.27166988535126e-05	4.439454020879217e-05
"GACTCCTCCC---GACGGCTGCT"	"GACTCCTCCCTGTGACGGCTGCT"	3.224236648723127e-05	3.052705073275338e-05	2.583800323910968e-05	3.3175703332924114e-05
"GACTCCTCCCGACGGCTGCT"	"GAC-----------------"	2.8002274456033737e-05	2.780285197969927e-05	3.215751486725106e-05	3.0451128663070443e-05
"GACTCCTCCC------GACGGCTGCT"	"GACTCCTCCCGACGCAGACGGCTGCT"	2.6853916197584402e-05	3.036680374727961e-05	2.439811451371038e-05	2.652453575651662e-05
"GACTCCTCCCGACGGCTGCT"	"G---------------TGCT"	2.6147234192384814e-05	3.741767110812553e-05	2.3358194878699775e-05	4.086862004780507e-05
"GACTCCTCCCGACGGCTGCT"	"GA---------ACGGCTGCT"	3.188902548463148e-05	2.9886062790858293e-05	3.135757668647367e-05	2.3158884693756205e-05
"GACTCCTCCCGACGGCTGCT"	"GACT--------------CT"	2.5528887437835172e-05	2.7322111023277957e-05	3.447733559150549e-05	3.381677972583086e-05
"GACTCCTCCC--GACGGCTGCT"	"GACTCCTCCCGTGACGGCTGCT"	4.0987556301576194e-05	3.2049397094754205e-05	2.2558256697922385e-05	3.1492877801543905e-05
"GACTCCTCCCGACGGCTGCT"	"GACTCC------------CT"	2.3850517675486147e-05	3.140840915285912e-05	3.0237663233385325e-05	4.0628216400465037e-05
"GACTCCTCCCGACGGCTGCT"	"GACTCC--------GCTGCT"	2.2613824166386865e-05	2.692149355959353e-05	2.7677861054897677e-05	2.7406015796763398e-05
"GACTCCTCCC-----GACGGCTGCT"	"GACTCCTCCCTTTTAGACGGCTGCT"	2.084711915338789e-05	2.067186112611646e-05	2.1038374154445345e-05	1.9632964532769102e-05
"GACTCCTCCC---GACGGCTGCT"	"GACTCCTCCCTCAGACGGCTGCT"	2.349717667288635e-05	2.427741829927631e-05	2.2558256697922385e-05	1.8671349943408982e-05
"GACTCCTCCC----GACGGCTGCT"	"GACTCCTCCCTTTAGACGGCTGCT"	2.03171076494882e-05	2.227433098085417e-05	1.9518491610968305e-05	1.859121539429564e-05
"GACTCCTCCCGACGGCTGCT"	"GACTCCTC------------"	1.810872638323948e-05	1.874889730043121e-05	2.3118213424466557e-05	2.572319026538319e-05
"GACTCCTCCC----GACGGCTGCT"	"GACTCCTCCCTGCAGACGGCTGCT"	1.696036812479015e-05	1.938988524232629e-05	1.5678788343236836e-05	1.9632964532769102e-05
"GACTCCTCCC------GACGGCTGCT"	"GACTCCTCCCGACGTAGACGGCTGCT"	1.6430356620890455e-05	2.2674948444538598e-05	2.4958071240254554e-05	1.8671349943408982e-05
"GACTCCTCCC--GACGGCTGCT"	"GACTCCTCCCCTGACGGCTGCT"	1.537033361309107e-05	2.0912231604327116e-05	1.839857815787996e-05	1.5225564331535221e-05
"GACTCCTCCCGACGGCTGCT"	"GAC--------------GCT"	1.4751986858541432e-05	1.71464274456935e-05	2.0238435973667956e-05	1.891175359074901e-05
"GACTCCTCCCGACGGCTGCT"	"G---------GACGGCTGCT"	2.4557199680685736e-05	1.570420457642956e-05	2.3118213424466557e-05	1.3142066054588296e-05
"GACTCCTCCCGACGGCTGCT"	"GACT---------GGCTGCT"	2.6147234192384814e-05	2.019112016969515e-05	1.215906034781632e-05	1.915215723808904e-05
"GACTCCTCCCGACGGCTGCT"	"GA---------------GCT"	1.3691963850742048e-05	1.1858276925059055e-05	1.1839085075505364e-05	1.3542738800155012e-05
"GACTCCTCCC--GACGGCTGCT"	"GACTCCTCCCCCGACGGCTGCT"	1.6695362372840304e-05	1.874889730043121e-05	1.967847924712378e-05	1.177977871966146e-05
"GACTCCTCCCGACGGCTGCT"	"G----------------GCT"	1.9080414140388917e-05	1.426198170716562e-05	1.1999072711660843e-05	1.1058567777641371e-05
"GACTCCTCCC-----GACGGCTGCT"	"GACTCCTCCCTTGAAGACGGCTGCT"	1.1041906331243586e-05	1.3540870272533651e-05	1.975847306520152e-05	1.202018236700149e-05
"GACTCCTCCC----GACGGCTGCT"	"GACTCCTCCCTTTTGACGGCTGCT"	1.086523582994369e-05	1.4181858214428734e-05	1.983846688327926e-05	1.8751484492522325e-05
"GACTCCTCCC---GACGGCTGCT"	"GACTCCTCCCTCTGACGGCTGCT"	1.077690057929374e-05	1.4582475678113163e-05	1.66387141601697e-05	1.3302335152814983e-05
"GACTCCTCCCGACGGCTGCT"	"GA-----------------T"	1.0423559576693945e-05	1.3220376301586109e-05	1.5198825434770402e-05	1.7789869903162205e-05
