"ref_align"	"read_align"	"freq_yjl267"	"freq_yjl268"	"freq_yjl269"	"freq_yjl270"
"AGCAGCCGTCCTGTGGATAA"	"AGCAGCCGTCCTGTGGATAA"	0.8692975198795633	0.880138099370321	0.8663865135644871	0.8755958492530401
"AGCAGCCGTCCTGTGGATAA"	"AGCAGCCGT-CTGTGGATAA"	0.009276405615245424	0.008938019226872594	0.009948611319413672	0.009200641909104875
"AGCAGCCGTCCTGTGGATAA"	"AGCAGCCG--CTGTGGATAA"	0.003885472979836368	0.003565809269774421	0.003980611292189169	0.0036966692123461403
"AGCAGCCGTCCTGTGGATAA"	"AGCAGCC---CTGTGGATAA"	0.0023795930004882762	0.002193821127499251	0.002392474758388611	0.002241653136988133
"AGCAGCCGTCCTGTGGATAA"	"AGCAGCCGTC--GTGGATAA"	0.0020878883003577656	0.0019452616017236282	0.0021750433465137203	0.001973362098406169
"AGCAGCCGTCCTGTGGATAA"	"AGCAGCCG---TGTGGATAA"	0.001781051944312704	0.0016226630682701602	0.001789403396888774	0.0016474617070493954
"AGCAGCCGTCCTGTGGATAA"	"AGCAGC----CTGTGGATAA"	0.001761857158569246	0.0016134459673143467	0.001789646472810378	0.0016578231014333538
"AGCAGCCGTCCTGTGGATAA"	"AGCA------CTGTGGATAA"	0.0013776812278498128	0.0013012733349420447	0.0013888142780851744	0.0013029108058014967
"AGCAGCCGTCCTGTGGATAA"	"AGCAGCC-----GTGGATAA"	0.0011624754548428655	0.0010921509132560496	0.0011023493044747118	0.0011202739607935888
"AGCAGCCGTC--CTGTGGATAA"	"AGCAGCCGTCTCCTGTGGATAA"	0.0011568711378374763	0.001063290810263257	0.001214650380255818	0.0010963736777479247
"AGCAGCCGTCCTGTGGATAA"	"AGCAG-----CTGTGGATAA"	0.001047026524531847	0.0010566424095738178	0.0011459814324026524	0.0010658421022965272
"AGCAGCCGTCCTGTGGATAA"	"AGCAGCCGTC---TGGATAA"	0.0009803351521677148	0.0009646225000313533	0.0009926005258704487	0.0009409527619885478
"AGCAGCCGTCCTGTGGATAA"	"AGCAGCCGT--TGTGGATAA"	0.0008968308287874149	0.0008750201907395938	0.0008900224869535075	0.000851568466436266
"AGCAGCCGTC-CTGTGGATAA"	"AGCAGCCGTCGCTGTGGATAA"	0.0009488108690124003	0.0008250060855531311	0.001008521998735519	0.000917466934718242
"AGCAGCCGTCCTGTGGATAA"	"A---------CTGTGGATAA"	0.0008388261477816362	0.0007441675771701778	0.0009126285476626913	0.0008028008368691016
"AGCAGCCGTC-CTGTGGATAA"	"AGCAGCCGTCCCTGTGGATAA"	0.0007544811768505279	0.0007180272744594284	0.0007882952137621809	0.000754585815002415
"AGCAGCCGTCCTGTGGATAA"	"AG--------CTGTGGATAA"	0.0007556020402516058	0.00069823317240678	0.0007791798667020261	0.0007225345683747034
"AGCAGCCGTCCTGTGGATAA"	"AGC-------CTGTGGATAA"	0.0006925534739409767	0.0006362821659824606	0.0006739279926474396	0.0006584320751192804
"AGCAGCCGTCCTGTGGATAA"	"AGCAGCCG----GTGGATAA"	0.0005773847594802276	0.0005558969576465146	0.0005819237563202778	0.0005538510678038596
"AGCAGCCGTCCTGTGGATAA"	"AGCAGCCGTC----GGATAA"	0.0005356325977900777	0.0004948525513162095	0.0005532407975709909	0.0004972087785048867
"AGCAGCCGTC-CTGTGGATAA"	"AGCAGCCGTCACTGTGGATAA"	0.0005108334950412303	0.0004770227494672591	0.000549473120786127	0.0004955509554034534
"AGCAGCCGTCCTGTGGATAA"	"AGCAGCCGTC--------AA"	0.00048211137038861037	0.00045934404763397775	0.0005047471512109677	0.00046128927797383073
"AGCAGCCGTC-CTGTGGATAA"	"AGCAGCCGTCTCTGTGGATAA"	0.00046123528954353536	0.0004468027463334448	0.0005065702206229987	0.0004641904684013391
"AGCAGCCGTCCTGTGGATAA"	"----------CTGTGGATAA"	0.0004290104667625472	0.0003732170387026069	0.00038965070233141407	0.0003895884288368382
"AGCAGCCGTCCTGTGGATAA"	"AGCA--------GTGGATAA"	0.00039790650738263684	0.00035553833686932554	0.0004159029018646597	0.00039318037888994375
"AGCAGCCGTCCTGTGGATAA"	"AGCA-------TGTGGATAA"	0.00033555848069768144	0.0003028044314008195	0.0003570785288364612	0.00030890770456708163
"AGCAGCCGTCCTGTGGATAA"	"AGCAGCC------TGGATAA"	0.0002994106360129208	0.0002810460291444732	0.00028658651157126465	0.0003069735776154094
"AGCAGCCGTC--CTGTGGATAA"	"AGCAGCCGTCGGCTGTGGATAA"	0.0002910041605048369	0.0002600431269664723	0.00032244021000787324	0.0002747841790625784
"AGCAGCCGTCCTGTGGATAA"	"AGCAG------TGTGGATAA"	0.00027615272044055535	0.0002438754252898816	0.00028391267643361923	0.0002633175692776644
"AGCAGCCGTCCTGTGGATAA"	"AGCAGCCG----------AA"	0.00020259605974482143	0.00020322952107490133	0.0002130560452860165	0.00019852431639664413
"AGCAGCCGTC--CTGTGGATAA"	"AGCAGCCGTCCCCTGTGGATAA"	0.0002453289769109145	0.00018872391957067047	0.000239065168897658	0.00022366796676838332
"AGCAGCCGTCCTGTGGATAA"	"AGCAGCCGTC-------TAA"	0.00020637897372345919	0.00018570191925728903	0.00019652688261693593	0.00017407142565050216
"AGCAGCCGTCCTGTGGATAA"	"AGCAGCCG---------TAA"	0.00018101943927407283	0.00018464421914760553	0.0001910576743808431	0.00018843922586292454
"AGCAGCCGTCCTGTGGATAA"	"AGCAG-------GTGGATAA"	0.00018242051852542014	0.00018011121867753338	0.00016517008873000367	0.0001742095775756216
"AGCAGCCGTCCTGTGGATAA"	"AGCAGCCGTC------ATAA"	0.0001643465961830398	0.00015774841635851077	0.00016881622755406556	0.00015942732158784087
"AGCAGCCGTCCTGTGGATAA"	"AGCAGCC-----------AA"	0.00016042357427926732	0.00015684181626449635	0.00018206386528149042	0.0001670256774694104
"AGCAGCCGTCCTGTGGATAA"	"AGCAGCCGT----TGGATAA"	0.00014613256591552472	0.00013070151355374697	0.00015301629264979737	0.00014892777527876296
"AGCAGCCGTCCTGTGGATAA"	"AGCAGCC-------GGATAA"	0.00013310252887799472	0.00012858611333437994	0.00013296252911745697	0.00013069172116299607
"AGCAGCCGTCCTGTGGATAA"	"AGCAGCCGTC-----GATAA"	0.00013282231302772526	0.00012526191298966037	0.0001654131646516078	0.0001329021519649072
"AGCAGCCGTCCTGTGGATAA"	"AGCAGCCG------GGATAA"	0.00012595702469612343	0.00012616851308367482	0.00012858716252858268	0.0001128701228225875
"AGCAGCCGTCCTGTGGATAA"	"A-----------GTGGATAA"	0.000123575189968833	0.00012314651277029338	0.00011777028401719907	0.0001128701228225875
"AGCAGCCGTCCTGTGGATAA"	"A----------TGTGGATAA"	0.00012917950697422225	0.00011559151198683979	0.00013794558551034154	0.0001247511883828599
"AGCAGCCGTC--CTGTGGATAA"	"AGCAGCCGTCAACTGTGGATAA"	0.00012847896734854858	0.00010909421131306971	0.00015374552041460973	0.00012917204998668215
"AGCAGCCGTCCTGTGGATAA"	"AGCA---------TGGATAA"	0.00010718256272806943	0.00010577001096835014	0.00010427957036817009	0.00010154166496279293
"AGCAGCCGTC--CTGTGGATAA"	"AGCAGCCGTCAGCTGTGGATAA"	0.00010872374990455147	0.00010561891095268106	0.00012372564409650016	0.0001002982976367179
"AGCAGCCGTCCTGTGGATAA"	"AGCAGCCGTC---------A"	9.401241776540469e-05	0.00010410791079599036	8.568426236545444e-05	8.869353592668443e-05
"AGCAGCCGTCCTGTGGATAA"	"AGCA--------------AA"	0.00010900396575482094	9.504190985584605e-05	0.00010634571570180515	9.891677838552345e-05
"AGCAGCCGTCCTGTGGATAA"	"AGCAG-------------AA"	8.252356790435673e-05	7.902530819492447e-05	8.44688827574338e-05	8.137148389535379e-05
"AGCAGCCGTCCTGTGGATAA"	"AGCAGCCGTC----------"	9.471295739107835e-05	7.872310816358632e-05	8.531964848304825e-05	7.487834341473981e-05
"AGCAGCCGTCCTGTGGATAA"	"AGCA----------GGATAA"	8.392464715570404e-05	7.313240758383066e-05	6.879048581396768e-05	7.639801459105373e-05
"AGCAGCCGTC--CTGTGGATAA"	"AGCAGCCGTCGACTGTGGATAA"	7.635881919842855e-05	7.29813075681616e-05	8.665656605187095e-05	7.349682416354535e-05
"AGCAGCCGTCCTGTGGATAA"	"AGCAGCC--------GATAA"	8.210324412895254e-05	7.147030741147088e-05	8.349657907101731e-05	7.101008951139532e-05
"AGCAGCCGTCCTGTGGATAA"	"AGC---------GTGGATAA"	6.571061688818897e-05	6.557740680037709e-05	8.02150541293616e-05	6.451694903078136e-05
"AGCAGCCGTC--CTGTGGATAA"	"AGCAGCCGTCTTCTGTGGATAA"	6.416942971170693e-05	7.313240758383066e-05	7.061355522599862e-05	5.526077004777846e-05
"AGCAGCCGTC--CTGTGGATAA"	"AGCAGCCGTCCGCTGTGGATAA"	7.201547351925188e-05	5.9986706220621436e-05	8.556272440465237e-05	7.446388763938148e-05
"AGCAGCCGTCCTGTGGATAA"	"AGC-----------------"	7.103471804330876e-05	5.9080106126607004e-05	7.146432095161307e-05	6.216836630375076e-05
"AGCAGCCGTCCTGTGGATAA"	"AG---------TGTGGATAA"	7.495773994708124e-05	5.8324606048261644e-05	6.514434698990579e-05	7.653616651617316e-05
"AGCAGCCGTC--CTGTGGATAA"	"AGCAGCCGTCTGCTGTGGATAA"	6.052662365820391e-05	5.4547105656534857e-05	5.894591098900057e-05	5.014914881835895e-05
"AGCAGCCGTCCTGTGGATAA"	"AGCAGCC----------TAA"	5.618327797902724e-05	5.197840539016064e-05	5.250439906649123e-05	4.9734693043000614e-05
"AGCAGCCGTCCTGTGGATAA"	"AGC---------------AA"	6.13672712090123e-05	5.137400532748435e-05	6.380742942108309e-05	5.318849117098677e-05
"AGCAGCCGTC--CTGTGGATAA"	"AGCAGCCGTCCACTGTGGATAA"	6.080683950847338e-05	4.850310502977199e-05	6.429358126429134e-05	5.4017402721703446e-05
"AGCAGCCGTCCTGTGGATAA"	"AGCAGC------GTGGATAA"	4.483453604311401e-05	4.668990484174313e-05	4.715672879120046e-05	3.9925906359519936e-05
"AGCAGCCGTCCTGTGGATAA"	"AGCAG---------GGATAA"	5.46420908025452e-05	4.3516804512692625e-05	5.3841316635313924e-05	5.6780441224092366e-05
"AGCAGCCGTC--CTGTGGATAA"	"AGCAGCCGTCATCTGTGGATAA"	4.245270131582358e-05	3.732170387026069e-05	4.1444444633503496e-05	3.4952437055219876e-05
"AGCAGCCGTCCTGTGGATAA"	"AGC----------TGGATAA"	3.993075866339842e-05	3.717060385459162e-05	3.877060949585811e-05	4.0340362134878274e-05
"AGCAGCCGTCCTGTGGATAA"	"AGCAGCCG-----------A"	4.7496586620673906e-05	3.6717303807584404e-05	4.1565982594305555e-05	3.923514673392271e-05
"AGCAGCCGTC--CTGTGGATAA"	"AGCAGCCGTCGTCTGTGGATAA"	4.189226961528465e-05	3.6112903744908115e-05	3.974291318227461e-05	4.158372946095329e-05
"AGCAGCCGTCCTGTGGATAA"	"AG----------GTGGATAA"	4.189226961528465e-05	3.596180372923905e-05	4.484750753596126e-05	4.6557198765253356e-05
"AGCAGCCGTCCTGTGGATAA"	"AGCAGCCGT-------ATAA"	3.208471485585347e-05	3.112660322782875e-05	3.840599561345192e-05	3.398537357938375e-05
"AGCAGCCGTCCTGTGGATAA"	"AGCAGCC---------ATAA"	3.6988492235569056e-05	3.0220003133814326e-05	3.366601514217146e-05	4.1998185236311634e-05
"AGCAGCCGTCCTGTGGATAA"	"A-----------------AA"	4.133183791474573e-05	2.9917803102476182e-05	3.8649071535056045e-05	3.301831010354763e-05
"AGCAGCCGTCCTGTGGATAA"	"AGCAGCCGT--------TAA"	3.3205578256931316e-05	3.384640350987204e-05	3.001987631810957e-05	2.7354081173650337e-05
"AGCAGCCGTCCTGTGGATAA"	"AGCA-----------GATAA"	2.7461153326407333e-05	2.976670308680711e-05	3.159986980853639e-05	3.343276587890597e-05
"AGCAGCCGTCCTGTGGATAA"	"A------------TGGATAA"	3.068363560450615e-05	3.4753003603886474e-05	3.439524290698384e-05	2.5972561922455877e-05
"AGCAGCCGTCCTGTGGATAA"	"-----------TGTGGATAA"	4.5535075668787666e-05	2.810460291444732e-05	3.877060949585811e-05	4.0340362134878274e-05
"AGCAGCCGTCCTGTGGATAA"	"AGCAGCC------------A"	3.1244067305045076e-05	2.765130286744011e-05	3.184294573014051e-05	3.453798127986154e-05
"AGCAGCCGTCCTGTGGATAA"	"AGC-------------ATAA"	3.44665495831439e-05	2.7349102836101964e-05	3.2936787377359084e-05	2.5972561922455877e-05
"AGCAGCCGTCCTGTGGATAA"	"AGCAGCCGT----------A"	2.3538131422634857e-05	2.432710252272053e-05	2.3456826434798166e-05	2.4176586895903076e-05
"AGCAGCCGTC--CTGTGGATAA"	"AGCAGCCGTCTACTGTGGATAA"	3.1944606930718734e-05	2.2060602287684457e-05	2.929064855329719e-05	2.3762131120544737e-05
"AGCAGCCGTC---CTGTGGATAA"	"AGCAGCCGTCGGGCTGTGGATAA"	2.6060074075060018e-05	2.1607302240677244e-05	2.6252199533245614e-05	2.5281802296858646e-05
"AGCAGCCGTCCTGTGGATAA"	"AGCAG------------TAA"	2.3398023497500124e-05	2.7198002820432892e-05	2.406451623880848e-05	1.8926813741364122e-05
"AGCAGCCGTCCTGTGGATAA"	"A-------------GGATAA"	2.830180087721572e-05	2.039850211532467e-05	2.8318344866880688e-05	1.8512357966005784e-05
"AGCAGCCGTCCTGTGGATAA"	"AGC-----------GGATAA"	1.639262724076356e-05	2.1607302240677244e-05	2.126914314036103e-05	2.624886577269477e-05
"AGCAGCCGTCCTGTGGATAA"	"AGCA------------ATAA"	1.737338271670668e-05	1.767870183328138e-05	1.6893776551486762e-05	2.1828004168872494e-05
"AGCAGCCGTCCTGTGGATAA"	"AGCAG--------------A"	1.723327479157195e-05	1.752760181761231e-05	1.652916266908057e-05	1.9203117591603015e-05
"AGCAGCCGTCCTGTGGATAA"	"AG----------------AA"	1.933489366859292e-05	1.662100172359788e-05	2.0904529257954843e-05	1.7130838714811324e-05
"AGCAGCCGTCCTGTGGATAA"	"AGCAGCCG------------"	1.5692087615089905e-05	1.8283101895957666e-05	1.7744542277101202e-05	1.5196711763139077e-05
"AGCAGCCGTC---CTGTGGATAA"	"AGCAGCCGTCGCGCTGTGGATAA"	1.8494246117784528e-05	1.5563301613914376e-05	1.7136852473090887e-05	1.9617573366961354e-05
"AGCAGCCGTCCTGTGGATAA"	"AGCAGC-------TGGATAA"	2.0315649144536035e-05	1.5110001566907163e-05	2.406451623880848e-05	1.4782255987780739e-05
"AGCAGCCGTCCTGTGGATAA"	"AGCAGCCGT------GATAA"	1.9895325369131843e-05	1.5110001566907163e-05	1.531378306105994e-05	2.0170181067439137e-05
"AGCAGCCGTC---CTGTGGATAA"	"AGCAGCCGTCCCCCTGTGGATAA"	1.723327479157195e-05	1.4354501488561805e-05	1.8230694120309455e-05	1.588747138873631e-05
"AGCAGCCGTC---CTGTGGATAA"	"AGCAGCCGTCGAGCTGTGGATAA"	1.863435404291926e-05	1.4807801535569019e-05	1.883838392431977e-05	1.3124432886347385e-05
"AGCAGCCGTCCTGTGGATAA"	"------------GTGGATAA"	1.723327479157195e-05	1.4203401472892733e-05	2.00537635323404e-05	1.5196711763139077e-05
"AGCAGCCGTCCTGTGGATAA"	"AGCAGCC-------------"	1.667284309103302e-05	1.4958901551238091e-05	1.081687851138361e-05	1.4091496362183507e-05
"AGCAGCCGTC-----CTGTGGATAA"	"AGCAGCCGTCGGACGCTGTGGATAA"	1.9475001593727648e-05	1.5261101582576235e-05	2.1755294983569283e-05	1.2157369410511262e-05
"AGCAGCCGTC---CTGTGGATAA"	"AGCAGCCGTCAAACTGTGGATAA"	1.1769065711317428e-05	1.299460134754016e-05	1.3247637727424871e-05	1.2709977110989047e-05
"AGCAGCCGTC-----CTGTGGATAA"	"AGCAGCCGTCTGACGCTGTGGATAA"	1.2329497411856353e-05	1.2541301300532945e-05	1.6650700629882637e-05	1.0914002084436247e-05
"AGCAGCCGTCCTGTGGATAA"	"AGCAGC--------GGATAA"	1.83541381926498e-05	1.6016601660921592e-05	2.1026067218756906e-05	1.0499546309077909e-05
"AGCAGCCGTCCTGTGGATAA"	"AGCAGC------------AA"	1.0508094385104846e-05	1.7225401786274165e-05	1.1059954432987737e-05	1.2848129036108492e-05
"AGCAGCCGTCCTGTGGATAA"	"------------------AA"	1.5551979689955172e-05	1.0879201128173156e-05	1.2639947923414556e-05	2.3209523420066954e-05
"AGCAGCCGTC-----CTGTGGATAA"	"AGCAGCCGTCGACGGCTGTGGATAA"	1.6953058941302487e-05	1.0728101112504086e-05	2.126914314036103e-05	1.7821598340408555e-05
